[24Dec2025 19:08:24.164] [main/INFO] [cpw.mods.modlauncher.Launcher/MODLAUNCHER]: ModLauncher running: args [--launchTarget, forgeserver, --fml.forgeVersion, 47.3.7, --fml.mcVersion, 1.20.1, --fml.forgeGroup, net.minecraftforge, --fml.mcpVersion, 20230612.114412, nogui]
[24Dec2025 19:08:24.168] [main/INFO] [cpw.mods.modlauncher.Launcher/MODLAUNCHER]: ModLauncher 10.0.9+10.0.9+main.dcd20f30 starting: java version 17.0.17 by Ubuntu; OS Linux arch amd64 version 6.8.0-1030-azure
[24Dec2025 19:08:24.191] [main/DEBUG] [cpw.mods.modlauncher.LaunchServiceHandler/MODLAUNCHER]: Found launch services [fmlclientdev,forgeclient,minecraft,forgegametestserverdev,fmlserveruserdev,fmlclient,fmldatauserdev,forgeserverdev,forgeserveruserdev,forgeclientdev,forgeclientuserdev,forgeserver,forgedatadev,fmlserver,fmlclientuserdev,fmlserverdev,forgedatauserdev,testharness,forgegametestserveruserdev]
[24Dec2025 19:08:24.203] [main/DEBUG] [cpw.mods.modlauncher.NameMappingServiceHandler/MODLAUNCHER]: Found naming services : [srgtomcp]
[24Dec2025 19:08:24.217] [main/DEBUG] [cpw.mods.modlauncher.LaunchPluginHandler/MODLAUNCHER]: Found launch plugins: [mixin,eventbus,slf4jfixer,object_holder_definalize,runtime_enum_extender,capability_token_subclass,accesstransformer,runtimedistcleaner]
[24Dec2025 19:08:24.227] [main/DEBUG] [cpw.mods.modlauncher.TransformationServicesHandler/MODLAUNCHER]: Discovering transformation services
[24Dec2025 19:08:24.231] [main/DEBUG] [net.minecraftforge.fml.loading.FMLPaths/CORE]: Path GAMEDIR is /workspaces/chochigang/servidor_minecraft
[24Dec2025 19:08:24.231] [main/DEBUG] [net.minecraftforge.fml.loading.FMLPaths/CORE]: Path MODSDIR is /workspaces/chochigang/servidor_minecraft/mods
[24Dec2025 19:08:24.232] [main/DEBUG] [net.minecraftforge.fml.loading.FMLPaths/CORE]: Path CONFIGDIR is /workspaces/chochigang/servidor_minecraft/config
[24Dec2025 19:08:24.232] [main/DEBUG] [net.minecraftforge.fml.loading.FMLPaths/CORE]: Path FMLCONFIG is /workspaces/chochigang/servidor_minecraft/config/fml.toml
[24Dec2025 19:08:25.340] [main/DEBUG] [cpw.mods.modlauncher.TransformationServicesHandler/MODLAUNCHER]: Found additional transformation services from discovery services: 
[24Dec2025 19:08:25.346] [main/INFO] [net.minecraftforge.fml.loading.ImmediateWindowHandler/]: ImmediateWindowProvider not loading because launch target is forgeserver
[24Dec2025 19:08:25.355] [main/DEBUG] [cpw.mods.modlauncher.TransformationServicesHandler/MODLAUNCHER]: Found transformer services : [mixin,fml]
[24Dec2025 19:08:25.355] [main/DEBUG] [cpw.mods.modlauncher.TransformationServicesHandler/MODLAUNCHER]: Transformation services loading
[24Dec2025 19:08:25.356] [main/DEBUG] [cpw.mods.modlauncher.TransformationServiceDecorator/MODLAUNCHER]: Loading service mixin
[24Dec2025 19:08:25.356] [main/DEBUG] [cpw.mods.modlauncher.TransformationServiceDecorator/MODLAUNCHER]: Loaded service mixin
[24Dec2025 19:08:25.356] [main/DEBUG] [cpw.mods.modlauncher.TransformationServiceDecorator/MODLAUNCHER]: Loading service fml
[24Dec2025 19:08:25.357] [main/DEBUG] [net.minecraftforge.fml.loading.LauncherVersion/CORE]: Found FMLLauncher version 1.0
[24Dec2025 19:08:25.358] [main/DEBUG] [net.minecraftforge.fml.loading.FMLLoader/CORE]: FML 1.0 loading
[24Dec2025 19:08:25.358] [main/DEBUG] [net.minecraftforge.fml.loading.FMLLoader/CORE]: FML found ModLauncher version : 10.0.9+10.0.9+main.dcd20f30
[24Dec2025 19:08:25.358] [main/DEBUG] [net.minecraftforge.fml.loading.FMLLoader/CORE]: FML found AccessTransformer version : 8.0.4+66+master.c09db6d7
[24Dec2025 19:08:25.359] [main/DEBUG] [net.minecraftforge.fml.loading.FMLLoader/CORE]: FML found EventBus version : 6.0.5+6.0.5+master.eb8e549b
[24Dec2025 19:08:25.361] [main/DEBUG] [net.minecraftforge.fml.loading.FMLLoader/CORE]: Found Runtime Dist Cleaner
[24Dec2025 19:08:25.363] [main/DEBUG] [net.minecraftforge.fml.loading.FMLLoader/CORE]: FML found CoreMod version : 5.1.6
[24Dec2025 19:08:25.364] [main/DEBUG] [net.minecraftforge.fml.loading.FMLLoader/CORE]: Found ForgeSPI package implementation version 7.0.1+7.0.1+master.d2b38bf6
[24Dec2025 19:08:25.364] [main/DEBUG] [net.minecraftforge.fml.loading.FMLLoader/CORE]: Found ForgeSPI package specification 5
[24Dec2025 19:08:25.364] [main/DEBUG] [cpw.mods.modlauncher.TransformationServiceDecorator/MODLAUNCHER]: Loaded service fml
[24Dec2025 19:08:25.365] [main/DEBUG] [cpw.mods.modlauncher.TransformationServicesHandler/MODLAUNCHER]: Configuring option handling for services
[24Dec2025 19:08:25.372] [main/DEBUG] [cpw.mods.modlauncher.TransformationServicesHandler/MODLAUNCHER]: Transformation services initializing
[24Dec2025 19:08:25.373] [main/DEBUG] [cpw.mods.modlauncher.TransformationServiceDecorator/MODLAUNCHER]: Initializing transformation service mixin
[24Dec2025 19:08:25.389] [main/DEBUG] [mixin/]: MixinService [ModLauncher] was successfully booted in cpw.mods.cl.ModuleClassLoader@7a3d45bd
[24Dec2025 19:08:25.412] [main/INFO] [mixin/]: SpongePowered MIXIN Subsystem Version=0.8.5 Source=union:/workspaces/chochigang/servidor_minecraft/libraries/org/spongepowered/mixin/0.8.5/mixin-0.8.5.jar%2365!/ Service=ModLauncher Env=SERVER
[24Dec2025 19:08:25.416] [main/DEBUG] [mixin/]: Initialising Mixin Platform Manager
[24Dec2025 19:08:25.417] [main/DEBUG] [mixin/]: Adding mixin platform agents for container ModLauncher Root Container(ModLauncher:4f56a0a2)
[24Dec2025 19:08:25.417] [main/DEBUG] [mixin/]: Instancing new MixinPlatformAgentMinecraftForge for ModLauncher Root Container(ModLauncher:4f56a0a2)
[24Dec2025 19:08:25.418] [main/DEBUG] [mixin/]: MixinPlatformAgentMinecraftForge rejected container ModLauncher Root Container(ModLauncher:4f56a0a2)
[24Dec2025 19:08:25.418] [main/DEBUG] [mixin/]: Instancing new MixinPlatformAgentDefault for ModLauncher Root Container(ModLauncher:4f56a0a2)
[24Dec2025 19:08:25.418] [main/DEBUG] [mixin/]: MixinPlatformAgentDefault accepted container ModLauncher Root Container(ModLauncher:4f56a0a2)
[24Dec2025 19:08:25.422] [main/DEBUG] [cpw.mods.modlauncher.TransformationServiceDecorator/MODLAUNCHER]: Initialized transformation service mixin
[24Dec2025 19:08:25.422] [main/DEBUG] [cpw.mods.modlauncher.TransformationServiceDecorator/MODLAUNCHER]: Initializing transformation service fml
[24Dec2025 19:08:25.422] [main/DEBUG] [net.minecraftforge.fml.loading.FMLServiceProvider/CORE]: Setting up basic FML game directories
[24Dec2025 19:08:25.423] [main/DEBUG] [net.minecraftforge.fml.loading.FMLPaths/CORE]: Path GAMEDIR is /workspaces/chochigang/servidor_minecraft
[24Dec2025 19:08:25.423] [main/DEBUG] [net.minecraftforge.fml.loading.FMLPaths/CORE]: Path MODSDIR is /workspaces/chochigang/servidor_minecraft/mods
[24Dec2025 19:08:25.423] [main/DEBUG] [net.minecraftforge.fml.loading.FMLPaths/CORE]: Path CONFIGDIR is /workspaces/chochigang/servidor_minecraft/config
[24Dec2025 19:08:25.423] [main/DEBUG] [net.minecraftforge.fml.loading.FMLPaths/CORE]: Path FMLCONFIG is /workspaces/chochigang/servidor_minecraft/config/fml.toml
[24Dec2025 19:08:25.423] [main/DEBUG] [net.minecraftforge.fml.loading.FMLServiceProvider/CORE]: Loading configuration
[24Dec2025 19:08:25.426] [main/DEBUG] [net.minecraftforge.fml.loading.FMLServiceProvider/CORE]: Preparing ModFile
[24Dec2025 19:08:25.429] [main/DEBUG] [net.minecraftforge.fml.loading.FMLServiceProvider/CORE]: Preparing launch handler
[24Dec2025 19:08:25.429] [main/DEBUG] [net.minecraftforge.fml.loading.FMLLoader/CORE]: Using forgeserver as launch service
[24Dec2025 19:08:25.445] [main/DEBUG] [net.minecraftforge.fml.loading.FMLLoader/CORE]: Received command line version data  : VersionInfo[forgeVersion=47.3.7, mcVersion=1.20.1, mcpVersion=20230612.114412, forgeGroup=net.minecraftforge]
[24Dec2025 19:08:25.446] [main/DEBUG] [cpw.mods.modlauncher.TransformationServiceDecorator/MODLAUNCHER]: Initialized transformation service fml
[24Dec2025 19:08:25.446] [main/DEBUG] [cpw.mods.modlauncher.NameMappingServiceHandler/MODLAUNCHER]: Current naming domain is 'srg'
[24Dec2025 19:08:25.447] [main/DEBUG] [cpw.mods.modlauncher.NameMappingServiceHandler/MODLAUNCHER]: Identified name mapping providers {}
[24Dec2025 19:08:25.447] [main/DEBUG] [cpw.mods.modlauncher.TransformationServicesHandler/MODLAUNCHER]: Transformation services begin scanning
[24Dec2025 19:08:25.448] [main/DEBUG] [cpw.mods.modlauncher.TransformationServiceDecorator/MODLAUNCHER]: Beginning scan trigger - transformation service mixin
[24Dec2025 19:08:25.448] [main/DEBUG] [cpw.mods.modlauncher.TransformationServiceDecorator/MODLAUNCHER]: End scan trigger - transformation service mixin
[24Dec2025 19:08:25.448] [main/DEBUG] [cpw.mods.modlauncher.TransformationServiceDecorator/MODLAUNCHER]: Beginning scan trigger - transformation service fml
[24Dec2025 19:08:25.448] [main/DEBUG] [net.minecraftforge.fml.loading.FMLServiceProvider/CORE]: Initiating mod scan
[24Dec2025 19:08:25.458] [main/DEBUG] [net.minecraftforge.fml.loading.moddiscovery.ModListHandler/CORE]: Found mod coordinates from lists: []
[24Dec2025 19:08:25.461] [main/DEBUG] [net.minecraftforge.fml.loading.moddiscovery.ModDiscoverer/CORE]: Found Mod Locators : (mods folder:null),(maven libs:null),(exploded directory:null),(minecraft:null),(userdev classpath:null)
[24Dec2025 19:08:25.461] [main/DEBUG] [net.minecraftforge.fml.loading.moddiscovery.ModDiscoverer/CORE]: Found Dependency Locators : (JarInJar:null)
[24Dec2025 19:08:25.471] [main/DEBUG] [net.minecraftforge.fml.loading.moddiscovery.ModFileParser/LOADING]: Considering mod file candidate /workspaces/chochigang/servidor_minecraft/mods/[1.20.1] SecurityCraft v1.10.1.jar
[24Dec2025 19:08:25.520] [main/DEBUG] [net.minecraftforge.fml.loading.moddiscovery.ModFileInfo/LOADING]: Found valid mod file [1.20.1] SecurityCraft v1.10.1.jar with {securitycraft} mods - versions {1.10.1}
[24Dec2025 19:08:25.521] [main/DEBUG] [net.minecraftforge.fml.loading.moddiscovery.ModFileParser/LOADING]: Considering mod file candidate /workspaces/chochigang/servidor_minecraft/mods/BetterF3-7.0.2-Forge-1.20.1.jar
[24Dec2025 19:08:25.523] [main/DEBUG] [net.minecraftforge.fml.loading.moddiscovery.ModFileInfo/LOADING]: Found valid mod file BetterF3-7.0.2-Forge-1.20.1.jar with {betterf3} mods - versions {7.0.2}
[24Dec2025 19:08:25.523] [main/DEBUG] [net.minecraftforge.fml.loading.moddiscovery.ModFileParser/LOADING]: Considering mod file candidate /workspaces/chochigang/servidor_minecraft/mods/carryon-forge-1.20.1-2.1.2.7.jar
[24Dec2025 19:08:25.525] [main/DEBUG] [net.minecraftforge.fml.loading.moddiscovery.ModFileInfo/LOADING]: Found valid mod file carryon-forge-1.20.1-2.1.2.7.jar with {carryon} mods - versions {2.1.2.7}
[24Dec2025 19:08:25.525] [main/DEBUG] [net.minecraftforge.fml.loading.moddiscovery.ModFileParser/LOADING]: Considering mod file candidate /workspaces/chochigang/servidor_minecraft/mods/Chunky-1.3.146.jar
[24Dec2025 19:08:25.526] [main/DEBUG] [net.minecraftforge.fml.loading.moddiscovery.ModFileInfo/LOADING]: Found valid mod file Chunky-1.3.146.jar with {chunky} mods - versions {1.3.146}
[24Dec2025 19:08:25.528] [main/DEBUG] [net.minecraftforge.fml.loading.moddiscovery.ModFileParser/LOADING]: Considering mod file candidate /workspaces/chochigang/servidor_minecraft/mods/cloth-config-11.1.136-forge.jar
[24Dec2025 19:08:25.529] [main/DEBUG] [net.minecraftforge.fml.loading.moddiscovery.ModFileInfo/LOADING]: Found valid mod file cloth-config-11.1.136-forge.jar with {cloth_config} mods - versions {11.1.136}
[24Dec2025 19:08:25.530] [main/DEBUG] [net.minecraftforge.fml.loading.moddiscovery.ModFileParser/LOADING]: Considering mod file candidate /workspaces/chochigang/servidor_minecraft/mods/coroutil-forge-1.20.1-1.3.7.jar
[24Dec2025 19:08:25.531] [main/DEBUG] [net.minecraftforge.fml.loading.moddiscovery.ModFileInfo/LOADING]: Found valid mod file coroutil-forge-1.20.1-1.3.7.jar with {coroutil} mods - versions {1.20.1-1.3.7}
[24Dec2025 19:08:25.531] [main/DEBUG] [net.minecraftforge.fml.loading.moddiscovery.ModFileParser/LOADING]: Considering mod file candidate /workspaces/chochigang/servidor_minecraft/mods/do_a_barrel_roll-forge-3.5.6+1.20.1.jar
[24Dec2025 19:08:25.534] [main/DEBUG] [net.minecraftforge.fml.loading.moddiscovery.ModFileInfo/LOADING]: Found valid mod file do_a_barrel_roll-forge-3.5.6+1.20.1.jar with {do_a_barrel_roll} mods - versions {3.5.6+1.20.1}
[24Dec2025 19:08:25.535] [main/DEBUG] [net.minecraftforge.fml.loading.moddiscovery.ModFileParser/LOADING]: Considering mod file candidate /workspaces/chochigang/servidor_minecraft/mods/embeddium-0.3.31+mc1.20.1.jar
[24Dec2025 19:08:25.537] [main/DEBUG] [net.minecraftforge.fml.loading.moddiscovery.ModFileInfo/LOADING]: Found valid mod file embeddium-0.3.31+mc1.20.1.jar with {embeddium,rubidium} mods - versions {0.3.31+mc1.20.1,0.7.1}
[24Dec2025 19:08:25.538] [main/DEBUG] [net.minecraftforge.fml.loading.moddiscovery.ModFileParser/LOADING]: Considering mod file candidate /workspaces/chochigang/servidor_minecraft/mods/FarmersDelight-1.20.1-1.2.9.jar
[24Dec2025 19:08:25.539] [main/DEBUG] [net.minecraftforge.fml.loading.moddiscovery.ModFileInfo/LOADING]: Found valid mod file FarmersDelight-1.20.1-1.2.9.jar with {farmersdelight} mods - versions {1.20.1-1.2.9}
[24Dec2025 19:08:25.540] [main/DEBUG] [net.minecraftforge.fml.loading.moddiscovery.ModFileParser/LOADING]: Considering mod file candidate /workspaces/chochigang/servidor_minecraft/mods/geckolib-forge-1.20.1-4.4.2.jar
[24Dec2025 19:08:25.541] [main/DEBUG] [net.minecraftforge.fml.loading.moddiscovery.ModFileInfo/LOADING]: Found valid mod file geckolib-forge-1.20.1-4.4.2.jar with {geckolib} mods - versions {4.4.2}
[24Dec2025 19:08:25.542] [main/DEBUG] [net.minecraftforge.fml.loading.moddiscovery.ModFileParser/LOADING]: Considering mod file candidate /workspaces/chochigang/servidor_minecraft/mods/ironchest-1.20.1-14.4.4.jar
[24Dec2025 19:08:25.543] [main/DEBUG] [net.minecraftforge.fml.loading.moddiscovery.ModFileInfo/LOADING]: Found valid mod file ironchest-1.20.1-14.4.4.jar with {ironchest} mods - versions {1.20.1-14.4.4}
[24Dec2025 19:08:25.544] [main/DEBUG] [net.minecraftforge.fml.loading.moddiscovery.ModFileParser/LOADING]: Considering mod file candidate /workspaces/chochigang/servidor_minecraft/mods/jei-1.20.1-forge-15.20.0.112.jar
[24Dec2025 19:08:25.545] [main/DEBUG] [net.minecraftforge.fml.loading.moddiscovery.ModFileInfo/LOADING]: Found valid mod file jei-1.20.1-forge-15.20.0.112.jar with {jei} mods - versions {15.20.0.112}
[24Dec2025 19:08:25.546] [main/DEBUG] [net.minecraftforge.fml.loading.moddiscovery.ModFileParser/LOADING]: Considering mod file candidate /workspaces/chochigang/servidor_minecraft/mods/Mantle-1.20.1-1.11.79.jar
[24Dec2025 19:08:25.547] [main/DEBUG] [net.minecraftforge.fml.loading.moddiscovery.ModFileInfo/LOADING]: Found valid mod file Mantle-1.20.1-1.11.79.jar with {mantle} mods - versions {1.11.79}
[24Dec2025 19:08:25.548] [main/DEBUG] [net.minecraftforge.fml.loading.moddiscovery.ModFileParser/LOADING]: Considering mod file candidate /workspaces/chochigang/servidor_minecraft/mods/mowziesmobs-1.7.3.jar
[24Dec2025 19:08:25.549] [main/DEBUG] [net.minecraftforge.fml.loading.moddiscovery.ModFileInfo/LOADING]: Found valid mod file mowziesmobs-1.7.3.jar with {mowziesmobs} mods - versions {1.7.3}
[24Dec2025 19:08:25.553] [main/DEBUG] [net.minecraftforge.fml.loading.moddiscovery.ModFileParser/LOADING]: Considering mod file candidate /workspaces/chochigang/servidor_minecraft/mods/Quark-4.0-462.jar
[24Dec2025 19:08:25.555] [main/DEBUG] [net.minecraftforge.fml.loading.moddiscovery.ModFileInfo/LOADING]: Found valid mod file Quark-4.0-462.jar with {quark} mods - versions {4.0-462}
[24Dec2025 19:08:25.556] [main/DEBUG] [net.minecraftforge.fml.loading.moddiscovery.ModFileParser/LOADING]: Considering mod file candidate /workspaces/chochigang/servidor_minecraft/mods/sophisticatedbackpacks-1.20.1-3.24.13.1433.jar
[24Dec2025 19:08:25.557] [main/DEBUG] [net.minecraftforge.fml.loading.moddiscovery.ModFileInfo/LOADING]: Found valid mod file sophisticatedbackpacks-1.20.1-3.24.13.1433.jar with {sophisticatedbackpacks} mods - versions {3.24.13.1433}
[24Dec2025 19:08:25.558] [main/DEBUG] [net.minecraftforge.fml.loading.moddiscovery.ModFileParser/LOADING]: Considering mod file candidate /workspaces/chochigang/servidor_minecraft/mods/sophisticatedcore-1.20.1-1.2.109.1270.jar
[24Dec2025 19:08:25.559] [main/DEBUG] [net.minecraftforge.fml.loading.moddiscovery.ModFileInfo/LOADING]: Found valid mod file sophisticatedcore-1.20.1-1.2.109.1270.jar with {sophisticatedcore} mods - versions {1.2.109.1270}
[24Dec2025 19:08:25.572] [main/DEBUG] [net.minecraftforge.fml.loading.moddiscovery.ModFileParser/LOADING]: Considering mod file candidate /workspaces/chochigang/servidor_minecraft/mods/TConstruct-1.20.1-3.10.2.92.jar
[24Dec2025 19:08:25.573] [main/DEBUG] [net.minecraftforge.fml.loading.moddiscovery.ModFileInfo/LOADING]: Found valid mod file TConstruct-1.20.1-3.10.2.92.jar with {tconstruct} mods - versions {3.10.2.92}
[24Dec2025 19:08:25.575] [main/DEBUG] [net.minecraftforge.fml.loading.moddiscovery.ModFileParser/LOADING]: Considering mod file candidate /workspaces/chochigang/servidor_minecraft/mods/voicechat-forge-1.20.1-2.6.6.jar
[24Dec2025 19:08:25.576] [main/DEBUG] [net.minecraftforge.fml.loading.moddiscovery.ModFileInfo/LOADING]: Found valid mod file voicechat-forge-1.20.1-2.6.6.jar with {voicechat,voicechat_api} mods - versions {1.20.1-2.6.6,2.6.0}
[24Dec2025 19:08:25.576] [main/DEBUG] [net.minecraftforge.fml.loading.moddiscovery.ModFileParser/LOADING]: Considering mod file candidate /workspaces/chochigang/servidor_minecraft/mods/watut-forge-1.20.1-1.2.3.jar
[24Dec2025 19:08:25.577] [main/DEBUG] [net.minecraftforge.fml.loading.moddiscovery.ModFileInfo/LOADING]: Found valid mod file watut-forge-1.20.1-1.2.3.jar with {watut} mods - versions {1.20.1-1.2.3}
[24Dec2025 19:08:25.578] [main/DEBUG] [net.minecraftforge.fml.loading.moddiscovery.ModFileParser/LOADING]: Considering mod file candidate /workspaces/chochigang/servidor_minecraft/mods/Xaeros_Minimap_25.2.10_Forge_1.20.jar
[24Dec2025 19:08:25.579] [main/DEBUG] [net.minecraftforge.fml.loading.moddiscovery.ModFileInfo/LOADING]: Found valid mod file Xaeros_Minimap_25.2.10_Forge_1.20.jar with {xaerominimap} mods - versions {25.2.10}
[24Dec2025 19:08:25.579] [main/DEBUG] [net.minecraftforge.fml.loading.moddiscovery.ModFileParser/LOADING]: Considering mod file candidate /workspaces/chochigang/servidor_minecraft/mods/XaerosWorldMap_1.39.12_Forge_1.20.jar
[24Dec2025 19:08:25.580] [main/DEBUG] [net.minecraftforge.fml.loading.moddiscovery.ModFileInfo/LOADING]: Found valid mod file XaerosWorldMap_1.39.12_Forge_1.20.jar with {xaeroworldmap} mods - versions {1.39.12}
[24Dec2025 19:08:25.581] [main/DEBUG] [net.minecraftforge.fml.loading.moddiscovery.ModFileParser/LOADING]: Considering mod file candidate /workspaces/chochigang/servidor_minecraft/mods/Zeta-1.0-28.jar
[24Dec2025 19:08:25.583] [main/DEBUG] [net.minecraftforge.fml.loading.moddiscovery.ModFileInfo/LOADING]: Found valid mod file Zeta-1.0-28.jar with {zeta} mods - versions {1.0-28}
[24Dec2025 19:08:25.747] [main/DEBUG] [net.minecraftforge.fml.loading.moddiscovery.ModFileInfo/LOADING]: Found valid mod file server-1.20.1-20230612.114412-srg.jar with {minecraft} mods - versions {1.20.1}
[24Dec2025 19:08:25.752] [main/DEBUG] [net.minecraftforge.fml.loading.moddiscovery.ModFileParser/LOADING]: Considering mod file candidate /workspaces/chochigang/servidor_minecraft/libraries/net/minecraftforge/fmlcore/1.20.1-47.3.7/fmlcore-1.20.1-47.3.7.jar
[24Dec2025 19:08:25.752] [main/WARN] [net.minecraftforge.fml.loading.moddiscovery.ModFileParser/LOADING]: Mod file /workspaces/chochigang/servidor_minecraft/libraries/net/minecraftforge/fmlcore/1.20.1-47.3.7/fmlcore-1.20.1-47.3.7.jar is missing mods.toml file
[24Dec2025 19:08:25.762] [main/DEBUG] [net.minecraftforge.fml.loading.moddiscovery.ModFileParser/LOADING]: Considering mod file candidate /workspaces/chochigang/servidor_minecraft/libraries/net/minecraftforge/javafmllanguage/1.20.1-47.3.7/javafmllanguage-1.20.1-47.3.7.jar
[24Dec2025 19:08:25.762] [main/WARN] [net.minecraftforge.fml.loading.moddiscovery.ModFileParser/LOADING]: Mod file /workspaces/chochigang/servidor_minecraft/libraries/net/minecraftforge/javafmllanguage/1.20.1-47.3.7/javafmllanguage-1.20.1-47.3.7.jar is missing mods.toml file
[24Dec2025 19:08:25.764] [main/DEBUG] [net.minecraftforge.fml.loading.moddiscovery.ModFileParser/LOADING]: Considering mod file candidate /workspaces/chochigang/servidor_minecraft/libraries/net/minecraftforge/lowcodelanguage/1.20.1-47.3.7/lowcodelanguage-1.20.1-47.3.7.jar
[24Dec2025 19:08:25.765] [main/WARN] [net.minecraftforge.fml.loading.moddiscovery.ModFileParser/LOADING]: Mod file /workspaces/chochigang/servidor_minecraft/libraries/net/minecraftforge/lowcodelanguage/1.20.1-47.3.7/lowcodelanguage-1.20.1-47.3.7.jar is missing mods.toml file
[24Dec2025 19:08:25.766] [main/DEBUG] [net.minecraftforge.fml.loading.moddiscovery.ModFileParser/LOADING]: Considering mod file candidate /workspaces/chochigang/servidor_minecraft/libraries/net/minecraftforge/mclanguage/1.20.1-47.3.7/mclanguage-1.20.1-47.3.7.jar
[24Dec2025 19:08:25.766] [main/WARN] [net.minecraftforge.fml.loading.moddiscovery.ModFileParser/LOADING]: Mod file /workspaces/chochigang/servidor_minecraft/libraries/net/minecraftforge/mclanguage/1.20.1-47.3.7/mclanguage-1.20.1-47.3.7.jar is missing mods.toml file
[24Dec2025 19:08:25.812] [main/DEBUG] [net.minecraftforge.fml.loading.moddiscovery.ModFileParser/LOADING]: Considering mod file candidate /workspaces/chochigang/servidor_minecraft/libraries/net/minecraftforge/forge/1.20.1-47.3.7/forge-1.20.1-47.3.7-universal.jar
[24Dec2025 19:08:25.813] [main/DEBUG] [net.minecraftforge.fml.loading.moddiscovery.ModFileInfo/LOADING]: Found valid mod file forge-1.20.1-47.3.7-universal.jar with {forge} mods - versions {47.3.7}
[24Dec2025 19:08:25.825] [main/DEBUG] [net.minecraftforge.fml.loading.moddiscovery.AbstractJarFileDependencyLocator/]: Failed to load resource META-INF/jarjar/metadata.json from server-1.20.1-20230612.114412-srg.jar, it does not contain dependency information.
[24Dec2025 19:08:25.826] [main/DEBUG] [net.minecraftforge.fml.loading.moddiscovery.AbstractJarFileDependencyLocator/]: Failed to load resource META-INF/jarjar/metadata.json from TConstruct-1.20.1-3.10.2.92.jar, it does not contain dependency information.
[24Dec2025 19:08:25.826] [main/DEBUG] [net.minecraftforge.fml.loading.moddiscovery.AbstractJarFileDependencyLocator/]: Failed to load resource META-INF/jarjar/metadata.json from FarmersDelight-1.20.1-1.2.9.jar, it does not contain dependency information.
[24Dec2025 19:08:25.826] [main/DEBUG] [net.minecraftforge.fml.loading.moddiscovery.AbstractJarFileDependencyLocator/]: Failed to load resource META-INF/jarjar/metadata.json from voicechat-forge-1.20.1-2.6.6.jar, it does not contain dependency information.
[24Dec2025 19:08:25.827] [main/DEBUG] [net.minecraftforge.fml.loading.moddiscovery.AbstractJarFileDependencyLocator/]: Failed to load resource META-INF/jarjar/metadata.json from mowziesmobs-1.7.3.jar, it does not contain dependency information.
[24Dec2025 19:08:25.827] [main/DEBUG] [net.minecraftforge.fml.loading.moddiscovery.AbstractJarFileDependencyLocator/]: Failed to load resource META-INF/jarjar/metadata.json from sophisticatedbackpacks-1.20.1-3.24.13.1433.jar, it does not contain dependency information.
[24Dec2025 19:08:25.827] [main/DEBUG] [net.minecraftforge.fml.loading.moddiscovery.AbstractJarFileDependencyLocator/]: Failed to load resource META-INF/jarjar/metadata.json from coroutil-forge-1.20.1-1.3.7.jar, it does not contain dependency information.
[24Dec2025 19:08:25.827] [main/DEBUG] [net.minecraftforge.fml.loading.moddiscovery.AbstractJarFileDependencyLocator/]: Failed to load resource META-INF/jarjar/metadata.json from Chunky-1.3.146.jar, it does not contain dependency information.
[24Dec2025 19:08:25.827] [main/DEBUG] [net.minecraftforge.fml.loading.moddiscovery.AbstractJarFileDependencyLocator/]: Failed to load resource META-INF/jarjar/metadata.json from jei-1.20.1-forge-15.20.0.112.jar, it does not contain dependency information.
[24Dec2025 19:08:25.828] [main/DEBUG] [net.minecraftforge.fml.loading.moddiscovery.AbstractJarFileDependencyLocator/]: Failed to load resource META-INF/jarjar/metadata.json from BetterF3-7.0.2-Forge-1.20.1.jar, it does not contain dependency information.
[24Dec2025 19:08:25.828] [main/DEBUG] [net.minecraftforge.fml.loading.moddiscovery.AbstractJarFileDependencyLocator/]: Failed to load resource META-INF/jarjar/metadata.json from watut-forge-1.20.1-1.2.3.jar, it does not contain dependency information.
[24Dec2025 19:08:25.828] [main/DEBUG] [net.minecraftforge.fml.loading.moddiscovery.AbstractJarFileDependencyLocator/]: Failed to load resource META-INF/jarjar/metadata.json from cloth-config-11.1.136-forge.jar, it does not contain dependency information.
[24Dec2025 19:08:25.828] [main/DEBUG] [net.minecraftforge.fml.loading.moddiscovery.AbstractJarFileDependencyLocator/]: Failed to load resource META-INF/jarjar/metadata.json from forge-1.20.1-47.3.7-universal.jar, it does not contain dependency information.
[24Dec2025 19:08:25.828] [main/DEBUG] [net.minecraftforge.fml.loading.moddiscovery.AbstractJarFileDependencyLocator/]: Failed to load resource META-INF/jarjar/metadata.json from sophisticatedcore-1.20.1-1.2.109.1270.jar, it does not contain dependency information.
[24Dec2025 19:08:25.828] [main/DEBUG] [net.minecraftforge.fml.loading.moddiscovery.AbstractJarFileDependencyLocator/]: Failed to load resource META-INF/jarjar/metadata.json from Mantle-1.20.1-1.11.79.jar, it does not contain dependency information.
[24Dec2025 19:08:25.829] [main/DEBUG] [net.minecraftforge.fml.loading.moddiscovery.AbstractJarFileDependencyLocator/]: Failed to load resource META-INF/jarjar/metadata.json from Xaeros_Minimap_25.2.10_Forge_1.20.jar, it does not contain dependency information.
[24Dec2025 19:08:25.829] [main/DEBUG] [net.minecraftforge.fml.loading.moddiscovery.AbstractJarFileDependencyLocator/]: Failed to load resource META-INF/jarjar/metadata.json from XaerosWorldMap_1.39.12_Forge_1.20.jar, it does not contain dependency information.
[24Dec2025 19:08:25.829] [main/DEBUG] [net.minecraftforge.fml.loading.moddiscovery.AbstractJarFileDependencyLocator/]: Failed to load resource META-INF/jarjar/metadata.json from ironchest-1.20.1-14.4.4.jar, it does not contain dependency information.
[24Dec2025 19:08:25.829] [main/DEBUG] [net.minecraftforge.fml.loading.moddiscovery.AbstractJarFileDependencyLocator/]: Failed to load resource META-INF/jarjar/metadata.json from [1.20.1] SecurityCraft v1.10.1.jar, it does not contain dependency information.
[24Dec2025 19:08:25.829] [main/DEBUG] [net.minecraftforge.fml.loading.moddiscovery.AbstractJarFileDependencyLocator/]: Failed to load resource META-INF/jarjar/metadata.json from mclanguage-1.20.1-47.3.7.jar, it does not contain dependency information.
[24Dec2025 19:08:25.829] [main/DEBUG] [net.minecraftforge.fml.loading.moddiscovery.AbstractJarFileDependencyLocator/]: Failed to load resource META-INF/jarjar/metadata.json from javafmllanguage-1.20.1-47.3.7.jar, it does not contain dependency information.
[24Dec2025 19:08:25.830] [main/DEBUG] [net.minecraftforge.fml.loading.moddiscovery.AbstractJarFileDependencyLocator/]: Failed to load resource META-INF/jarjar/metadata.json from fmlcore-1.20.1-47.3.7.jar, it does not contain dependency information.
[24Dec2025 19:08:25.830] [main/DEBUG] [net.minecraftforge.fml.loading.moddiscovery.AbstractJarFileDependencyLocator/]: Failed to load resource META-INF/jarjar/metadata.json from lowcodelanguage-1.20.1-47.3.7.jar, it does not contain dependency information.
[24Dec2025 19:08:25.882] [main/DEBUG] [net.minecraftforge.fml.loading.moddiscovery.ModFileParser/LOADING]: Considering mod file candidate 
[24Dec2025 19:08:25.883] [main/DEBUG] [net.minecraftforge.fml.loading.moddiscovery.ModFileInfo/LOADING]: Found valid mod file mixinextras-forge-0.3.2.jar with {mixinextras} mods - versions {0.3.2}
[24Dec2025 19:08:25.885] [main/DEBUG] [net.minecraftforge.fml.loading.moddiscovery.ModFileParser/LOADING]: Considering mod file candidate 
[24Dec2025 19:08:25.886] [main/DEBUG] [net.minecraftforge.fml.loading.moddiscovery.ModFileInfo/LOADING]: Found valid mod file mixinextras-forge-0.3.2.jar with {mixinextras} mods - versions {0.3.2}
[24Dec2025 19:08:25.889] [main/DEBUG] [net.minecraftforge.fml.loading.moddiscovery.ModFileParser/LOADING]: Considering mod file candidate 
[24Dec2025 19:08:25.889] [main/DEBUG] [net.minecraftforge.fml.loading.moddiscovery.ModFileInfo/LOADING]: Found valid mod file mixinextras-forge-0.3.5.jar with {mixinextras} mods - versions {0.3.5}
[24Dec2025 19:08:25.898] [main/DEBUG] [net.minecraftforge.fml.loading.moddiscovery.ModFileParser/LOADING]: Considering mod file candidate 
[24Dec2025 19:08:25.898] [main/DEBUG] [net.minecraftforge.fml.loading.moddiscovery.ModFileInfo/LOADING]: Found valid mod file mixinextras-forge-0.2.0-beta.6.jar with {mixinextras} mods - versions {0.2.0-beta.6}
[24Dec2025 19:08:25.915] [main/DEBUG] [net.minecraftforge.fml.loading.moddiscovery.AbstractJarFileDependencyLocator/]: Failed to load resource META-INF/jarjar/metadata.json from mclib-20.jar, it does not contain dependency information.
[24Dec2025 19:08:25.919] [main/DEBUG] [net.minecraftforge.fml.loading.moddiscovery.AbstractJarFileDependencyLocator/]: Failed to load resource META-INF/jarjar/metadata.json from MixinExtras-0.3.2.jar, it does not contain dependency information.
[24Dec2025 19:08:25.919] [main/DEBUG] [net.minecraftforge.fml.loading.moddiscovery.AbstractJarFileDependencyLocator/]: Failed to load resource META-INF/jarjar/metadata.json from MixinExtras-0.3.2.jar, it does not contain dependency information.
[24Dec2025 19:08:25.919] [main/DEBUG] [net.minecraftforge.fml.loading.moddiscovery.AbstractJarFileDependencyLocator/]: Failed to load resource META-INF/jarjar/metadata.json from MixinExtras-0.3.5.jar, it does not contain dependency information.
[24Dec2025 19:08:25.919] [main/DEBUG] [net.minecraftforge.fml.loading.moddiscovery.AbstractJarFileDependencyLocator/]: Failed to load resource META-INF/jarjar/metadata.json from MixinExtras-0.2.0-beta.6.jar, it does not contain dependency information.
[24Dec2025 19:08:25.949] [main/DEBUG] [net.minecraftforge.fml.loading.moddiscovery.ModFileParser/LOADING]: Considering mod file candidate 
[24Dec2025 19:08:25.950] [main/DEBUG] [net.minecraftforge.fml.loading.moddiscovery.ModFileInfo/LOADING]: Found valid mod file mixinextras-forge-0.2.0-beta.6.jar with {mixinextras} mods - versions {0.2.0-beta.6}
[24Dec2025 19:08:25.951] [main/DEBUG] [net.minecraftforge.fml.loading.moddiscovery.ModFileParser/LOADING]: Considering mod file candidate 
[24Dec2025 19:08:25.951] [main/DEBUG] [net.minecraftforge.fml.loading.moddiscovery.ModFileInfo/LOADING]: Found valid mod file mixinextras-forge-0.3.5.jar with {mixinextras} mods - versions {0.3.5}
[24Dec2025 19:08:25.952] [main/WARN] [net.minecraftforge.jarjar.selection.JarSelector/]: Attempted to select two dependency jars from JarJar which have the same identification: Mod File:  and Mod File: . Using Mod File: 
[24Dec2025 19:08:25.953] [main/INFO] [net.minecraftforge.fml.loading.moddiscovery.JarInJarDependencyLocator/]: Found 3 dependencies adding them to mods collection
[24Dec2025 19:08:25.955] [main/DEBUG] [net.minecraftforge.fml.loading.moddiscovery.ModFileParser/LOADING]: Considering mod file candidate /workspaces/chochigang/servidor_minecraft/mods/FarmersDelight-1.20.1-1.2.9.jar
[24Dec2025 19:08:25.956] [main/DEBUG] [net.minecraftforge.fml.loading.moddiscovery.ModFileInfo/LOADING]: Found valid mod file FarmersDelight-1.20.1-1.2.9.jar with {farmersdelight} mods - versions {1.20.1-1.2.9}
[24Dec2025 19:08:25.959] [main/DEBUG] [net.minecraftforge.fml.loading.moddiscovery.ModFile/LOADING]: Loading mod file /workspaces/chochigang/servidor_minecraft/mods/FarmersDelight-1.20.1-1.2.9.jar with languages [LanguageSpec[languageName=javafml, acceptedVersions=[46,)]]
[24Dec2025 19:08:25.959] [main/DEBUG] [net.minecraftforge.fml.loading.moddiscovery.ModFileParser/LOADING]: Considering mod file candidate /workspaces/chochigang/servidor_minecraft/mods/TConstruct-1.20.1-3.10.2.92.jar
[24Dec2025 19:08:25.960] [main/DEBUG] [net.minecraftforge.fml.loading.moddiscovery.ModFileInfo/LOADING]: Found valid mod file TConstruct-1.20.1-3.10.2.92.jar with {tconstruct} mods - versions {3.10.2.92}
[24Dec2025 19:08:25.960] [main/DEBUG] [net.minecraftforge.fml.loading.moddiscovery.ModFile/LOADING]: Loading mod file /workspaces/chochigang/servidor_minecraft/mods/TConstruct-1.20.1-3.10.2.92.jar with languages [LanguageSpec[languageName=javafml, acceptedVersions=*]]
[24Dec2025 19:08:25.960] [main/DEBUG] [net.minecraftforge.fml.loading.moddiscovery.ModFileInfo/LOADING]: Found valid mod file server-1.20.1-20230612.114412-srg.jar with {minecraft} mods - versions {1.20.1}
[24Dec2025 19:08:25.961] [main/DEBUG] [net.minecraftforge.fml.loading.moddiscovery.ModFile/LOADING]: Loading mod file /workspaces/chochigang/servidor_minecraft/libraries/net/minecraft/server/1.20.1-20230612.114412/server-1.20.1-20230612.114412-srg.jar with languages [LanguageSpec[languageName=minecraft, acceptedVersions=1]]
[24Dec2025 19:08:25.961] [main/DEBUG] [net.minecraftforge.fml.loading.moddiscovery.ModFileParser/LOADING]: Considering mod file candidate /workspaces/chochigang/servidor_minecraft/mods/mowziesmobs-1.7.3.jar
[24Dec2025 19:08:25.961] [main/DEBUG] [net.minecraftforge.fml.loading.moddiscovery.ModFileInfo/LOADING]: Found valid mod file mowziesmobs-1.7.3.jar with {mowziesmobs} mods - versions {1.7.3}
[24Dec2025 19:08:25.962] [main/DEBUG] [net.minecraftforge.fml.loading.moddiscovery.ModFile/LOADING]: Loading mod file /workspaces/chochigang/servidor_minecraft/mods/mowziesmobs-1.7.3.jar with languages [LanguageSpec[languageName=javafml, acceptedVersions=[43,)]]
[24Dec2025 19:08:25.962] [main/DEBUG] [net.minecraftforge.fml.loading.moddiscovery.ModFileParser/LOADING]: Considering mod file candidate /workspaces/chochigang/servidor_minecraft/mods/voicechat-forge-1.20.1-2.6.6.jar
[24Dec2025 19:08:25.962] [main/DEBUG] [net.minecraftforge.fml.loading.moddiscovery.ModFileInfo/LOADING]: Found valid mod file voicechat-forge-1.20.1-2.6.6.jar with {voicechat,voicechat_api} mods - versions {1.20.1-2.6.6,2.6.0}
[24Dec2025 19:08:25.963] [main/DEBUG] [net.minecraftforge.fml.loading.moddiscovery.ModFile/LOADING]: Loading mod file /workspaces/chochigang/servidor_minecraft/mods/voicechat-forge-1.20.1-2.6.6.jar with languages [LanguageSpec[languageName=javafml, acceptedVersions=*]]
[24Dec2025 19:08:25.963] [main/DEBUG] [net.minecraftforge.fml.loading.moddiscovery.ModFileParser/LOADING]: Considering mod file candidate /workspaces/chochigang/servidor_minecraft/mods/do_a_barrel_roll-forge-3.5.6+1.20.1.jar
[24Dec2025 19:08:25.964] [main/DEBUG] [net.minecraftforge.fml.loading.moddiscovery.ModFileInfo/LOADING]: Found valid mod file do_a_barrel_roll-forge-3.5.6+1.20.1.jar with {do_a_barrel_roll} mods - versions {3.5.6+1.20.1}
[24Dec2025 19:08:25.964] [main/DEBUG] [net.minecraftforge.fml.loading.moddiscovery.ModFile/LOADING]: Loading mod file /workspaces/chochigang/servidor_minecraft/mods/do_a_barrel_roll-forge-3.5.6+1.20.1.jar with languages [LanguageSpec[languageName=javafml, acceptedVersions=[47,)]]
[24Dec2025 19:08:25.964] [main/DEBUG] [net.minecraftforge.fml.loading.moddiscovery.ModFileParser/LOADING]: Considering mod file candidate /workspaces/chochigang/servidor_minecraft/mods/geckolib-forge-1.20.1-4.4.2.jar
[24Dec2025 19:08:25.964] [main/DEBUG] [net.minecraftforge.fml.loading.moddiscovery.ModFileInfo/LOADING]: Found valid mod file geckolib-forge-1.20.1-4.4.2.jar with {geckolib} mods - versions {4.4.2}
[24Dec2025 19:08:25.965] [main/DEBUG] [net.minecraftforge.fml.loading.moddiscovery.ModFile/LOADING]: Loading mod file /workspaces/chochigang/servidor_minecraft/mods/geckolib-forge-1.20.1-4.4.2.jar with languages [LanguageSpec[languageName=javafml, acceptedVersions=[47,)]]
[24Dec2025 19:08:25.965] [main/DEBUG] [net.minecraftforge.fml.loading.moddiscovery.ModFileParser/LOADING]: Considering mod file candidate /workspaces/chochigang/servidor_minecraft/mods/Chunky-1.3.146.jar
[24Dec2025 19:08:25.965] [main/DEBUG] [net.minecraftforge.fml.loading.moddiscovery.ModFileInfo/LOADING]: Found valid mod file Chunky-1.3.146.jar with {chunky} mods - versions {1.3.146}
[24Dec2025 19:08:25.965] [main/DEBUG] [net.minecraftforge.fml.loading.moddiscovery.ModFile/LOADING]: Loading mod file /workspaces/chochigang/servidor_minecraft/mods/Chunky-1.3.146.jar with languages [LanguageSpec[languageName=javafml, acceptedVersions=[38,)]]
[24Dec2025 19:08:25.965] [main/DEBUG] [net.minecraftforge.fml.loading.moddiscovery.ModFileParser/LOADING]: Considering mod file candidate /workspaces/chochigang/servidor_minecraft/mods/jei-1.20.1-forge-15.20.0.112.jar
[24Dec2025 19:08:25.966] [main/DEBUG] [net.minecraftforge.fml.loading.moddiscovery.ModFileInfo/LOADING]: Found valid mod file jei-1.20.1-forge-15.20.0.112.jar with {jei} mods - versions {15.20.0.112}
[24Dec2025 19:08:25.966] [main/DEBUG] [net.minecraftforge.fml.loading.moddiscovery.ModFile/LOADING]: Loading mod file /workspaces/chochigang/servidor_minecraft/mods/jei-1.20.1-forge-15.20.0.112.jar with languages [LanguageSpec[languageName=javafml, acceptedVersions=[47,)]]
[24Dec2025 19:08:25.966] [main/DEBUG] [net.minecraftforge.fml.loading.moddiscovery.ModFileParser/LOADING]: Considering mod file candidate /workspaces/chochigang/servidor_minecraft/mods/sophisticatedcore-1.20.1-1.2.109.1270.jar
[24Dec2025 19:08:25.967] [main/DEBUG] [net.minecraftforge.fml.loading.moddiscovery.ModFileInfo/LOADING]: Found valid mod file sophisticatedcore-1.20.1-1.2.109.1270.jar with {sophisticatedcore} mods - versions {1.2.109.1270}
[24Dec2025 19:08:25.967] [main/DEBUG] [net.minecraftforge.fml.loading.moddiscovery.ModFile/LOADING]: Loading mod file /workspaces/chochigang/servidor_minecraft/mods/sophisticatedcore-1.20.1-1.2.109.1270.jar with languages [LanguageSpec[languageName=javafml, acceptedVersions=[47,)]]
[24Dec2025 19:08:25.967] [main/DEBUG] [net.minecraftforge.fml.loading.moddiscovery.ModFileParser/LOADING]: Considering mod file candidate /workspaces/chochigang/servidor_minecraft/mods/Mantle-1.20.1-1.11.79.jar
[24Dec2025 19:08:25.968] [main/DEBUG] [net.minecraftforge.fml.loading.moddiscovery.ModFileInfo/LOADING]: Found valid mod file Mantle-1.20.1-1.11.79.jar with {mantle} mods - versions {1.11.79}
[24Dec2025 19:08:25.968] [main/DEBUG] [net.minecraftforge.fml.loading.moddiscovery.ModFile/LOADING]: Loading mod file /workspaces/chochigang/servidor_minecraft/mods/Mantle-1.20.1-1.11.79.jar with languages [LanguageSpec[languageName=javafml, acceptedVersions=*]]
[24Dec2025 19:08:25.968] [main/DEBUG] [net.minecraftforge.fml.loading.moddiscovery.ModFileParser/LOADING]: Considering mod file candidate /workspaces/chochigang/servidor_minecraft/mods/Quark-4.0-462.jar
[24Dec2025 19:08:25.969] [main/DEBUG] [net.minecraftforge.fml.loading.moddiscovery.ModFileInfo/LOADING]: Found valid mod file Quark-4.0-462.jar with {quark} mods - versions {4.0-462}
[24Dec2025 19:08:25.969] [main/DEBUG] [net.minecraftforge.fml.loading.moddiscovery.ModFile/LOADING]: Loading mod file /workspaces/chochigang/servidor_minecraft/mods/Quark-4.0-462.jar with languages [LanguageSpec[languageName=javafml, acceptedVersions=[41,)]]
[24Dec2025 19:08:25.969] [main/DEBUG] [net.minecraftforge.fml.loading.moddiscovery.ModFileParser/LOADING]: Considering mod file candidate /workspaces/chochigang/servidor_minecraft/mods/Xaeros_Minimap_25.2.10_Forge_1.20.jar
[24Dec2025 19:08:25.969] [main/DEBUG] [net.minecraftforge.fml.loading.moddiscovery.ModFileInfo/LOADING]: Found valid mod file Xaeros_Minimap_25.2.10_Forge_1.20.jar with {xaerominimap} mods - versions {25.2.10}
[24Dec2025 19:08:25.970] [main/DEBUG] [net.minecraftforge.fml.loading.moddiscovery.ModFile/LOADING]: Loading mod file /workspaces/chochigang/servidor_minecraft/mods/Xaeros_Minimap_25.2.10_Forge_1.20.jar with languages [LanguageSpec[languageName=javafml, acceptedVersions=[46,48)]]
[24Dec2025 19:08:25.972] [main/DEBUG] [net.minecraftforge.fml.loading.moddiscovery.ModFileParser/LOADING]: Found coremod xaerohud_core with Javascript path META-INF/xaerohud_core.js
[24Dec2025 19:08:25.972] [main/DEBUG] [net.minecraftforge.fml.loading.moddiscovery.ModFile/LOADING]: Found coremod META-INF/xaerohud_core.js
[24Dec2025 19:08:25.972] [main/DEBUG] [net.minecraftforge.fml.loading.moddiscovery.ModFileParser/LOADING]: Considering mod file candidate /workspaces/chochigang/servidor_minecraft/mods/XaerosWorldMap_1.39.12_Forge_1.20.jar
[24Dec2025 19:08:25.973] [main/DEBUG] [net.minecraftforge.fml.loading.moddiscovery.ModFileInfo/LOADING]: Found valid mod file XaerosWorldMap_1.39.12_Forge_1.20.jar with {xaeroworldmap} mods - versions {1.39.12}
[24Dec2025 19:08:25.973] [main/DEBUG] [net.minecraftforge.fml.loading.moddiscovery.ModFile/LOADING]: Loading mod file /workspaces/chochigang/servidor_minecraft/mods/XaerosWorldMap_1.39.12_Forge_1.20.jar with languages [LanguageSpec[languageName=javafml, acceptedVersions=[46,48)]]
[24Dec2025 19:08:25.973] [main/DEBUG] [net.minecraftforge.fml.loading.moddiscovery.ModFileParser/LOADING]: Found coremod xaeroworldmap_core with Javascript path META-INF/xaeroworldmap_core.js
[24Dec2025 19:08:25.973] [main/DEBUG] [net.minecraftforge.fml.loading.moddiscovery.ModFile/LOADING]: Found coremod META-INF/xaeroworldmap_core.js
[24Dec2025 19:08:25.973] [main/DEBUG] [net.minecraftforge.fml.loading.moddiscovery.ModFileParser/LOADING]: Considering mod file candidate /workspaces/chochigang/servidor_minecraft/mods/[1.20.1] SecurityCraft v1.10.1.jar
[24Dec2025 19:08:25.974] [main/DEBUG] [net.minecraftforge.fml.loading.moddiscovery.ModFileInfo/LOADING]: Found valid mod file [1.20.1] SecurityCraft v1.10.1.jar with {securitycraft} mods - versions {1.10.1}
[24Dec2025 19:08:25.974] [main/DEBUG] [net.minecraftforge.fml.loading.moddiscovery.ModFile/LOADING]: Loading mod file /workspaces/chochigang/servidor_minecraft/mods/[1.20.1] SecurityCraft v1.10.1.jar with languages [LanguageSpec[languageName=javafml, acceptedVersions=[46,)]]
[24Dec2025 19:08:25.974] [main/DEBUG] [net.minecraftforge.fml.loading.moddiscovery.ModFileParser/LOADING]: Considering mod file candidate /workspaces/chochigang/servidor_minecraft/mods/Zeta-1.0-28.jar
[24Dec2025 19:08:25.975] [main/DEBUG] [net.minecraftforge.fml.loading.moddiscovery.ModFileInfo/LOADING]: Found valid mod file Zeta-1.0-28.jar with {zeta} mods - versions {1.0-28}
[24Dec2025 19:08:25.975] [main/DEBUG] [net.minecraftforge.fml.loading.moddiscovery.ModFile/LOADING]: Loading mod file /workspaces/chochigang/servidor_minecraft/mods/Zeta-1.0-28.jar with languages [LanguageSpec[languageName=javafml, acceptedVersions=[41,)]]
[24Dec2025 19:08:25.975] [main/DEBUG] [net.minecraftforge.fml.loading.moddiscovery.ModFileParser/LOADING]: Considering mod file candidate /workspaces/chochigang/servidor_minecraft/mods/sophisticatedbackpacks-1.20.1-3.24.13.1433.jar
[24Dec2025 19:08:25.976] [main/DEBUG] [net.minecraftforge.fml.loading.moddiscovery.ModFileInfo/LOADING]: Found valid mod file sophisticatedbackpacks-1.20.1-3.24.13.1433.jar with {sophisticatedbackpacks} mods - versions {3.24.13.1433}
[24Dec2025 19:08:25.976] [main/DEBUG] [net.minecraftforge.fml.loading.moddiscovery.ModFile/LOADING]: Loading mod file /workspaces/chochigang/servidor_minecraft/mods/sophisticatedbackpacks-1.20.1-3.24.13.1433.jar with languages [LanguageSpec[languageName=javafml, acceptedVersions=[47,)]]
[24Dec2025 19:08:25.976] [main/DEBUG] [net.minecraftforge.fml.loading.moddiscovery.ModFileParser/LOADING]: Considering mod file candidate /workspaces/chochigang/servidor_minecraft/mods/coroutil-forge-1.20.1-1.3.7.jar
[24Dec2025 19:08:25.976] [main/DEBUG] [net.minecraftforge.fml.loading.moddiscovery.ModFileInfo/LOADING]: Found valid mod file coroutil-forge-1.20.1-1.3.7.jar with {coroutil} mods - versions {1.20.1-1.3.7}
[24Dec2025 19:08:25.977] [main/DEBUG] [net.minecraftforge.fml.loading.moddiscovery.ModFile/LOADING]: Loading mod file /workspaces/chochigang/servidor_minecraft/mods/coroutil-forge-1.20.1-1.3.7.jar with languages [LanguageSpec[languageName=javafml, acceptedVersions=[47,)]]
[24Dec2025 19:08:25.977] [main/DEBUG] [net.minecraftforge.fml.loading.moddiscovery.ModFileParser/LOADING]: Considering mod file candidate /workspaces/chochigang/servidor_minecraft/mods/BetterF3-7.0.2-Forge-1.20.1.jar
[24Dec2025 19:08:25.977] [main/DEBUG] [net.minecraftforge.fml.loading.moddiscovery.ModFileInfo/LOADING]: Found valid mod file BetterF3-7.0.2-Forge-1.20.1.jar with {betterf3} mods - versions {7.0.2}
[24Dec2025 19:08:25.978] [main/DEBUG] [net.minecraftforge.fml.loading.moddiscovery.ModFile/LOADING]: Loading mod file /workspaces/chochigang/servidor_minecraft/mods/BetterF3-7.0.2-Forge-1.20.1.jar with languages [LanguageSpec[languageName=javafml, acceptedVersions=[41,)]]
[24Dec2025 19:08:25.978] [main/DEBUG] [net.minecraftforge.fml.loading.moddiscovery.ModFileParser/LOADING]: Considering mod file candidate /workspaces/chochigang/servidor_minecraft/mods/carryon-forge-1.20.1-2.1.2.7.jar
[24Dec2025 19:08:25.978] [main/DEBUG] [net.minecraftforge.fml.loading.moddiscovery.ModFileInfo/LOADING]: Found valid mod file carryon-forge-1.20.1-2.1.2.7.jar with {carryon} mods - versions {2.1.2.7}
[24Dec2025 19:08:25.979] [main/DEBUG] [net.minecraftforge.fml.loading.moddiscovery.ModFile/LOADING]: Loading mod file /workspaces/chochigang/servidor_minecraft/mods/carryon-forge-1.20.1-2.1.2.7.jar with languages [LanguageSpec[languageName=javafml, acceptedVersions=[46,)]]
[24Dec2025 19:08:25.979] [main/DEBUG] [net.minecraftforge.fml.loading.moddiscovery.ModFileParser/LOADING]: Considering mod file candidate /workspaces/chochigang/servidor_minecraft/mods/watut-forge-1.20.1-1.2.3.jar
[24Dec2025 19:08:25.979] [main/DEBUG] [net.minecraftforge.fml.loading.moddiscovery.ModFileInfo/LOADING]: Found valid mod file watut-forge-1.20.1-1.2.3.jar with {watut} mods - versions {1.20.1-1.2.3}
[24Dec2025 19:08:25.979] [main/DEBUG] [net.minecraftforge.fml.loading.moddiscovery.ModFile/LOADING]: Loading mod file /workspaces/chochigang/servidor_minecraft/mods/watut-forge-1.20.1-1.2.3.jar with languages [LanguageSpec[languageName=javafml, acceptedVersions=[47,)]]
[24Dec2025 19:08:25.979] [main/DEBUG] [net.minecraftforge.fml.loading.moddiscovery.ModFileParser/LOADING]: Considering mod file candidate /workspaces/chochigang/servidor_minecraft/mods/cloth-config-11.1.136-forge.jar
[24Dec2025 19:08:25.980] [main/DEBUG] [net.minecraftforge.fml.loading.moddiscovery.ModFileInfo/LOADING]: Found valid mod file cloth-config-11.1.136-forge.jar with {cloth_config} mods - versions {11.1.136}
[24Dec2025 19:08:25.980] [main/DEBUG] [net.minecraftforge.fml.loading.moddiscovery.ModFile/LOADING]: Loading mod file /workspaces/chochigang/servidor_minecraft/mods/cloth-config-11.1.136-forge.jar with languages [LanguageSpec[languageName=javafml, acceptedVersions=[34,)]]
[24Dec2025 19:08:25.980] [main/DEBUG] [net.minecraftforge.fml.loading.moddiscovery.ModFileParser/LOADING]: Considering mod file candidate /workspaces/chochigang/servidor_minecraft/libraries/net/minecraftforge/forge/1.20.1-47.3.7/forge-1.20.1-47.3.7-universal.jar
[24Dec2025 19:08:25.980] [main/DEBUG] [net.minecraftforge.fml.loading.moddiscovery.ModFileInfo/LOADING]: Found valid mod file forge-1.20.1-47.3.7-universal.jar with {forge} mods - versions {47.3.7}
[24Dec2025 19:08:25.980] [main/DEBUG] [net.minecraftforge.fml.loading.moddiscovery.ModFile/LOADING]: Loading mod file /workspaces/chochigang/servidor_minecraft/libraries/net/minecraftforge/forge/1.20.1-47.3.7/forge-1.20.1-47.3.7-universal.jar with languages [LanguageSpec[languageName=javafml, acceptedVersions=[24,]]]
[24Dec2025 19:08:25.981] [main/DEBUG] [net.minecraftforge.fml.loading.moddiscovery.ModFileParser/LOADING]: Found coremod field_to_method with Javascript path coremods/field_to_method.js
[24Dec2025 19:08:25.981] [main/DEBUG] [net.minecraftforge.fml.loading.moddiscovery.ModFileParser/LOADING]: Found coremod field_to_instanceof with Javascript path coremods/field_to_instanceof.js
[24Dec2025 19:08:25.981] [main/DEBUG] [net.minecraftforge.fml.loading.moddiscovery.ModFileParser/LOADING]: Found coremod add_bouncer_method with Javascript path coremods/add_bouncer_method.js
[24Dec2025 19:08:25.981] [main/DEBUG] [net.minecraftforge.fml.loading.moddiscovery.ModFileParser/LOADING]: Found coremod method_redirector with Javascript path coremods/method_redirector.js
[24Dec2025 19:08:25.981] [main/DEBUG] [net.minecraftforge.fml.loading.moddiscovery.ModFile/LOADING]: Found coremod coremods/field_to_method.js
[24Dec2025 19:08:25.981] [main/DEBUG] [net.minecraftforge.fml.loading.moddiscovery.ModFile/LOADING]: Found coremod coremods/field_to_instanceof.js
[24Dec2025 19:08:25.981] [main/DEBUG] [net.minecraftforge.fml.loading.moddiscovery.ModFile/LOADING]: Found coremod coremods/add_bouncer_method.js
[24Dec2025 19:08:25.981] [main/DEBUG] [net.minecraftforge.fml.loading.moddiscovery.ModFile/LOADING]: Found coremod coremods/method_redirector.js
[24Dec2025 19:08:25.981] [main/DEBUG] [net.minecraftforge.fml.loading.moddiscovery.ModFileParser/LOADING]: Considering mod file candidate /workspaces/chochigang/servidor_minecraft/mods/embeddium-0.3.31+mc1.20.1.jar
[24Dec2025 19:08:25.982] [main/DEBUG] [net.minecraftforge.fml.loading.moddiscovery.ModFileInfo/LOADING]: Found valid mod file embeddium-0.3.31+mc1.20.1.jar with {embeddium,rubidium} mods - versions {0.3.31+mc1.20.1,0.7.1}
[24Dec2025 19:08:25.982] [main/DEBUG] [net.minecraftforge.fml.loading.moddiscovery.ModFile/LOADING]: Loading mod file /workspaces/chochigang/servidor_minecraft/mods/embeddium-0.3.31+mc1.20.1.jar with languages [LanguageSpec[languageName=javafml, acceptedVersions=[47,)]]
[24Dec2025 19:08:25.982] [main/DEBUG] [net.minecraftforge.fml.loading.moddiscovery.ModFileParser/LOADING]: Considering mod file candidate /workspaces/chochigang/servidor_minecraft/mods/ironchest-1.20.1-14.4.4.jar
[24Dec2025 19:08:25.984] [main/DEBUG] [net.minecraftforge.fml.loading.moddiscovery.ModFileInfo/LOADING]: Found valid mod file ironchest-1.20.1-14.4.4.jar with {ironchest} mods - versions {1.20.1-14.4.4}
[24Dec2025 19:08:25.984] [main/DEBUG] [net.minecraftforge.fml.loading.moddiscovery.ModFile/LOADING]: Loading mod file /workspaces/chochigang/servidor_minecraft/mods/ironchest-1.20.1-14.4.4.jar with languages [LanguageSpec[languageName=javafml, acceptedVersions=[47,)]]
[24Dec2025 19:08:25.985] [main/DEBUG] [net.minecraftforge.fml.loading.moddiscovery.ModFile/LOADING]: Loading mod file  with languages []
[24Dec2025 19:08:25.985] [main/DEBUG] [net.minecraftforge.fml.loading.moddiscovery.ModFileParser/LOADING]: Considering mod file candidate 
[24Dec2025 19:08:25.986] [main/DEBUG] [net.minecraftforge.fml.loading.moddiscovery.ModFileInfo/LOADING]: Found valid mod file mixinextras-forge-0.2.0-beta.6.jar with {mixinextras} mods - versions {0.2.0-beta.6}
[24Dec2025 19:08:25.986] [main/DEBUG] [net.minecraftforge.fml.loading.moddiscovery.ModFile/LOADING]: Loading mod file  with languages [LanguageSpec[languageName=javafml, acceptedVersions=*]]
[24Dec2025 19:08:25.986] [main/DEBUG] [net.minecraftforge.fml.loading.moddiscovery.ModFile/LOADING]: Loading mod file  with languages []
[24Dec2025 19:08:25.986] [main/DEBUG] [net.minecraftforge.fml.loading.moddiscovery.ModFile/LOADING]: Loading mod file  with languages []
[24Dec2025 19:08:25.986] [main/DEBUG] [net.minecraftforge.fml.loading.moddiscovery.ModFileParser/LOADING]: Considering mod file candidate 
[24Dec2025 19:08:25.987] [main/DEBUG] [net.minecraftforge.fml.loading.moddiscovery.ModFileInfo/LOADING]: Found valid mod file mixinextras-forge-0.2.0-beta.6.jar with {mixinextras} mods - versions {0.2.0-beta.6}
[24Dec2025 19:08:25.987] [main/DEBUG] [net.minecraftforge.fml.loading.moddiscovery.ModFile/LOADING]: Loading mod file  with languages [LanguageSpec[languageName=javafml, acceptedVersions=*]]
[24Dec2025 19:08:25.987] [main/DEBUG] [net.minecraftforge.fml.loading.moddiscovery.ModFile/LOADING]: Loading mod file  with languages []
[24Dec2025 19:08:25.988] [main/DEBUG] [cpw.mods.modlauncher.TransformationServiceDecorator/MODLAUNCHER]: End scan trigger - transformation service fml
[24Dec2025 19:08:25.999] [main/DEBUG] [net.minecraftforge.fml.loading.LanguageLoadingProvider/CORE]: Found 3 language providers
[24Dec2025 19:08:26.000] [main/DEBUG] [net.minecraftforge.fml.loading.LanguageLoadingProvider/CORE]: Found language provider minecraft, version 1.0
[24Dec2025 19:08:26.000] [main/DEBUG] [net.minecraftforge.fml.loading.LanguageLoadingProvider/CORE]: Found language provider lowcodefml, version 47
[24Dec2025 19:08:26.000] [main/DEBUG] [net.minecraftforge.fml.loading.LanguageLoadingProvider/CORE]: Found language provider javafml, version 47
[24Dec2025 19:08:26.005] [main/DEBUG] [net.minecraftforge.fml.loading.UniqueModListBuilder/]: Found 2 mods for first modid mclib, selecting most recent based on version data
[24Dec2025 19:08:26.005] [main/DEBUG] [net.minecraftforge.fml.loading.UniqueModListBuilder/]: Selected file mclib-20.jar for modid mclib with version 0.0NONE
[24Dec2025 19:08:26.005] [main/DEBUG] [net.minecraftforge.fml.loading.UniqueModListBuilder/]: Found 2 mods for first modid mixinextras, selecting most recent based on version data
[24Dec2025 19:08:26.005] [main/DEBUG] [net.minecraftforge.fml.loading.UniqueModListBuilder/]: Selected file mixinextras-forge-0.2.0-beta.6.jar for modid mixinextras with version 0.2.0-beta.6
[24Dec2025 19:08:26.005] [main/DEBUG] [net.minecraftforge.fml.loading.UniqueModListBuilder/]: Found 2 mods for first modid MixinExtras, selecting most recent based on version data
[24Dec2025 19:08:26.006] [main/DEBUG] [net.minecraftforge.fml.loading.UniqueModListBuilder/]: Selected file MixinExtras-0.3.5.jar for modid MixinExtras with version 0.0NONE
[24Dec2025 19:08:26.007] [main/DEBUG] [net.minecraftforge.fml.loading.ModSorter/]: Configured system mods: [minecraft, forge]
[24Dec2025 19:08:26.007] [main/DEBUG] [net.minecraftforge.fml.loading.ModSorter/]: Found system mod: minecraft
[24Dec2025 19:08:26.007] [main/DEBUG] [net.minecraftforge.fml.loading.ModSorter/]: Found system mod: forge
[24Dec2025 19:08:26.009] [main/DEBUG] [net.minecraftforge.fml.loading.ModSorter/LOADING]: Found 52 mod requirements (43 mandatory, 9 optional)
[24Dec2025 19:08:26.009] [main/DEBUG] [net.minecraftforge.fml.loading.ModSorter/LOADING]: Found 0 mod requirements missing (0 mandatory, 0 optional)
[24Dec2025 19:08:26.441] [main/DEBUG] [cpw.mods.modlauncher.TransformationServicesHandler/MODLAUNCHER]: Transformation services loading transformers
[24Dec2025 19:08:26.442] [main/DEBUG] [cpw.mods.modlauncher.TransformationServiceDecorator/MODLAUNCHER]: Initializing transformers for transformation service mixin
[24Dec2025 19:08:26.442] [main/DEBUG] [cpw.mods.modlauncher.TransformationServiceDecorator/MODLAUNCHER]: Initialized transformers for transformation service mixin
[24Dec2025 19:08:26.442] [main/DEBUG] [cpw.mods.modlauncher.TransformationServiceDecorator/MODLAUNCHER]: Initializing transformers for transformation service fml
[24Dec2025 19:08:26.442] [main/DEBUG] [net.minecraftforge.fml.loading.FMLServiceProvider/CORE]: Loading coremod transformers
[24Dec2025 19:08:26.443] [main/DEBUG] [net.minecraftforge.coremod.CoreModEngine/COREMOD]: Loading CoreMod from META-INF/xaerohud_core.js
[24Dec2025 19:08:26.694] [main/DEBUG] [net.minecraftforge.coremod.CoreModEngine/COREMOD]: CoreMod loaded successfully
[24Dec2025 19:08:26.694] [main/DEBUG] [net.minecraftforge.coremod.CoreModEngine/COREMOD]: Loading CoreMod from META-INF/xaeroworldmap_core.js
[24Dec2025 19:08:26.758] [main/DEBUG] [net.minecraftforge.coremod.CoreModEngine/COREMOD]: CoreMod loaded successfully
[24Dec2025 19:08:26.759] [main/DEBUG] [net.minecraftforge.coremod.CoreModEngine/COREMOD]: Loading CoreMod from coremods/field_to_method.js
[24Dec2025 19:08:26.786] [main/DEBUG] [net.minecraftforge.coremod.CoreModEngine/COREMOD]: CoreMod loaded successfully
[24Dec2025 19:08:26.786] [main/DEBUG] [net.minecraftforge.coremod.CoreModEngine/COREMOD]: Loading CoreMod from coremods/field_to_instanceof.js
[24Dec2025 19:08:26.831] [main/DEBUG] [net.minecraftforge.coremod.CoreModEngine/COREMOD]: CoreMod loaded successfully
[24Dec2025 19:08:26.832] [main/DEBUG] [net.minecraftforge.coremod.CoreModEngine/COREMOD]: Loading CoreMod from coremods/add_bouncer_method.js
[24Dec2025 19:08:26.859] [main/DEBUG] [net.minecraftforge.coremod.CoreModEngine/COREMOD]: CoreMod loaded successfully
[24Dec2025 19:08:26.859] [main/DEBUG] [net.minecraftforge.coremod.CoreModEngine/COREMOD]: Loading CoreMod from coremods/method_redirector.js
[24Dec2025 19:08:26.910] [main/DEBUG] [net.minecraftforge.coremod.CoreModEngine/COREMOD]: CoreMod loaded successfully
[24Dec2025 19:08:26.919] [main/DEBUG] [cpw.mods.modlauncher.TransformStore/MODLAUNCHER]: Adding transformer net.minecraftforge.coremod.transformer.CoreModMethodTransformer@7af52ec7 to Target : METHOD {Lnet/minecraft/client/ToggleKeyMapping;} {m_90857_} {()Z}
[24Dec2025 19:08:26.920] [main/DEBUG] [cpw.mods.modlauncher.TransformStore/MODLAUNCHER]: Adding transformer net.minecraftforge.coremod.transformer.CoreModClassTransformer@2e463f4 to Target : CLASS {Lnet/minecraft/world/level/biome/Biome;} {} {V}
[24Dec2025 19:08:26.920] [main/DEBUG] [cpw.mods.modlauncher.TransformStore/MODLAUNCHER]: Adding transformer net.minecraftforge.coremod.transformer.CoreModClassTransformer@32ec9c90 to Target : CLASS {Lnet/minecraft/world/level/levelgen/structure/Structure;} {} {V}
[24Dec2025 19:08:26.921] [main/DEBUG] [cpw.mods.modlauncher.TransformStore/MODLAUNCHER]: Adding transformer net.minecraftforge.coremod.transformer.CoreModClassTransformer@36ab3814 to Target : CLASS {Lnet/minecraft/world/effect/MobEffectInstance;} {} {V}
[24Dec2025 19:08:26.921] [main/DEBUG] [cpw.mods.modlauncher.TransformStore/MODLAUNCHER]: Adding transformer net.minecraftforge.coremod.transformer.CoreModClassTransformer@2abbd0d9 to Target : CLASS {Lnet/minecraft/world/level/block/LiquidBlock;} {} {V}
[24Dec2025 19:08:26.921] [main/DEBUG] [cpw.mods.modlauncher.TransformStore/MODLAUNCHER]: Adding transformer net.minecraftforge.coremod.transformer.CoreModClassTransformer@b61edb9 to Target : CLASS {Lnet/minecraft/world/item/BucketItem;} {} {V}
[24Dec2025 19:08:26.921] [main/DEBUG] [cpw.mods.modlauncher.TransformStore/MODLAUNCHER]: Adding transformer net.minecraftforge.coremod.transformer.CoreModClassTransformer@5d3ff859 to Target : CLASS {Lnet/minecraft/world/level/block/StairBlock;} {} {V}
[24Dec2025 19:08:26.921] [main/DEBUG] [cpw.mods.modlauncher.TransformStore/MODLAUNCHER]: Adding transformer net.minecraftforge.coremod.transformer.CoreModClassTransformer@32bb0072 to Target : CLASS {Lnet/minecraft/world/level/block/FlowerPotBlock;} {} {V}
[24Dec2025 19:08:26.921] [main/DEBUG] [cpw.mods.modlauncher.TransformStore/MODLAUNCHER]: Adding transformer net.minecraftforge.coremod.transformer.CoreModClassTransformer@467233e4 to Target : CLASS {Lnet/minecraft/world/item/ItemStack;} {} {V}
[24Dec2025 19:08:26.921] [main/DEBUG] [cpw.mods.modlauncher.TransformStore/MODLAUNCHER]: Adding transformer net.minecraftforge.coremod.transformer.CoreModClassTransformer@427a12b6 to Target : CLASS {Lnet/minecraft/network/play/client/CClientSettingsPacket;} {} {V}
[24Dec2025 19:08:26.922] [main/DEBUG] [cpw.mods.modlauncher.TransformStore/MODLAUNCHER]: Adding transformer net.minecraftforge.coremod.transformer.CoreModClassTransformer@6025d790 to Target : CLASS {Lnet/minecraft/world/entity/monster/Evoker$EvokerSummonSpellGoal;} {} {V}
[24Dec2025 19:08:26.922] [main/DEBUG] [cpw.mods.modlauncher.TransformStore/MODLAUNCHER]: Adding transformer net.minecraftforge.coremod.transformer.CoreModClassTransformer@6025d790 to Target : CLASS {Lnet/minecraft/world/level/levelgen/structure/structures/OceanMonumentPieces$OceanMonumentPiece;} {} {V}
[24Dec2025 19:08:26.922] [main/DEBUG] [cpw.mods.modlauncher.TransformStore/MODLAUNCHER]: Adding transformer net.minecraftforge.coremod.transformer.CoreModClassTransformer@6025d790 to Target : CLASS {Lnet/minecraft/world/entity/raid/Raid;} {} {V}
[24Dec2025 19:08:26.922] [main/DEBUG] [cpw.mods.modlauncher.TransformStore/MODLAUNCHER]: Adding transformer net.minecraftforge.coremod.transformer.CoreModClassTransformer@6025d790 to Target : CLASS {Lnet/minecraft/world/entity/ai/village/VillageSiege;} {} {V}
[24Dec2025 19:08:26.922] [main/DEBUG] [cpw.mods.modlauncher.TransformStore/MODLAUNCHER]: Adding transformer net.minecraftforge.coremod.transformer.CoreModClassTransformer@6025d790 to Target : CLASS {Lnet/minecraft/world/level/levelgen/structure/structures/WoodlandMansionPieces$WoodlandMansionPiece;} {} {V}
[24Dec2025 19:08:26.922] [main/DEBUG] [cpw.mods.modlauncher.TransformStore/MODLAUNCHER]: Adding transformer net.minecraftforge.coremod.transformer.CoreModClassTransformer@6025d790 to Target : CLASS {Lnet/minecraft/world/entity/npc/Villager;} {} {V}
[24Dec2025 19:08:26.923] [main/DEBUG] [cpw.mods.modlauncher.TransformStore/MODLAUNCHER]: Adding transformer net.minecraftforge.coremod.transformer.CoreModClassTransformer@6025d790 to Target : CLASS {Lnet/minecraft/world/level/NaturalSpawner;} {} {V}
[24Dec2025 19:08:26.923] [main/DEBUG] [cpw.mods.modlauncher.TransformStore/MODLAUNCHER]: Adding transformer net.minecraftforge.coremod.transformer.CoreModClassTransformer@6025d790 to Target : CLASS {Lnet/minecraft/world/level/levelgen/structure/structures/OceanRuinPieces$OceanRuinPiece;} {} {V}
[24Dec2025 19:08:26.923] [main/DEBUG] [cpw.mods.modlauncher.TransformStore/MODLAUNCHER]: Adding transformer net.minecraftforge.coremod.transformer.CoreModClassTransformer@6025d790 to Target : CLASS {Lnet/minecraft/world/entity/monster/Strider;} {} {V}
[24Dec2025 19:08:26.923] [main/DEBUG] [cpw.mods.modlauncher.TransformStore/MODLAUNCHER]: Adding transformer net.minecraftforge.coremod.transformer.CoreModClassTransformer@6025d790 to Target : CLASS {Lnet/minecraft/world/entity/animal/horse/SkeletonTrapGoal;} {} {V}
[24Dec2025 19:08:26.923] [main/DEBUG] [cpw.mods.modlauncher.TransformStore/MODLAUNCHER]: Adding transformer net.minecraftforge.coremod.transformer.CoreModClassTransformer@6025d790 to Target : CLASS {Lnet/minecraft/world/entity/npc/CatSpawner;} {} {V}
[24Dec2025 19:08:26.923] [main/DEBUG] [cpw.mods.modlauncher.TransformStore/MODLAUNCHER]: Adding transformer net.minecraftforge.coremod.transformer.CoreModClassTransformer@6025d790 to Target : CLASS {Lnet/minecraft/world/entity/monster/ZombieVillager;} {} {V}
[24Dec2025 19:08:26.923] [main/DEBUG] [cpw.mods.modlauncher.TransformStore/MODLAUNCHER]: Adding transformer net.minecraftforge.coremod.transformer.CoreModClassTransformer@6025d790 to Target : CLASS {Lnet/minecraft/world/level/levelgen/PatrolSpawner;} {} {V}
[24Dec2025 19:08:26.923] [main/DEBUG] [cpw.mods.modlauncher.TransformStore/MODLAUNCHER]: Adding transformer net.minecraftforge.coremod.transformer.CoreModClassTransformer@6025d790 to Target : CLASS {Lnet/minecraft/world/level/levelgen/structure/structures/SwampHutPiece;} {} {V}
[24Dec2025 19:08:26.923] [main/DEBUG] [cpw.mods.modlauncher.TransformStore/MODLAUNCHER]: Adding transformer net.minecraftforge.coremod.transformer.CoreModClassTransformer@6025d790 to Target : CLASS {Lnet/minecraft/world/entity/monster/Spider;} {} {V}
[24Dec2025 19:08:26.924] [main/DEBUG] [cpw.mods.modlauncher.TransformStore/MODLAUNCHER]: Adding transformer net.minecraftforge.coremod.transformer.CoreModClassTransformer@6025d790 to Target : CLASS {Lnet/minecraft/server/commands/SummonCommand;} {} {V}
[24Dec2025 19:08:26.924] [main/DEBUG] [cpw.mods.modlauncher.TransformStore/MODLAUNCHER]: Adding transformer net.minecraftforge.coremod.transformer.CoreModClassTransformer@6025d790 to Target : CLASS {Lnet/minecraft/world/entity/animal/frog/Tadpole;} {} {V}
[24Dec2025 19:08:26.924] [main/DEBUG] [cpw.mods.modlauncher.TransformStore/MODLAUNCHER]: Adding transformer net.minecraftforge.coremod.transformer.CoreModClassTransformer@6025d790 to Target : CLASS {Lnet/minecraft/world/level/levelgen/PhantomSpawner;} {} {V}
[24Dec2025 19:08:26.924] [main/DEBUG] [cpw.mods.modlauncher.TransformStore/MODLAUNCHER]: Adding transformer net.minecraftforge.coremod.transformer.CoreModClassTransformer@6025d790 to Target : CLASS {Lnet/minecraft/world/entity/monster/Zombie;} {} {V}
[24Dec2025 19:08:26.924] [main/DEBUG] [cpw.mods.modlauncher.TransformStore/MODLAUNCHER]: Adding transformer net.minecraftforge.coremod.transformer.CoreModClassTransformer@6025d790 to Target : CLASS {Lnet/minecraft/server/commands/RaidCommand;} {} {V}
[24Dec2025 19:08:26.924] [main/DEBUG] [cpw.mods.modlauncher.TransformStore/MODLAUNCHER]: Adding transformer net.minecraftforge.coremod.transformer.CoreModClassTransformer@6025d790 to Target : CLASS {Lnet/minecraft/world/level/levelgen/structure/templatesystem/StructureTemplate;} {} {V}
[24Dec2025 19:08:26.924] [main/DEBUG] [cpw.mods.modlauncher.TransformStore/MODLAUNCHER]: Adding transformer net.minecraftforge.coremod.transformer.CoreModClassTransformer@6025d790 to Target : CLASS {Lnet/minecraft/world/entity/EntityType;} {} {V}
[24Dec2025 19:08:26.925] [main/DEBUG] [cpw.mods.modlauncher.TransformationServiceDecorator/MODLAUNCHER]: Initialized transformers for transformation service fml
[24Dec2025 19:08:27.759] [main/DEBUG] [mixin/]: Processing prepare() for PlatformAgent[MixinPlatformAgentDefault:ModLauncher Root Container(ModLauncher:4f56a0a2)]
[24Dec2025 19:08:27.759] [main/DEBUG] [mixin/]: Processing launch tasks for PlatformAgent[MixinPlatformAgentDefault:ModLauncher Root Container(ModLauncher:4f56a0a2)]
[24Dec2025 19:08:27.759] [main/DEBUG] [mixin/]: Adding mixin platform agents for container SecureJarResource(minecraft)
[24Dec2025 19:08:27.759] [main/DEBUG] [mixin/]: Instancing new MixinPlatformAgentMinecraftForge for SecureJarResource(minecraft)
[24Dec2025 19:08:27.759] [main/DEBUG] [mixin/]: MixinPlatformAgentMinecraftForge rejected container SecureJarResource(minecraft)
[24Dec2025 19:08:27.760] [main/DEBUG] [mixin/]: Instancing new MixinPlatformAgentDefault for SecureJarResource(minecraft)
[24Dec2025 19:08:27.760] [main/DEBUG] [mixin/]: MixinPlatformAgentDefault accepted container SecureJarResource(minecraft)
[24Dec2025 19:08:27.760] [main/DEBUG] [mixin/]: Processing prepare() for PlatformAgent[MixinPlatformAgentDefault:SecureJarResource(minecraft)]
[24Dec2025 19:08:27.760] [main/DEBUG] [mixin/]: Adding mixin platform agents for container SecureJarResource(tconstruct)
[24Dec2025 19:08:27.760] [main/DEBUG] [mixin/]: Instancing new MixinPlatformAgentMinecraftForge for SecureJarResource(tconstruct)
[24Dec2025 19:08:27.760] [main/DEBUG] [mixin/]: MixinPlatformAgentMinecraftForge rejected container SecureJarResource(tconstruct)
[24Dec2025 19:08:27.760] [main/DEBUG] [mixin/]: Instancing new MixinPlatformAgentDefault for SecureJarResource(tconstruct)
[24Dec2025 19:08:27.760] [main/DEBUG] [mixin/]: MixinPlatformAgentDefault accepted container SecureJarResource(tconstruct)
[24Dec2025 19:08:27.760] [main/DEBUG] [mixin/]: Processing prepare() for PlatformAgent[MixinPlatformAgentDefault:SecureJarResource(tconstruct)]
[24Dec2025 19:08:27.760] [main/DEBUG] [mixin/]: Adding mixin platform agents for container SecureJarResource(farmersdelight)
[24Dec2025 19:08:27.761] [main/DEBUG] [mixin/]: Instancing new MixinPlatformAgentMinecraftForge for SecureJarResource(farmersdelight)
[24Dec2025 19:08:27.761] [main/DEBUG] [mixin/]: MixinPlatformAgentMinecraftForge rejected container SecureJarResource(farmersdelight)
[24Dec2025 19:08:27.761] [main/DEBUG] [mixin/]: Instancing new MixinPlatformAgentDefault for SecureJarResource(farmersdelight)
[24Dec2025 19:08:27.761] [main/DEBUG] [mixin/]: MixinPlatformAgentDefault accepted container SecureJarResource(farmersdelight)
[24Dec2025 19:08:27.761] [main/DEBUG] [mixin/]: Processing prepare() for PlatformAgent[MixinPlatformAgentDefault:SecureJarResource(farmersdelight)]
[24Dec2025 19:08:27.761] [main/DEBUG] [mixin/]: Registering mixin config: farmersdelight.mixins.json
[24Dec2025 19:08:27.775] [main/DEBUG] [mixin/]: Compatibility level JAVA_17 specified by farmersdelight.mixins.json is higher than the maximum level supported by this version of mixin (JAVA_13).
[24Dec2025 19:08:27.779] [main/INFO] [mixin/]: Compatibility level set to JAVA_17
[24Dec2025 19:08:27.780] [main/DEBUG] [mixin/]: Adding mixin platform agents for container SecureJarResource(mowziesmobs)
[24Dec2025 19:08:27.780] [main/DEBUG] [mixin/]: Instancing new MixinPlatformAgentMinecraftForge for SecureJarResource(mowziesmobs)
[24Dec2025 19:08:27.780] [main/DEBUG] [mixin/]: MixinPlatformAgentMinecraftForge rejected container SecureJarResource(mowziesmobs)
[24Dec2025 19:08:27.780] [main/DEBUG] [mixin/]: Instancing new MixinPlatformAgentDefault for SecureJarResource(mowziesmobs)
[24Dec2025 19:08:27.780] [main/DEBUG] [mixin/]: MixinPlatformAgentDefault accepted container SecureJarResource(mowziesmobs)
[24Dec2025 19:08:27.780] [main/DEBUG] [mixin/]: Processing prepare() for PlatformAgent[MixinPlatformAgentDefault:SecureJarResource(mowziesmobs)]
[24Dec2025 19:08:27.780] [main/DEBUG] [mixin/]: Registering mixin config: mowziesmobs.mixins.json
[24Dec2025 19:08:27.782] [main/DEBUG] [mixin/]: Adding mixin platform agents for container SecureJarResource(geckolib)
[24Dec2025 19:08:27.782] [main/DEBUG] [mixin/]: Instancing new MixinPlatformAgentMinecraftForge for SecureJarResource(geckolib)
[24Dec2025 19:08:27.782] [main/DEBUG] [mixin/]: MixinPlatformAgentMinecraftForge rejected container SecureJarResource(geckolib)
[24Dec2025 19:08:27.782] [main/DEBUG] [mixin/]: Instancing new MixinPlatformAgentDefault for SecureJarResource(geckolib)
[24Dec2025 19:08:27.782] [main/DEBUG] [mixin/]: MixinPlatformAgentDefault accepted container SecureJarResource(geckolib)
[24Dec2025 19:08:27.783] [main/DEBUG] [mixin/]: Processing prepare() for PlatformAgent[MixinPlatformAgentDefault:SecureJarResource(geckolib)]
[24Dec2025 19:08:27.783] [main/DEBUG] [mixin/]: Registering mixin config: geckolib.mixins.json
[24Dec2025 19:08:27.785] [main/DEBUG] [mixin/]: Adding mixin platform agents for container SecureJarResource(do_a_barrel_roll)
[24Dec2025 19:08:27.785] [main/DEBUG] [mixin/]: Instancing new MixinPlatformAgentMinecraftForge for SecureJarResource(do_a_barrel_roll)
[24Dec2025 19:08:27.785] [main/DEBUG] [mixin/]: MixinPlatformAgentMinecraftForge rejected container SecureJarResource(do_a_barrel_roll)
[24Dec2025 19:08:27.785] [main/DEBUG] [mixin/]: Instancing new MixinPlatformAgentDefault for SecureJarResource(do_a_barrel_roll)
[24Dec2025 19:08:27.785] [main/DEBUG] [mixin/]: MixinPlatformAgentDefault accepted container SecureJarResource(do_a_barrel_roll)
[24Dec2025 19:08:27.785] [main/DEBUG] [mixin/]: Processing prepare() for PlatformAgent[MixinPlatformAgentDefault:SecureJarResource(do_a_barrel_roll)]
[24Dec2025 19:08:27.786] [main/DEBUG] [mixin/]: Registering mixin config: do_a_barrel_roll.mixins.json
[24Dec2025 19:08:27.788] [main/DEBUG] [mixin/]: Registering mixin config: do_a_barrel_roll.forge.mixins.json
[24Dec2025 19:08:27.790] [main/DEBUG] [mixin/]: Adding mixin platform agents for container SecureJarResource(chunky)
[24Dec2025 19:08:27.790] [main/DEBUG] [mixin/]: Instancing new MixinPlatformAgentMinecraftForge for SecureJarResource(chunky)
[24Dec2025 19:08:27.790] [main/DEBUG] [mixin/]: MixinPlatformAgentMinecraftForge rejected container SecureJarResource(chunky)
[24Dec2025 19:08:27.791] [main/DEBUG] [mixin/]: Instancing new MixinPlatformAgentDefault for SecureJarResource(chunky)
[24Dec2025 19:08:27.791] [main/DEBUG] [mixin/]: MixinPlatformAgentDefault accepted container SecureJarResource(chunky)
[24Dec2025 19:08:27.791] [main/DEBUG] [mixin/]: Processing prepare() for PlatformAgent[MixinPlatformAgentDefault:SecureJarResource(chunky)]
[24Dec2025 19:08:27.792] [main/DEBUG] [mixin/]: Adding mixin platform agents for container SecureJarResource(jei)
[24Dec2025 19:08:27.792] [main/DEBUG] [mixin/]: Instancing new MixinPlatformAgentMinecraftForge for SecureJarResource(jei)
[24Dec2025 19:08:27.792] [main/DEBUG] [mixin/]: MixinPlatformAgentMinecraftForge rejected container SecureJarResource(jei)
[24Dec2025 19:08:27.792] [main/DEBUG] [mixin/]: Instancing new MixinPlatformAgentDefault for SecureJarResource(jei)
[24Dec2025 19:08:27.793] [main/DEBUG] [mixin/]: MixinPlatformAgentDefault accepted container SecureJarResource(jei)
[24Dec2025 19:08:27.793] [main/DEBUG] [mixin/]: Processing prepare() for PlatformAgent[MixinPlatformAgentDefault:SecureJarResource(jei)]
[24Dec2025 19:08:27.793] [main/DEBUG] [mixin/]: Adding mixin platform agents for container SecureJarResource(sophisticatedcore)
[24Dec2025 19:08:27.793] [main/DEBUG] [mixin/]: Instancing new MixinPlatformAgentMinecraftForge for SecureJarResource(sophisticatedcore)
[24Dec2025 19:08:27.793] [main/DEBUG] [mixin/]: MixinPlatformAgentMinecraftForge rejected container SecureJarResource(sophisticatedcore)
[24Dec2025 19:08:27.793] [main/DEBUG] [mixin/]: Instancing new MixinPlatformAgentDefault for SecureJarResource(sophisticatedcore)
[24Dec2025 19:08:27.793] [main/DEBUG] [mixin/]: MixinPlatformAgentDefault accepted container SecureJarResource(sophisticatedcore)
[24Dec2025 19:08:27.793] [main/DEBUG] [mixin/]: Processing prepare() for PlatformAgent[MixinPlatformAgentDefault:SecureJarResource(sophisticatedcore)]
[24Dec2025 19:08:27.794] [main/DEBUG] [mixin/]: Adding mixin platform agents for container SecureJarResource(mantle)
[24Dec2025 19:08:27.794] [main/DEBUG] [mixin/]: Instancing new MixinPlatformAgentMinecraftForge for SecureJarResource(mantle)
[24Dec2025 19:08:27.794] [main/DEBUG] [mixin/]: MixinPlatformAgentMinecraftForge rejected container SecureJarResource(mantle)
[24Dec2025 19:08:27.794] [main/DEBUG] [mixin/]: Instancing new MixinPlatformAgentDefault for SecureJarResource(mantle)
[24Dec2025 19:08:27.794] [main/DEBUG] [mixin/]: MixinPlatformAgentDefault accepted container SecureJarResource(mantle)
[24Dec2025 19:08:27.794] [main/DEBUG] [mixin/]: Processing prepare() for PlatformAgent[MixinPlatformAgentDefault:SecureJarResource(mantle)]
[24Dec2025 19:08:27.794] [main/DEBUG] [mixin/]: Adding mixin platform agents for container SecureJarResource(xaerominimap)
[24Dec2025 19:08:27.794] [main/DEBUG] [mixin/]: Instancing new MixinPlatformAgentMinecraftForge for SecureJarResource(xaerominimap)
[24Dec2025 19:08:27.794] [main/DEBUG] [mixin/]: MixinPlatformAgentMinecraftForge rejected container SecureJarResource(xaerominimap)
[24Dec2025 19:08:27.795] [main/DEBUG] [mixin/]: Instancing new MixinPlatformAgentDefault for SecureJarResource(xaerominimap)
[24Dec2025 19:08:27.795] [main/DEBUG] [mixin/]: MixinPlatformAgentDefault accepted container SecureJarResource(xaerominimap)
[24Dec2025 19:08:27.795] [main/DEBUG] [mixin/]: Processing prepare() for PlatformAgent[MixinPlatformAgentDefault:SecureJarResource(xaerominimap)]
[24Dec2025 19:08:27.795] [main/DEBUG] [mixin/]: Registering mixin config: xaerohud.mixins.json
[24Dec2025 19:08:27.796] [main/DEBUG] [mixin/]: Registering mixin config: xaerohud.forge.mixins.json
[24Dec2025 19:08:27.798] [main/DEBUG] [mixin/]: Registering mixin config: xaerominimap.mixins.json
[24Dec2025 19:08:27.799] [main/DEBUG] [mixin/]: Registering mixin config: xaerominimap.forge.mixins.json
[24Dec2025 19:08:27.800] [main/DEBUG] [mixin/]: Adding mixin platform agents for container SecureJarResource(xaeroworldmap)
[24Dec2025 19:08:27.801] [main/DEBUG] [mixin/]: Instancing new MixinPlatformAgentMinecraftForge for SecureJarResource(xaeroworldmap)
[24Dec2025 19:08:27.801] [main/DEBUG] [mixin/]: MixinPlatformAgentMinecraftForge rejected container SecureJarResource(xaeroworldmap)
[24Dec2025 19:08:27.801] [main/DEBUG] [mixin/]: Instancing new MixinPlatformAgentDefault for SecureJarResource(xaeroworldmap)
[24Dec2025 19:08:27.801] [main/DEBUG] [mixin/]: MixinPlatformAgentDefault accepted container SecureJarResource(xaeroworldmap)
[24Dec2025 19:08:27.801] [main/DEBUG] [mixin/]: Processing prepare() for PlatformAgent[MixinPlatformAgentDefault:SecureJarResource(xaeroworldmap)]
[24Dec2025 19:08:27.801] [main/DEBUG] [mixin/]: Registering mixin config: xaeroworldmap.mixins.json
[24Dec2025 19:08:27.802] [main/DEBUG] [mixin/]: Registering mixin config: xaeroworldmap.forge.mixins.json
[24Dec2025 19:08:27.804] [main/DEBUG] [mixin/]: Adding mixin platform agents for container SecureJarResource(securitycraft)
[24Dec2025 19:08:27.804] [main/DEBUG] [mixin/]: Instancing new MixinPlatformAgentMinecraftForge for SecureJarResource(securitycraft)
[24Dec2025 19:08:27.804] [main/DEBUG] [mixin/]: MixinPlatformAgentMinecraftForge rejected container SecureJarResource(securitycraft)
[24Dec2025 19:08:27.804] [main/DEBUG] [mixin/]: Instancing new MixinPlatformAgentDefault for SecureJarResource(securitycraft)
[24Dec2025 19:08:27.804] [main/DEBUG] [mixin/]: MixinPlatformAgentDefault accepted container SecureJarResource(securitycraft)
[24Dec2025 19:08:27.804] [main/DEBUG] [mixin/]: Processing prepare() for PlatformAgent[MixinPlatformAgentDefault:SecureJarResource(securitycraft)]
[24Dec2025 19:08:27.804] [main/DEBUG] [mixin/]: Registering mixin config: securitycraft.mixins.json
[24Dec2025 19:08:27.806] [main/DEBUG] [mixin/]: Adding mixin platform agents for container SecureJarResource(mixinextras)
[24Dec2025 19:08:27.806] [main/DEBUG] [mixin/]: Instancing new MixinPlatformAgentMinecraftForge for SecureJarResource(mixinextras)
[24Dec2025 19:08:27.806] [main/DEBUG] [mixin/]: MixinPlatformAgentMinecraftForge rejected container SecureJarResource(mixinextras)
[24Dec2025 19:08:27.806] [main/DEBUG] [mixin/]: Instancing new MixinPlatformAgentDefault for SecureJarResource(mixinextras)
[24Dec2025 19:08:27.806] [main/DEBUG] [mixin/]: MixinPlatformAgentDefault accepted container SecureJarResource(mixinextras)
[24Dec2025 19:08:27.807] [main/DEBUG] [mixin/]: Processing prepare() for PlatformAgent[MixinPlatformAgentDefault:SecureJarResource(mixinextras)]
[24Dec2025 19:08:27.807] [main/DEBUG] [mixin/]: Registering mixin config: mixinextras.init.mixins.json
[24Dec2025 19:08:27.808] [main/DEBUG] [mixin/]: Adding mixin platform agents for container SecureJarResource(sophisticatedbackpacks)
[24Dec2025 19:08:27.808] [main/DEBUG] [mixin/]: Instancing new MixinPlatformAgentMinecraftForge for SecureJarResource(sophisticatedbackpacks)
[24Dec2025 19:08:27.808] [main/DEBUG] [mixin/]: MixinPlatformAgentMinecraftForge rejected container SecureJarResource(sophisticatedbackpacks)
[24Dec2025 19:08:27.808] [main/DEBUG] [mixin/]: Instancing new MixinPlatformAgentDefault for SecureJarResource(sophisticatedbackpacks)
[24Dec2025 19:08:27.808] [main/DEBUG] [mixin/]: MixinPlatformAgentDefault accepted container SecureJarResource(sophisticatedbackpacks)
[24Dec2025 19:08:27.809] [main/DEBUG] [mixin/]: Processing prepare() for PlatformAgent[MixinPlatformAgentDefault:SecureJarResource(sophisticatedbackpacks)]
[24Dec2025 19:08:27.809] [main/DEBUG] [mixin/]: Adding mixin platform agents for container SecureJarResource(coroutil)
[24Dec2025 19:08:27.809] [main/DEBUG] [mixin/]: Instancing new MixinPlatformAgentMinecraftForge for SecureJarResource(coroutil)
[24Dec2025 19:08:27.809] [main/DEBUG] [mixin/]: MixinPlatformAgentMinecraftForge rejected container SecureJarResource(coroutil)
[24Dec2025 19:08:27.809] [main/DEBUG] [mixin/]: Instancing new MixinPlatformAgentDefault for SecureJarResource(coroutil)
[24Dec2025 19:08:27.809] [main/DEBUG] [mixin/]: MixinPlatformAgentDefault accepted container SecureJarResource(coroutil)
[24Dec2025 19:08:27.809] [main/DEBUG] [mixin/]: Processing prepare() for PlatformAgent[MixinPlatformAgentDefault:SecureJarResource(coroutil)]
[24Dec2025 19:08:27.809] [main/DEBUG] [mixin/]: Registering mixin config: coroutil.mixins.json
[24Dec2025 19:08:27.810] [main/DEBUG] [mixin/]: Adding mixin platform agents for container SecureJarResource(carryon)
[24Dec2025 19:08:27.811] [main/DEBUG] [mixin/]: Instancing new MixinPlatformAgentMinecraftForge for SecureJarResource(carryon)
[24Dec2025 19:08:27.811] [main/DEBUG] [mixin/]: MixinPlatformAgentMinecraftForge rejected container SecureJarResource(carryon)
[24Dec2025 19:08:27.811] [main/DEBUG] [mixin/]: Instancing new MixinPlatformAgentDefault for SecureJarResource(carryon)
[24Dec2025 19:08:27.811] [main/DEBUG] [mixin/]: MixinPlatformAgentDefault accepted container SecureJarResource(carryon)
[24Dec2025 19:08:27.811] [main/DEBUG] [mixin/]: Processing prepare() for PlatformAgent[MixinPlatformAgentDefault:SecureJarResource(carryon)]
[24Dec2025 19:08:27.811] [main/DEBUG] [mixin/]: Registering mixin config: carryon.mixins.json
[24Dec2025 19:08:27.812] [main/DEBUG] [mixin/]: Registering mixin config: carryon.forge.mixins.json
[24Dec2025 19:08:27.814] [main/DEBUG] [mixin/]: Adding mixin platform agents for container SecureJarResource(betterf3)
[24Dec2025 19:08:27.814] [main/DEBUG] [mixin/]: Instancing new MixinPlatformAgentMinecraftForge for SecureJarResource(betterf3)
[24Dec2025 19:08:27.814] [main/DEBUG] [mixin/]: MixinPlatformAgentMinecraftForge rejected container SecureJarResource(betterf3)
[24Dec2025 19:08:27.814] [main/DEBUG] [mixin/]: Instancing new MixinPlatformAgentDefault for SecureJarResource(betterf3)
[24Dec2025 19:08:27.815] [main/DEBUG] [mixin/]: MixinPlatformAgentDefault accepted container SecureJarResource(betterf3)
[24Dec2025 19:08:27.815] [main/DEBUG] [mixin/]: Processing prepare() for PlatformAgent[MixinPlatformAgentDefault:SecureJarResource(betterf3)]
[24Dec2025 19:08:27.815] [main/DEBUG] [mixin/]: Registering mixin config: betterf3.mixins.json
[24Dec2025 19:08:27.816] [main/DEBUG] [mixin/]: Registering mixin config: betterf3.forge.mixins.json
[24Dec2025 19:08:27.817] [main/DEBUG] [mixin/]: Adding mixin platform agents for container SecureJarResource(watut)
[24Dec2025 19:08:27.817] [main/DEBUG] [mixin/]: Instancing new MixinPlatformAgentMinecraftForge for SecureJarResource(watut)
[24Dec2025 19:08:27.817] [main/DEBUG] [mixin/]: MixinPlatformAgentMinecraftForge rejected container SecureJarResource(watut)
[24Dec2025 19:08:27.817] [main/DEBUG] [mixin/]: Instancing new MixinPlatformAgentDefault for SecureJarResource(watut)
[24Dec2025 19:08:27.817] [main/DEBUG] [mixin/]: MixinPlatformAgentDefault accepted container SecureJarResource(watut)
[24Dec2025 19:08:27.818] [main/DEBUG] [mixin/]: Processing prepare() for PlatformAgent[MixinPlatformAgentDefault:SecureJarResource(watut)]
[24Dec2025 19:08:27.818] [main/DEBUG] [mixin/]: Registering mixin config: watut.mixins.json
[24Dec2025 19:08:27.819] [main/DEBUG] [mixin/]: Adding mixin platform agents for container SecureJarResource(cloth_config)
[24Dec2025 19:08:27.819] [main/DEBUG] [mixin/]: Instancing new MixinPlatformAgentMinecraftForge for SecureJarResource(cloth_config)
[24Dec2025 19:08:27.819] [main/DEBUG] [mixin/]: MixinPlatformAgentMinecraftForge rejected container SecureJarResource(cloth_config)
[24Dec2025 19:08:27.819] [main/DEBUG] [mixin/]: Instancing new MixinPlatformAgentDefault for SecureJarResource(cloth_config)
[24Dec2025 19:08:27.819] [main/DEBUG] [mixin/]: MixinPlatformAgentDefault accepted container SecureJarResource(cloth_config)
[24Dec2025 19:08:27.819] [main/DEBUG] [mixin/]: Processing prepare() for PlatformAgent[MixinPlatformAgentDefault:SecureJarResource(cloth_config)]
[24Dec2025 19:08:27.819] [main/DEBUG] [mixin/]: Adding mixin platform agents for container SecureJarResource(voicechat)
[24Dec2025 19:08:27.820] [main/DEBUG] [mixin/]: Instancing new MixinPlatformAgentMinecraftForge for SecureJarResource(voicechat)
[24Dec2025 19:08:27.820] [main/DEBUG] [mixin/]: MixinPlatformAgentMinecraftForge rejected container SecureJarResource(voicechat)
[24Dec2025 19:08:27.820] [main/DEBUG] [mixin/]: Instancing new MixinPlatformAgentDefault for SecureJarResource(voicechat)
[24Dec2025 19:08:27.820] [main/DEBUG] [mixin/]: MixinPlatformAgentDefault accepted container SecureJarResource(voicechat)
[24Dec2025 19:08:27.820] [main/DEBUG] [mixin/]: Processing prepare() for PlatformAgent[MixinPlatformAgentDefault:SecureJarResource(voicechat)]
[24Dec2025 19:08:27.820] [main/DEBUG] [mixin/]: Adding mixin platform agents for container SecureJarResource(forge)
[24Dec2025 19:08:27.820] [main/DEBUG] [mixin/]: Instancing new MixinPlatformAgentMinecraftForge for SecureJarResource(forge)
[24Dec2025 19:08:27.820] [main/DEBUG] [mixin/]: MixinPlatformAgentMinecraftForge rejected container SecureJarResource(forge)
[24Dec2025 19:08:27.820] [main/DEBUG] [mixin/]: Instancing new MixinPlatformAgentDefault for SecureJarResource(forge)
[24Dec2025 19:08:27.820] [main/DEBUG] [mixin/]: MixinPlatformAgentDefault accepted container SecureJarResource(forge)
[24Dec2025 19:08:27.820] [main/DEBUG] [mixin/]: Processing prepare() for PlatformAgent[MixinPlatformAgentDefault:SecureJarResource(forge)]
[24Dec2025 19:08:27.820] [main/DEBUG] [mixin/]: Adding mixin platform agents for container SecureJarResource(zeta)
[24Dec2025 19:08:27.821] [main/DEBUG] [mixin/]: Instancing new MixinPlatformAgentMinecraftForge for SecureJarResource(zeta)
[24Dec2025 19:08:27.821] [main/DEBUG] [mixin/]: MixinPlatformAgentMinecraftForge rejected container SecureJarResource(zeta)
[24Dec2025 19:08:27.821] [main/DEBUG] [mixin/]: Instancing new MixinPlatformAgentDefault for SecureJarResource(zeta)
[24Dec2025 19:08:27.821] [main/DEBUG] [mixin/]: MixinPlatformAgentDefault accepted container SecureJarResource(zeta)
[24Dec2025 19:08:27.821] [main/DEBUG] [mixin/]: Processing prepare() for PlatformAgent[MixinPlatformAgentDefault:SecureJarResource(zeta)]
[24Dec2025 19:08:27.821] [main/DEBUG] [mixin/]: Registering mixin config: zeta.mixins.json
[24Dec2025 19:08:27.822] [main/DEBUG] [mixin/]: Registering mixin config: zeta_forge.mixins.json
[24Dec2025 19:08:27.823] [main/DEBUG] [mixin/]: Adding mixin platform agents for container SecureJarResource(quark)
[24Dec2025 19:08:27.824] [main/DEBUG] [mixin/]: Instancing new MixinPlatformAgentMinecraftForge for SecureJarResource(quark)
[24Dec2025 19:08:27.824] [main/DEBUG] [mixin/]: MixinPlatformAgentMinecraftForge rejected container SecureJarResource(quark)
[24Dec2025 19:08:27.824] [main/DEBUG] [mixin/]: Instancing new MixinPlatformAgentDefault for SecureJarResource(quark)
[24Dec2025 19:08:27.824] [main/DEBUG] [mixin/]: MixinPlatformAgentDefault accepted container SecureJarResource(quark)
[24Dec2025 19:08:27.824] [main/DEBUG] [mixin/]: Processing prepare() for PlatformAgent[MixinPlatformAgentDefault:SecureJarResource(quark)]
[24Dec2025 19:08:27.824] [main/DEBUG] [mixin/]: Registering mixin config: quark.mixins.json
[24Dec2025 19:08:27.826] [main/DEBUG] [mixin/]: Registering mixin config: quark_integrations.mixins.json
[24Dec2025 19:08:27.828] [main/DEBUG] [mixin/]: Adding mixin platform agents for container SecureJarResource(embeddium)
[24Dec2025 19:08:27.828] [main/DEBUG] [mixin/]: Instancing new MixinPlatformAgentMinecraftForge for SecureJarResource(embeddium)
[24Dec2025 19:08:27.828] [main/DEBUG] [mixin/]: MixinPlatformAgentMinecraftForge rejected container SecureJarResource(embeddium)
[24Dec2025 19:08:27.828] [main/DEBUG] [mixin/]: Instancing new MixinPlatformAgentDefault for SecureJarResource(embeddium)
[24Dec2025 19:08:27.828] [main/DEBUG] [mixin/]: MixinPlatformAgentDefault accepted container SecureJarResource(embeddium)
[24Dec2025 19:08:27.828] [main/DEBUG] [mixin/]: Processing prepare() for PlatformAgent[MixinPlatformAgentDefault:SecureJarResource(embeddium)]
[24Dec2025 19:08:27.828] [main/DEBUG] [mixin/]: Registering mixin config: embeddium.mixins.json
[24Dec2025 19:08:27.829] [main/DEBUG] [mixin/]: Adding mixin platform agents for container SecureJarResource(ironchest)
[24Dec2025 19:08:27.830] [main/DEBUG] [mixin/]: Instancing new MixinPlatformAgentMinecraftForge for SecureJarResource(ironchest)
[24Dec2025 19:08:27.830] [main/DEBUG] [mixin/]: MixinPlatformAgentMinecraftForge rejected container SecureJarResource(ironchest)
[24Dec2025 19:08:27.830] [main/DEBUG] [mixin/]: Instancing new MixinPlatformAgentDefault for SecureJarResource(ironchest)
[24Dec2025 19:08:27.830] [main/DEBUG] [mixin/]: MixinPlatformAgentDefault accepted container SecureJarResource(ironchest)
[24Dec2025 19:08:27.830] [main/DEBUG] [mixin/]: Processing prepare() for PlatformAgent[MixinPlatformAgentDefault:SecureJarResource(ironchest)]
[24Dec2025 19:08:27.830] [main/DEBUG] [mixin/]: Adding mixin platform agents for container SecureJarResource(mclib)
[24Dec2025 19:08:27.830] [main/DEBUG] [mixin/]: Instancing new MixinPlatformAgentMinecraftForge for SecureJarResource(mclib)
[24Dec2025 19:08:27.830] [main/DEBUG] [mixin/]: MixinPlatformAgentMinecraftForge rejected container SecureJarResource(mclib)
[24Dec2025 19:08:27.830] [main/DEBUG] [mixin/]: Instancing new MixinPlatformAgentDefault for SecureJarResource(mclib)
[24Dec2025 19:08:27.830] [main/DEBUG] [mixin/]: MixinPlatformAgentDefault accepted container SecureJarResource(mclib)
[24Dec2025 19:08:27.830] [main/DEBUG] [mixin/]: Processing prepare() for PlatformAgent[MixinPlatformAgentDefault:SecureJarResource(mclib)]
[24Dec2025 19:08:27.830] [main/DEBUG] [mixin/]: Adding mixin platform agents for container SecureJarResource(MixinExtras)
[24Dec2025 19:08:27.831] [main/DEBUG] [mixin/]: Instancing new MixinPlatformAgentMinecraftForge for SecureJarResource(MixinExtras)
[24Dec2025 19:08:27.831] [main/DEBUG] [mixin/]: MixinPlatformAgentMinecraftForge rejected container SecureJarResource(MixinExtras)
[24Dec2025 19:08:27.831] [main/DEBUG] [mixin/]: Instancing new MixinPlatformAgentDefault for SecureJarResource(MixinExtras)
[24Dec2025 19:08:27.831] [main/DEBUG] [mixin/]: MixinPlatformAgentDefault accepted container SecureJarResource(MixinExtras)
[24Dec2025 19:08:27.831] [main/DEBUG] [mixin/]: Processing prepare() for PlatformAgent[MixinPlatformAgentDefault:SecureJarResource(MixinExtras)]
[24Dec2025 19:08:27.831] [main/DEBUG] [mixin/]: inject() running with 29 agents
[24Dec2025 19:08:27.831] [main/DEBUG] [mixin/]: Processing inject() for PlatformAgent[MixinPlatformAgentDefault:ModLauncher Root Container(ModLauncher:4f56a0a2)]
[24Dec2025 19:08:27.831] [main/DEBUG] [mixin/]: Processing inject() for PlatformAgent[MixinPlatformAgentDefault:SecureJarResource(minecraft)]
[24Dec2025 19:08:27.831] [main/DEBUG] [mixin/]: Processing inject() for PlatformAgent[MixinPlatformAgentDefault:SecureJarResource(tconstruct)]
[24Dec2025 19:08:27.831] [main/DEBUG] [mixin/]: Processing inject() for PlatformAgent[MixinPlatformAgentDefault:SecureJarResource(farmersdelight)]
[24Dec2025 19:08:27.832] [main/DEBUG] [mixin/]: Processing inject() for PlatformAgent[MixinPlatformAgentDefault:SecureJarResource(mowziesmobs)]
[24Dec2025 19:08:27.832] [main/DEBUG] [mixin/]: Processing inject() for PlatformAgent[MixinPlatformAgentDefault:SecureJarResource(geckolib)]
[24Dec2025 19:08:27.832] [main/DEBUG] [mixin/]: Processing inject() for PlatformAgent[MixinPlatformAgentDefault:SecureJarResource(do_a_barrel_roll)]
[24Dec2025 19:08:27.832] [main/DEBUG] [mixin/]: Processing inject() for PlatformAgent[MixinPlatformAgentDefault:SecureJarResource(chunky)]
[24Dec2025 19:08:27.832] [main/DEBUG] [mixin/]: Processing inject() for PlatformAgent[MixinPlatformAgentDefault:SecureJarResource(jei)]
[24Dec2025 19:08:27.832] [main/DEBUG] [mixin/]: Processing inject() for PlatformAgent[MixinPlatformAgentDefault:SecureJarResource(sophisticatedcore)]
[24Dec2025 19:08:27.832] [main/DEBUG] [mixin/]: Processing inject() for PlatformAgent[MixinPlatformAgentDefault:SecureJarResource(mantle)]
[24Dec2025 19:08:27.832] [main/DEBUG] [mixin/]: Processing inject() for PlatformAgent[MixinPlatformAgentDefault:SecureJarResource(xaerominimap)]
[24Dec2025 19:08:27.832] [main/DEBUG] [mixin/]: Processing inject() for PlatformAgent[MixinPlatformAgentDefault:SecureJarResource(xaeroworldmap)]
[24Dec2025 19:08:27.832] [main/DEBUG] [mixin/]: Processing inject() for PlatformAgent[MixinPlatformAgentDefault:SecureJarResource(securitycraft)]
[24Dec2025 19:08:27.832] [main/DEBUG] [mixin/]: Processing inject() for PlatformAgent[MixinPlatformAgentDefault:SecureJarResource(mixinextras)]
[24Dec2025 19:08:27.833] [main/DEBUG] [mixin/]: Processing inject() for PlatformAgent[MixinPlatformAgentDefault:SecureJarResource(sophisticatedbackpacks)]
[24Dec2025 19:08:27.833] [main/DEBUG] [mixin/]: Processing inject() for PlatformAgent[MixinPlatformAgentDefault:SecureJarResource(coroutil)]
[24Dec2025 19:08:27.833] [main/DEBUG] [mixin/]: Processing inject() for PlatformAgent[MixinPlatformAgentDefault:SecureJarResource(carryon)]
[24Dec2025 19:08:27.833] [main/DEBUG] [mixin/]: Processing inject() for PlatformAgent[MixinPlatformAgentDefault:SecureJarResource(betterf3)]
[24Dec2025 19:08:27.833] [main/DEBUG] [mixin/]: Processing inject() for PlatformAgent[MixinPlatformAgentDefault:SecureJarResource(watut)]
[24Dec2025 19:08:27.833] [main/DEBUG] [mixin/]: Processing inject() for PlatformAgent[MixinPlatformAgentDefault:SecureJarResource(cloth_config)]
[24Dec2025 19:08:27.833] [main/DEBUG] [mixin/]: Processing inject() for PlatformAgent[MixinPlatformAgentDefault:SecureJarResource(voicechat)]
[24Dec2025 19:08:27.833] [main/DEBUG] [mixin/]: Processing inject() for PlatformAgent[MixinPlatformAgentDefault:SecureJarResource(forge)]
[24Dec2025 19:08:27.833] [main/DEBUG] [mixin/]: Processing inject() for PlatformAgent[MixinPlatformAgentDefault:SecureJarResource(zeta)]
[24Dec2025 19:08:27.833] [main/DEBUG] [mixin/]: Processing inject() for PlatformAgent[MixinPlatformAgentDefault:SecureJarResource(quark)]
[24Dec2025 19:08:27.833] [main/DEBUG] [mixin/]: Processing inject() for PlatformAgent[MixinPlatformAgentDefault:SecureJarResource(embeddium)]
[24Dec2025 19:08:27.833] [main/DEBUG] [mixin/]: Processing inject() for PlatformAgent[MixinPlatformAgentDefault:SecureJarResource(ironchest)]
[24Dec2025 19:08:27.833] [main/DEBUG] [mixin/]: Processing inject() for PlatformAgent[MixinPlatformAgentDefault:SecureJarResource(mclib)]
[24Dec2025 19:08:27.834] [main/DEBUG] [mixin/]: Processing inject() for PlatformAgent[MixinPlatformAgentDefault:SecureJarResource(MixinExtras)]
[24Dec2025 19:08:27.834] [main/INFO] [cpw.mods.modlauncher.LaunchServiceHandler/MODLAUNCHER]: Launching target 'forgeserver' with arguments [nogui]
[24Dec2025 19:08:27.862] [main/DEBUG] [mixin/]: Error cleaning class output directory: .mixin.out
[24Dec2025 19:08:27.863] [main/DEBUG] [mixin/]: Preparing mixins for MixinEnvironment[DEFAULT]
[24Dec2025 19:08:27.863] [main/DEBUG] [mixin/]: Selecting config farmersdelight.mixins.json
[24Dec2025 19:08:27.866] [main/DEBUG] [mixin/]: Selecting config mowziesmobs.mixins.json
[24Dec2025 19:08:27.867] [main/DEBUG] [mixin/]: Selecting config geckolib.mixins.json
[24Dec2025 19:08:27.868] [main/DEBUG] [mixin/]: Selecting config do_a_barrel_roll.mixins.json
[24Dec2025 19:08:27.869] [main/DEBUG] [mixin/]: Selecting config do_a_barrel_roll.forge.mixins.json
[24Dec2025 19:08:27.871] [main/DEBUG] [mixin/]: Selecting config xaerohud.mixins.json
[24Dec2025 19:08:27.872] [main/DEBUG] [mixin/]: Selecting config xaerohud.forge.mixins.json
[24Dec2025 19:08:27.873] [main/DEBUG] [mixin/]: Selecting config xaerominimap.mixins.json
[24Dec2025 19:08:27.875] [main/DEBUG] [mixin/]: Selecting config xaerominimap.forge.mixins.json
[24Dec2025 19:08:27.876] [main/DEBUG] [mixin/]: Selecting config xaeroworldmap.mixins.json
[24Dec2025 19:08:27.884] [main/DEBUG] [mixin/]: Selecting config xaeroworldmap.forge.mixins.json
[24Dec2025 19:08:27.885] [main/DEBUG] [mixin/]: Selecting config securitycraft.mixins.json
[24Dec2025 19:08:27.886] [main/DEBUG] [mixin/]: Selecting config mixinextras.init.mixins.json
[24Dec2025 19:08:27.916] [main/DEBUG] [MixinExtras|Service/]: com.llamalad7.mixinextras.service.MixinExtrasServiceImpl(version=0.3.5) is taking over from null
[24Dec2025 19:08:27.943] [main/DEBUG] [mixin/]: Registering new injector for @Inject with org.spongepowered.asm.mixin.injection.struct.CallbackInjectionInfo
[24Dec2025 19:08:27.944] [main/DEBUG] [mixin/]: Registering new injector for @ModifyArg with org.spongepowered.asm.mixin.injection.struct.ModifyArgInjectionInfo
[24Dec2025 19:08:27.945] [main/DEBUG] [mixin/]: Registering new injector for @ModifyArgs with org.spongepowered.asm.mixin.injection.struct.ModifyArgsInjectionInfo
[24Dec2025 19:08:27.946] [main/DEBUG] [mixin/]: Registering new injector for @Redirect with org.spongepowered.asm.mixin.injection.struct.RedirectInjectionInfo
[24Dec2025 19:08:27.948] [main/DEBUG] [mixin/]: Registering new injector for @ModifyVariable with org.spongepowered.asm.mixin.injection.struct.ModifyVariableInjectionInfo
[24Dec2025 19:08:27.949] [main/DEBUG] [mixin/]: Registering new injector for @ModifyConstant with org.spongepowered.asm.mixin.injection.struct.ModifyConstantInjectionInfo
[24Dec2025 19:08:27.959] [main/DEBUG] [mixin/]: Selecting config coroutil.mixins.json
[24Dec2025 19:08:27.961] [main/WARN] [mixin/]: Reference map 'coroutil.refmap.json' for coroutil.mixins.json could not be read. If this is a development environment you can ignore this message
[24Dec2025 19:08:27.961] [main/DEBUG] [mixin/]: Selecting config carryon.mixins.json
[24Dec2025 19:08:27.963] [main/DEBUG] [mixin/]: Selecting config carryon.forge.mixins.json
[24Dec2025 19:08:27.964] [main/DEBUG] [mixin/]: Selecting config betterf3.mixins.json
[24Dec2025 19:08:27.965] [main/DEBUG] [mixin/]: Selecting config betterf3.forge.mixins.json
[24Dec2025 19:08:27.966] [main/DEBUG] [mixin/]: Selecting config watut.mixins.json
[24Dec2025 19:08:27.967] [main/DEBUG] [mixin/]: Selecting config zeta.mixins.json
[24Dec2025 19:08:27.969] [main/DEBUG] [mixin/]: Selecting config zeta_forge.mixins.json
[24Dec2025 19:08:27.972] [main/DEBUG] [mixin/]: Selecting config quark.mixins.json
[24Dec2025 19:08:27.976] [main/DEBUG] [mixin/]: Selecting config quark_integrations.mixins.json
[24Dec2025 19:08:27.979] [main/DEBUG] [mixin/]: Selecting config embeddium.mixins.json
[24Dec2025 19:08:27.985] [main/INFO] [Embeddium/]: Loaded configuration file for Embeddium: 72 options available, 0 override(s) found
[24Dec2025 19:08:27.991] [main/DEBUG] [mixin/]: Preparing farmersdelight.mixins.json (10)
[24Dec2025 19:08:28.049] [main/DEBUG] [mixin/]: Preparing mowziesmobs.mixins.json (1)
[24Dec2025 19:08:28.060] [main/DEBUG] [mixin/]: Preparing geckolib.mixins.json (1)
[24Dec2025 19:08:28.060] [main/DEBUG] [mixin/]: Preparing do_a_barrel_roll.mixins.json (18)
[24Dec2025 19:08:28.143] [main/DEBUG] [mixin/]: Preparing do_a_barrel_roll.forge.mixins.json (1)
[24Dec2025 19:08:28.143] [main/DEBUG] [mixin/]: Preparing xaerohud.mixins.json (22)
[24Dec2025 19:08:28.177] [main/DEBUG] [mixin/]: Preparing xaerohud.forge.mixins.json (0)
[24Dec2025 19:08:28.177] [main/DEBUG] [mixin/]: Preparing xaerominimap.mixins.json (0)
[24Dec2025 19:08:28.177] [main/DEBUG] [mixin/]: Preparing xaerominimap.forge.mixins.json (0)
[24Dec2025 19:08:28.177] [main/DEBUG] [mixin/]: Preparing xaeroworldmap.mixins.json (12)
[24Dec2025 19:08:28.179] [main/DEBUG] [mixin/]: Preparing xaeroworldmap.forge.mixins.json (2)
[24Dec2025 19:08:28.180] [main/DEBUG] [mixin/]: Preparing securitycraft.mixins.json (24)
[24Dec2025 19:08:28.225] [main/DEBUG] [net.minecraftforge.coremod.transformer.CoreModBaseTransformer/COREMOD]: Transforming net/minecraft/world/level/levelgen/structure/templatesystem/StructureTemplate
[24Dec2025 19:08:28.509] [main/DEBUG] [mixin/]: Preparing mixinextras.init.mixins.json (0)
[24Dec2025 19:08:28.512] [main/DEBUG] [mixin/]: Preparing coroutil.mixins.json (0)
[24Dec2025 19:08:28.512] [main/DEBUG] [mixin/]: Preparing carryon.mixins.json (5)
[24Dec2025 19:08:28.518] [main/DEBUG] [mixin/]: Preparing carryon.forge.mixins.json (0)
[24Dec2025 19:08:28.518] [main/DEBUG] [mixin/]: Preparing betterf3.mixins.json (10)
[24Dec2025 19:08:28.518] [main/DEBUG] [mixin/]: Preparing betterf3.forge.mixins.json (1)
[24Dec2025 19:08:28.518] [main/DEBUG] [mixin/]: Preparing watut.mixins.json (9)
[24Dec2025 19:08:28.529] [main/DEBUG] [mixin/]: Preparing zeta.mixins.json (7)
[24Dec2025 19:08:28.546] [main/DEBUG] [mixin/]: Preparing zeta_forge.mixins.json (9)
[24Dec2025 19:08:28.572] [main/DEBUG] [mixin/]: Preparing quark.mixins.json (115)
[24Dec2025 19:08:28.674] [main/DEBUG] [net.minecraftforge.coremod.transformer.CoreModBaseTransformer/COREMOD]: Transforming net/minecraft/world/item/ItemStack
[24Dec2025 19:08:28.736] [main/DEBUG] [net.minecraftforge.coremod.transformer.CoreModBaseTransformer/COREMOD]: Transforming net/minecraft/world/entity/npc/Villager
[24Dec2025 19:08:28.906] [main/DEBUG] [mixin/]: Preparing quark_integrations.mixins.json (1)
[24Dec2025 19:08:28.909] [main/WARN] [mixin/]: Error loading class: noobanidus/mods/lootr/config/ConfigManager (java.lang.ClassNotFoundException: noobanidus.mods.lootr.config.ConfigManager)
[24Dec2025 19:08:28.909] [main/WARN] [mixin/]: @Mixin target noobanidus.mods.lootr.config.ConfigManager was not found quark_integrations.mixins.json:lootr.ConfigManagerMixin
[24Dec2025 19:08:28.909] [main/DEBUG] [mixin/]: Preparing embeddium.mixins.json (0)
[24Dec2025 19:08:28.969] [main/DEBUG] [mixin/]: Prepared 132 mixins in 1.105 sec (8.4ms avg) (0ms load, 0ms transform, 0ms plugin)
[24Dec2025 19:08:28.981] [main/INFO] [MixinExtras|Service/]: Initializing MixinExtras via com.llamalad7.mixinextras.service.MixinExtrasServiceImpl(version=0.3.5).
[24Dec2025 19:08:28.983] [main/DEBUG] [mixin/]: Registering new injector for @SugarWrapper with com.llamalad7.mixinextras.sugar.impl.SugarWrapperInjectionInfo
[24Dec2025 19:08:28.983] [main/DEBUG] [mixin/]: Registering new injector for @FactoryRedirectWrapper with com.llamalad7.mixinextras.wrapper.factory.FactoryRedirectWrapperInjectionInfo
[24Dec2025 19:08:28.988] [main/DEBUG] [mixin/]: Mixing MixinMinecraftServer from xaerohud.mixins.json into net.minecraft.server.MinecraftServer
[24Dec2025 19:08:28.997] [main/DEBUG] [mixin/]: Mixing MixinMinecraftServer from xaeroworldmap.mixins.json into net.minecraft.server.MinecraftServer
[24Dec2025 19:08:29.041] [main/DEBUG] [io.netty.util.internal.logging.InternalLoggerFactory/]: Using SLF4J as the default logging framework
[24Dec2025 19:08:29.043] [main/DEBUG] [io.netty.util.ResourceLeakDetector/]: -Dio.netty.leakDetection.level: simple
[24Dec2025 19:08:29.043] [main/DEBUG] [io.netty.util.ResourceLeakDetector/]: -Dio.netty.leakDetection.targetRecords: 4
[24Dec2025 19:08:29.225] [main/DEBUG] [oshi.util.FileUtil/]: No oshi.properties file found from ClassLoader cpw.mods.modlauncher.TransformingClassLoader@55fdf7f9
[24Dec2025 19:08:29.226] [main/DEBUG] [oshi.util.FileUtil/]: No oshi.properties file found from ClassLoader jdk.internal.loader.ClassLoaders$AppClassLoader@76ed5528
[24Dec2025 19:08:29.281] [main/DEBUG] [oshi.util.FileUtil/]: Reading file /proc/self/auxv
[24Dec2025 19:08:29.282] [main/DEBUG] [oshi.util.FileUtil/]: Reading file /proc/self/auxv
[24Dec2025 19:08:29.286] [main/DEBUG] [oshi.util.FileUtil/]: Reading file /proc/stat
[24Dec2025 19:08:29.294] [main/DEBUG] [oshi.util.FileUtil/]: Reading file /sys/devices/system/cpu/cpu0/topology/core_id
[24Dec2025 19:08:29.294] [main/DEBUG] [oshi.util.FileUtil/]: Reading file /sys/devices/system/cpu/cpu0/topology/core_id
[24Dec2025 19:08:29.294] [main/DEBUG] [oshi.util.FileUtil/]: Reading file /sys/devices/system/cpu/cpu0/topology/physical_package_id
[24Dec2025 19:08:29.294] [main/DEBUG] [oshi.util.FileUtil/]: Reading file /sys/devices/system/cpu/cpu0/topology/physical_package_id
[24Dec2025 19:08:29.295] [main/DEBUG] [oshi.util.FileUtil/]: Reading file /sys/devices/system/cpu/cpu0/cpu_capacity
[24Dec2025 19:08:29.296] [main/DEBUG] [oshi.util.FileUtil/]: Reading file /sys/devices/system/cpu/cpu1/topology/core_id
[24Dec2025 19:08:29.296] [main/DEBUG] [oshi.util.FileUtil/]: Reading file /sys/devices/system/cpu/cpu1/topology/core_id
[24Dec2025 19:08:29.297] [main/DEBUG] [oshi.util.FileUtil/]: Reading file /sys/devices/system/cpu/cpu1/topology/physical_package_id
[24Dec2025 19:08:29.297] [main/DEBUG] [oshi.util.FileUtil/]: Reading file /sys/devices/system/cpu/cpu1/topology/physical_package_id
[24Dec2025 19:08:29.297] [main/DEBUG] [oshi.util.FileUtil/]: Reading file /sys/devices/system/cpu/cpu1/cpu_capacity
[24Dec2025 19:08:29.297] [main/DEBUG] [oshi.util.FileUtil/]: Reading file /sys/devices/system/cpu/cpu2/topology/core_id
[24Dec2025 19:08:29.297] [main/DEBUG] [oshi.util.FileUtil/]: Reading file /sys/devices/system/cpu/cpu2/topology/core_id
[24Dec2025 19:08:29.297] [main/DEBUG] [oshi.util.FileUtil/]: Reading file /sys/devices/system/cpu/cpu2/topology/physical_package_id
[24Dec2025 19:08:29.298] [main/DEBUG] [oshi.util.FileUtil/]: Reading file /sys/devices/system/cpu/cpu2/topology/physical_package_id
[24Dec2025 19:08:29.298] [main/DEBUG] [oshi.util.FileUtil/]: Reading file /sys/devices/system/cpu/cpu2/cpu_capacity
[24Dec2025 19:08:29.299] [main/DEBUG] [oshi.util.FileUtil/]: Reading file /sys/devices/system/cpu/cpu3/topology/core_id
[24Dec2025 19:08:29.299] [main/DEBUG] [oshi.util.FileUtil/]: Reading file /sys/devices/system/cpu/cpu3/topology/core_id
[24Dec2025 19:08:29.299] [main/DEBUG] [oshi.util.FileUtil/]: Reading file /sys/devices/system/cpu/cpu3/topology/physical_package_id
[24Dec2025 19:08:29.299] [main/DEBUG] [oshi.util.FileUtil/]: Reading file /sys/devices/system/cpu/cpu3/topology/physical_package_id
[24Dec2025 19:08:29.299] [main/DEBUG] [oshi.util.FileUtil/]: Reading file /sys/devices/system/cpu/cpu3/cpu_capacity
[24Dec2025 19:08:29.301] [main/DEBUG] [oshi.util.FileUtil/]: Reading file /proc/cpuinfo
[24Dec2025 19:08:29.312] [main/DEBUG] [oshi.util.FileUtil/]: Reading file /proc/self/auxv
[24Dec2025 19:08:29.314] [main/DEBUG] [oshi.util.FileUtil/]: No oshi.architecture.properties file found from ClassLoader cpw.mods.modlauncher.TransformingClassLoader@55fdf7f9
[24Dec2025 19:08:29.315] [main/DEBUG] [oshi.util.FileUtil/]: No oshi.architecture.properties file found from ClassLoader jdk.internal.loader.ClassLoaders$AppClassLoader@76ed5528
[24Dec2025 19:08:29.336] [main/DEBUG] [oshi.util.FileUtil/]: Reading file /proc/meminfo
[24Dec2025 19:08:29.336] [main/DEBUG] [oshi.util.FileUtil/]: Reading file /proc/meminfo
[24Dec2025 19:08:29.552] [main/DEBUG] [mixin/]: Mixing BlockBehaviourMixin from quark.mixins.json into net.minecraft.world.level.block.state.BlockBehaviour
[24Dec2025 19:08:29.609] [main/DEBUG] [mixin/]: Mixing BlockBehaviorUse from watut.mixins.json into net.minecraft.world.level.block.state.BlockBehaviour$BlockStateBase
[24Dec2025 19:08:29.654] [main/DEBUG] [mixin/]: Mixing roll.entity.EntityMixin from do_a_barrel_roll.mixins.json into net.minecraft.world.entity.Entity
[24Dec2025 19:08:29.657] [main/DEBUG] [mixin/]: Mixing EntityMixin from carryon.mixins.json into net.minecraft.world.entity.Entity
[24Dec2025 19:08:29.682] [main/DEBUG] [mixin/]: Mixing EntityMixin from quark.mixins.json into net.minecraft.world.entity.Entity
[24Dec2025 19:08:29.779] [main/DEBUG] [mixin/]: Mixing LivingEntityMixin from do_a_barrel_roll.mixins.json into net.minecraft.world.entity.LivingEntity
[24Dec2025 19:08:29.790] [main/DEBUG] [mixin/]: Mixing roll.entity.LivingEntityMixin from do_a_barrel_roll.mixins.json into net.minecraft.world.entity.LivingEntity
[24Dec2025 19:08:29.790] [main/DEBUG] [mixin/]: Mixing accessor.AccessorLivingEntity from quark.mixins.json into net.minecraft.world.entity.LivingEntity
[24Dec2025 19:08:29.918] [main/DEBUG] [mixin/]: Mixing roll.entity.PlayerEntityMixin from do_a_barrel_roll.mixins.json into net.minecraft.world.entity.player.Player
[24Dec2025 19:08:29.931] [main/DEBUG] [mixin/]: Mixing PlayerMixin from carryon.mixins.json into net.minecraft.world.entity.player.Player
[24Dec2025 19:08:29.964] [main/DEBUG] [net.minecraftforge.coremod.transformer.CoreModBaseTransformer/COREMOD]: Transforming net/minecraft/world/entity/EntityType
[24Dec2025 19:08:30.098] [main/DEBUG] [mixin/]: Mixing ItemMixin from quark.mixins.json into net.minecraft.world.item.Item
[24Dec2025 19:08:30.111] [main/DEBUG] [mixin/]: Mixing IForgeItemMixin from quark.mixins.json into net.minecraftforge.common.extensions.IForgeItem
[24Dec2025 19:08:30.123] [main/DEBUG] [net.minecraftforge.coremod.transformer.CoreModBaseTransformer/COREMOD]: Transforming net/minecraft/world/entity/EntityType
[24Dec2025 19:08:30.218] [main/DEBUG] [mixin/]: Mixing EnchantmentMixin from quark.mixins.json into net.minecraft.world.item.enchantment.Enchantment
[24Dec2025 19:08:30.274] [main/DEBUG] [mixin/]: Mixing KeepRichSoilGiantTreeMixin from farmersdelight.mixins.json into net.minecraft.world.level.levelgen.feature.Feature
[24Dec2025 19:08:30.275] [main/DEBUG] [mixin/]: Renaming synthetic method lambda$keepRichSoil$0(Lnet/minecraft/world/level/block/state/BlockState;)Z to md935eec$lambda$keepRichSoil$0$0 in farmersdelight.mixins.json:KeepRichSoilGiantTreeMixin
[24Dec2025 19:08:30.310] [main/DEBUG] [mixin/]: Mixing CreativeModeTabsMixin from quark.mixins.json into net.minecraft.world.item.CreativeModeTabs
[24Dec2025 19:08:30.311] [main/DEBUG] [mixin/]: Renaming synthetic method lambda$quark$filterEnchantments2$1(Lnet/minecraft/world/item/enchantment/Enchantment;)Z to md935eec$lambda$quark$filterEnchantments2$1$0 in quark.mixins.json:CreativeModeTabsMixin
[24Dec2025 19:08:30.311] [main/DEBUG] [mixin/]: Renaming synthetic method lambda$quark$filterEnchantments$0(Lnet/minecraft/world/item/enchantment/Enchantment;)Z to md935eec$lambda$quark$filterEnchantments$0$1 in quark.mixins.json:CreativeModeTabsMixin
[24Dec2025 19:08:30.534] [main/DEBUG] [net.minecraftforge.coremod.transformer.CoreModBaseTransformer/COREMOD]: Transforming net/minecraft/world/level/block/LiquidBlock
[24Dec2025 19:08:30.552] [main/DEBUG] [mixin/]: Mixing SpongeBlockMixin from quark.mixins.json into net.minecraft.world.level.block.SpongeBlock
[24Dec2025 19:08:30.567] [main/DEBUG] [mixin/]: Mixing HalfTransparentBlockMixin from quark.mixins.json into net.minecraft.world.level.block.HalfTransparentBlock
[24Dec2025 19:08:30.589] [main/DEBUG] [mixin/]: Mixing CuttingBoardDispenserMixin from farmersdelight.mixins.json into net.minecraft.world.level.block.DispenserBlock
[24Dec2025 19:08:30.615] [main/DEBUG] [mixin/]: Mixing PistonBaseBlockMixin from zeta.mixins.json into net.minecraft.world.level.block.piston.PistonBaseBlock
[24Dec2025 19:08:30.617] [main/DEBUG] [mixin/]: Mixing PistonBaseBlockMixin from quark.mixins.json into net.minecraft.world.level.block.piston.PistonBaseBlock
[24Dec2025 19:08:30.695] [main/DEBUG] [net.minecraftforge.coremod.transformer.CoreModBaseTransformer/COREMOD]: Transforming net/minecraft/world/level/block/StairBlock
[24Dec2025 19:08:30.706] [main/DEBUG] [mixin/]: Mixing KeepRichSoilUntrampledMixin from farmersdelight.mixins.json into net.minecraft.world.level.block.FarmBlock
[24Dec2025 19:08:30.716] [main/DEBUG] [mixin/]: Mixing LadderBlockMixin from quark.mixins.json into net.minecraft.world.level.block.LadderBlock
[24Dec2025 19:08:30.727] [main/DEBUG] [mixin/]: Mixing CeilingHangingSignBlockMixin from quark.mixins.json into net.minecraft.world.level.block.CeilingHangingSignBlock
[24Dec2025 19:08:30.764] [main/DEBUG] [mixin/]: Mixing IronBarsBlockMixin from quark.mixins.json into net.minecraft.world.level.block.IronBarsBlock
[24Dec2025 19:08:30.809] [main/DEBUG] [mixin/]: Mixing TripWireHookBlockMixin from quark.mixins.json into net.minecraft.world.level.block.TripWireHookBlock
[24Dec2025 19:08:30.823] [main/DEBUG] [mixin/]: Mixing WallBlockMixin from quark.mixins.json into net.minecraft.world.level.block.WallBlock
[24Dec2025 19:08:30.829] [main/DEBUG] [net.minecraftforge.coremod.transformer.CoreModBaseTransformer/COREMOD]: Transforming net/minecraft/world/level/block/FlowerPotBlock
[24Dec2025 19:08:30.877] [main/DEBUG] [mixin/]: Mixing ConcretePowderBlockMixin from quark.mixins.json into net.minecraft.world.level.block.ConcretePowderBlock
[24Dec2025 19:08:30.895] [main/DEBUG] [mixin/]: Mixing BaseCoralPlantTypeBlockMixin from quark.mixins.json into net.minecraft.world.level.block.BaseCoralPlantTypeBlock
[24Dec2025 19:08:30.911] [main/DEBUG] [mixin/]: Mixing reinforced.BubbleColumnBlockMixin from securitycraft.mixins.json into net.minecraft.world.level.block.BubbleColumnBlock
[24Dec2025 19:08:30.949] [main/DEBUG] [mixin/]: Mixing LanternBlockMixin from quark.mixins.json into net.minecraft.world.level.block.LanternBlock
[24Dec2025 19:08:30.952] [main/DEBUG] [mixin/]: Mixing CampfireBaleMixin from farmersdelight.mixins.json into net.minecraft.world.level.block.CampfireBlock
[24Dec2025 19:08:30.982] [main/DEBUG] [mixin/]: Mixing WeatheringCopperMixin from zeta_forge.mixins.json into net.minecraft.world.level.block.WeatheringCopper
[24Dec2025 19:08:31.012] [main/DEBUG] [mixin/]: Mixing BlockBehaviourMixin from mowziesmobs.mixins.json into net.minecraft.world.level.block.state.BlockBehaviour$Properties
[24Dec2025 19:08:31.145] [main/DEBUG] [mixin/]: Mixing FallingBlockEntityMixin from quark.mixins.json into net.minecraft.world.entity.item.FallingBlockEntity
[24Dec2025 19:08:31.447] [main/DEBUG] [mixin/]: Mixing AccessorPistonStructureResolver from zeta.mixins.json into net.minecraft.world.level.block.piston.PistonStructureResolver
[24Dec2025 19:08:31.468] [main/DEBUG] [mixin/]: Mixing PistonMovingBlockEntityMixin from quark.mixins.json into net.minecraft.world.level.block.piston.PistonMovingBlockEntity
[24Dec2025 19:08:31.504] [main/DEBUG] [mixin/]: Mixing KeepRichSoilTreeMixin from farmersdelight.mixins.json into net.minecraft.world.level.levelgen.feature.trunkplacers.TrunkPlacer
[24Dec2025 19:08:31.504] [main/DEBUG] [mixin/]: Renaming synthetic method lambda$cancelSetDirtIfRichSoil$0(Lnet/minecraft/world/level/block/state/BlockState;)Z to md935eec$lambda$cancelSetDirtIfRichSoil$0$0 in farmersdelight.mixins.json:KeepRichSoilTreeMixin
[24Dec2025 19:08:31.655] [main/DEBUG] [mixin/]: Mixing SpawnerBlockEntityMixin from quark.mixins.json into net.minecraft.world.level.block.entity.SpawnerBlockEntity
[24Dec2025 19:08:31.770] [main/DEBUG] [mixin/]: Mixing AbstractContainerMenuDoClick from watut.mixins.json into net.minecraft.world.inventory.AbstractContainerMenu
[24Dec2025 19:08:31.836] [main/DEBUG] [net.minecraftforge.coremod.transformer.CoreModBaseTransformer/COREMOD]: Transforming net/minecraft/world/item/ItemStack
[24Dec2025 19:08:31.837] [main/DEBUG] [mixin/]: Mixing ItemStackMixin from quark.mixins.json into net.minecraft.world.item.ItemStack
[24Dec2025 19:08:31.960] [main/DEBUG] [mixin/]: Mixing accessor.AccessorAbstractArrow from quark.mixins.json into net.minecraft.world.entity.projectile.AbstractArrow
[24Dec2025 19:08:32.124] [main/DEBUG] [mixin/]: Mixing BeaconBlockEntityMixin from quark.mixins.json into net.minecraft.world.level.block.entity.BeaconBlockEntity
[24Dec2025 19:08:32.265] [main/DEBUG] [mixin/]: Mixing AnvilMenuMixin from quark.mixins.json into net.minecraft.world.inventory.AnvilMenu
[24Dec2025 19:08:32.428] [main/DEBUG] [mixin/]: Mixing AnimalMixin from quark.mixins.json into net.minecraft.world.entity.animal.Animal
[24Dec2025 19:08:32.645] [main/DEBUG] [mixin/]: Mixing LoomMenuMixin from quark.mixins.json into net.minecraft.world.inventory.LoomMenu
[24Dec2025 19:08:32.702] [main/DEBUG] [mixin/]: Mixing BeehiveBlockEntityMixin from quark.mixins.json into net.minecraft.world.level.block.entity.BeehiveBlockEntity
[24Dec2025 19:08:32.802] [main/DEBUG] [mixin/]: Mixing LightningBoltMixin from quark.mixins.json into net.minecraft.world.entity.LightningBolt
[24Dec2025 19:08:32.880] [main/DEBUG] [net.minecraftforge.coremod.transformer.CoreModBaseTransformer/COREMOD]: Transforming net/minecraft/world/entity/animal/frog/Tadpole
[24Dec2025 19:08:32.908] [main/DEBUG] [mixin/]: Mixing BlockItemMixin from quark.mixins.json into net.minecraft.world.item.BlockItem
[24Dec2025 19:08:32.909] [main/DEBUG] [mixin/]: Mixing accessor.AccessorBlockItem from quark.mixins.json into net.minecraft.world.item.BlockItem
[24Dec2025 19:08:32.916] [main/DEBUG] [mixin/]: Mixing ElytraItemMixin from quark.mixins.json into net.minecraft.world.item.ElytraItem
[24Dec2025 19:08:32.918] [main/DEBUG] [mixin/]: Mixing boat.BoatItemMixin from securitycraft.mixins.json into net.minecraft.world.item.BoatItem
[24Dec2025 19:08:32.925] [main/DEBUG] [mixin/]: Mixing reinforced.SwordAndShearsItemMixin from securitycraft.mixins.json into net.minecraft.world.item.SwordItem
[24Dec2025 19:08:32.929] [main/DEBUG] [mixin/]: Mixing DiggerItemMixin from quark.mixins.json into net.minecraft.world.item.DiggerItem
[24Dec2025 19:08:32.934] [main/DEBUG] [mixin/]: Mixing SoupItemMixin from farmersdelight.mixins.json into net.minecraft.world.item.BowlFoodItem
[24Dec2025 19:08:32.949] [main/DEBUG] [net.minecraftforge.coremod.transformer.CoreModBaseTransformer/COREMOD]: Transforming net/minecraft/world/item/BucketItem
[24Dec2025 19:08:32.963] [main/DEBUG] [mixin/]: Mixing reinforced.SwordAndShearsItemMixin from securitycraft.mixins.json into net.minecraft.world.item.ShearsItem
[24Dec2025 19:08:32.963] [main/DEBUG] [mixin/]: Mixing ShearsItemMixin from quark.mixins.json into net.minecraft.world.item.ShearsItem
[24Dec2025 19:08:32.970] [main/DEBUG] [mixin/]: Mixing reinforced.WritableAndWrittenBookItemMixin from securitycraft.mixins.json into net.minecraft.world.item.WritableBookItem
[24Dec2025 19:08:32.976] [main/DEBUG] [mixin/]: Mixing reinforced.WritableAndWrittenBookItemMixin from securitycraft.mixins.json into net.minecraft.world.item.WrittenBookItem
[24Dec2025 19:08:32.989] [main/DEBUG] [mixin/]: Mixing CrossbowMultishotMixin from quark.mixins.json into net.minecraft.world.item.CrossbowItem
[24Dec2025 19:08:32.996] [main/DEBUG] [mixin/]: Mixing suspiciousmines.BrushItemMixin from securitycraft.mixins.json into net.minecraft.world.item.BrushItem
[24Dec2025 19:08:32.996] [main/DEBUG] [mixin/]: Renaming synthetic method lambda$securitycraft$checkForSuspiciousMine$1(Lnet/minecraft/world/entity/player/Player;)V to md935eec$lambda$securitycraft$checkForSuspiciousMine$1$0 in securitycraft.mixins.json:suspiciousmines.BrushItemMixin
[24Dec2025 19:08:32.996] [main/DEBUG] [mixin/]: Renaming synthetic method lambda$securitycraft$makeSuspiciousMinesBrushablePartTwo$0(Lnet/minecraft/world/entity/Entity;)Z to md935eec$lambda$securitycraft$makeSuspiciousMinesBrushablePartTwo$0$1 in securitycraft.mixins.json:suspiciousmines.BrushItemMixin
[24Dec2025 19:08:33.575] [main/DEBUG] [mixin/]: Mixing ArmorStandMixin from quark.mixins.json into net.minecraft.world.entity.decoration.ArmorStand
[24Dec2025 19:08:33.586] [main/DEBUG] [mixin/]: Mixing ExperienceOrbMixin from quark.mixins.json into net.minecraft.world.entity.ExperienceOrb
[24Dec2025 19:08:33.596] [main/DEBUG] [mixin/]: Mixing TemptGoalMixin from quark.mixins.json into net.minecraft.world.entity.ai.goal.TemptGoal
[24Dec2025 19:08:33.617] [main/DEBUG] [mixin/]: Mixing boat.BoatMixin from securitycraft.mixins.json into net.minecraft.world.entity.vehicle.Boat
[24Dec2025 19:08:33.618] [main/DEBUG] [mixin/]: Mixing BoatMixin from quark.mixins.json into net.minecraft.world.entity.vehicle.Boat
[24Dec2025 19:08:33.649] [main/DEBUG] [net.minecraftforge.coremod.transformer.CoreModBaseTransformer/COREMOD]: Transforming net/minecraft/world/entity/monster/Spider
[24Dec2025 19:08:33.693] [main/DEBUG] [mixin/]: Mixing accessor.AccessorAbstractChestedHorse from quark.mixins.json into net.minecraft.world.entity.animal.horse.AbstractChestedHorse
[24Dec2025 19:08:33.700] [main/DEBUG] [net.minecraftforge.coremod.transformer.CoreModBaseTransformer/COREMOD]: Transforming net/minecraft/world/entity/monster/Zombie
[24Dec2025 19:08:33.746] [main/DEBUG] [net.minecraftforge.coremod.transformer.CoreModBaseTransformer/COREMOD]: Transforming net/minecraft/world/entity/monster/ZombieVillager
[24Dec2025 19:08:33.796] [main/DEBUG] [net.minecraftforge.coremod.transformer.CoreModBaseTransformer/COREMOD]: Transforming net/minecraft/world/entity/monster/Evoker$EvokerSummonSpellGoal
[24Dec2025 19:08:33.853] [main/DEBUG] [mixin/]: Mixing SlimeMixin from quark.mixins.json into net.minecraft.world.entity.monster.Slime
[24Dec2025 19:08:33.878] [main/DEBUG] [mixin/]: Mixing PigMixin from quark.mixins.json into net.minecraft.world.entity.animal.Pig
[24Dec2025 19:08:33.894] [main/DEBUG] [mixin/]: Mixing RabbitsEatCabbageMixin from farmersdelight.mixins.json into net.minecraft.world.entity.animal.Rabbit
[24Dec2025 19:08:33.913] [main/DEBUG] [net.minecraftforge.coremod.transformer.CoreModBaseTransformer/COREMOD]: Transforming net/minecraft/world/entity/animal/horse/SkeletonTrapGoal
[24Dec2025 19:08:33.936] [main/DEBUG] [net.minecraftforge.coremod.transformer.CoreModBaseTransformer/COREMOD]: Transforming net/minecraft/world/entity/monster/Strider
[24Dec2025 19:08:34.014] [main/DEBUG] [mixin/]: Mixing MixinServerPlayer from xaerohud.mixins.json into net.minecraft.server.level.ServerPlayer
[24Dec2025 19:08:34.016] [main/DEBUG] [mixin/]: Mixing MixinServerPlayer from xaeroworldmap.mixins.json into net.minecraft.server.level.ServerPlayer
[24Dec2025 19:08:34.017] [main/DEBUG] [mixin/]: Mixing camera.ServerPlayerMixin from securitycraft.mixins.json into net.minecraft.server.level.ServerPlayer
[24Dec2025 19:08:34.039] [main/DEBUG] [mixin/]: Mixing TemptingSensorMixin from quark.mixins.json into net.minecraft.world.entity.ai.sensing.TemptingSensor
[24Dec2025 19:08:34.040] [main/DEBUG] [mixin/]: Mixing accessor.AccessorTemptingSensor from quark.mixins.json into net.minecraft.world.entity.ai.sensing.TemptingSensor
[24Dec2025 19:08:34.050] [main/DEBUG] [mixin/]: Mixing accessor.AccessorChunkAccess from quark.mixins.json into net.minecraft.world.level.chunk.ChunkAccess
[24Dec2025 19:08:34.069] [main/DEBUG] [net.minecraftforge.coremod.transformer.CoreModBaseTransformer/COREMOD]: Transforming net/minecraft/world/entity/npc/Villager
[24Dec2025 19:08:34.131] [main/DEBUG] [mixin/]: Mixing VillagerMixin from quark.mixins.json into net.minecraft.world.entity.npc.Villager
[24Dec2025 19:08:34.139] [main/DEBUG] [mixin/]: Mixing AbstractVillagerMixin from quark.mixins.json into net.minecraft.world.entity.npc.AbstractVillager
[24Dec2025 19:08:34.146] [main/DEBUG] [mixin/]: Mixing MerchantMenuMixin from quark.mixins.json into net.minecraft.world.inventory.MerchantMenu
[24Dec2025 19:08:34.174] [main/DEBUG] [mixin/]: Mixing IngredientMixin from zeta_forge.mixins.json into net.minecraft.world.item.crafting.Ingredient
[24Dec2025 19:08:34.181] [main/DEBUG] [net.minecraftforge.coremod.transformer.CoreModBaseTransformer/COREMOD]: Transforming net/minecraft/world/effect/MobEffectInstance
[24Dec2025 19:08:34.206] [main/DEBUG] [mixin/]: Mixing passcode.ServerGamePacketListenerImplMixin from securitycraft.mixins.json into net.minecraft.server.network.ServerGamePacketListenerImpl
[24Dec2025 19:08:34.207] [main/DEBUG] [mixin/]: Mixing accessor.AccessorServerGamePacketListener from quark.mixins.json into net.minecraft.server.network.ServerGamePacketListenerImpl
[24Dec2025 19:08:34.222] [main/DEBUG] [mixin/]: Mixing AccessorPotionBrewing from zeta_forge.mixins.json into net.minecraft.world.item.alchemy.PotionBrewing
[24Dec2025 19:08:34.222] [main/DEBUG] [mixin/]: Renaming @Accessor method zeta$getPotionMixes()Ljava/util/List; to zeta$getPotionMixes_$md$935eec$0 in zeta_forge.mixins.json:AccessorPotionBrewing
[24Dec2025 19:08:34.258] [main/DEBUG] [mixin/]: Mixing DamageEnchantmentMixin from quark.mixins.json into net.minecraft.world.item.enchantment.DamageEnchantment
[24Dec2025 19:08:34.265] [main/DEBUG] [mixin/]: Mixing ArrowPiercingEnchantmentMixin from quark.mixins.json into net.minecraft.world.item.enchantment.ArrowPiercingEnchantment
[24Dec2025 19:08:34.281] [main/DEBUG] [mixin/]: Mixing potion.BrewingStandMenuMixin from securitycraft.mixins.json into net.minecraft.world.inventory.BrewingStandMenu
[24Dec2025 19:08:34.326] [main/DEBUG] [mixin/]: Mixing InventoryMixin from carryon.mixins.json into net.minecraft.world.entity.player.Inventory
[24Dec2025 19:08:34.356] [main/DEBUG] [mixin/]: Mixing BannerDuplicateRecipeMixin from quark.mixins.json into net.minecraft.world.item.crafting.BannerDuplicateRecipe
[24Dec2025 19:08:34.426] [main/DEBUG] [mixin/]: Mixing EnchantRandomlyFunctionMixin from quark.mixins.json into net.minecraft.world.level.storage.loot.functions.EnchantRandomlyFunction
[24Dec2025 19:08:34.525] [main/DEBUG] [mixin/]: Mixing SpringFeatureMixin from quark.mixins.json into net.minecraft.world.level.levelgen.feature.SpringFeature
[24Dec2025 19:08:34.530] [main/DEBUG] [mixin/]: Mixing HugeRedMushroomFeatureMixin from quark.mixins.json into net.minecraft.world.level.levelgen.feature.HugeRedMushroomFeature
[24Dec2025 19:08:34.533] [main/DEBUG] [mixin/]: Mixing HugeBrownMushroomFeatureMixin from quark.mixins.json into net.minecraft.world.level.levelgen.feature.HugeBrownMushroomFeature
[24Dec2025 19:08:34.644] [main/DEBUG] [net.minecraftforge.coremod.transformer.CoreModBaseTransformer/COREMOD]: Transforming net/minecraft/world/level/levelgen/structure/Structure
[24Dec2025 19:08:34.653] [main/DEBUG] [mixin/]: Mixing StructurePieceMixin from zeta.mixins.json into net.minecraft.world.level.levelgen.structure.StructurePiece
[24Dec2025 19:08:34.666] [main/DEBUG] [mixin/]: Mixing NetherFortressPiecesMixin$CastleEntranceMixin from quark.mixins.json into net.minecraft.world.level.levelgen.structure.structures.NetherFortressPieces$CastleEntrance
[24Dec2025 19:08:34.687] [main/DEBUG] [net.minecraftforge.coremod.transformer.CoreModBaseTransformer/COREMOD]: Transforming net/minecraft/world/level/levelgen/structure/structures/OceanRuinPieces$OceanRuinPiece
[24Dec2025 19:08:34.700] [main/DEBUG] [net.minecraftforge.coremod.transformer.CoreModBaseTransformer/COREMOD]: Transforming net/minecraft/world/level/levelgen/structure/structures/SwampHutPiece
[24Dec2025 19:08:34.712] [main/DEBUG] [net.minecraftforge.coremod.transformer.CoreModBaseTransformer/COREMOD]: Transforming net/minecraft/world/level/levelgen/structure/structures/OceanMonumentPieces$OceanMonumentPiece
[24Dec2025 19:08:34.736] [main/DEBUG] [net.minecraftforge.coremod.transformer.CoreModBaseTransformer/COREMOD]: Transforming net/minecraft/world/level/levelgen/structure/structures/WoodlandMansionPieces$WoodlandMansionPiece
[24Dec2025 19:08:34.828] [main/DEBUG] [net.minecraftforge.coremod.transformer.CoreModBaseTransformer/COREMOD]: Transforming net/minecraft/world/level/biome/Biome
[24Dec2025 19:08:34.863] [main/DEBUG] [mixin/]: Mixing ClimateParameterPointMixin from quark.mixins.json into net.minecraft.world.level.biome.Climate$ParameterPoint
[24Dec2025 19:08:34.960] [main/DEBUG] [mixin/]: Mixing accessor.AccessorSinglePoolElement from quark.mixins.json into net.minecraft.world.level.levelgen.structure.pools.SinglePoolElement
[24Dec2025 19:08:35.071] [main/DEBUG] [net.minecraftforge.common.ForgeI18n/CORE]: Loading I18N data entries: 6430
[24Dec2025 19:08:35.091] [main/DEBUG] [net.minecraftforge.fml.ModWorkManager/LOADING]: Using 4 threads for parallel mod-loading
[24Dec2025 19:08:35.097] [main/DEBUG] [net.minecraftforge.fml.javafmlmod.FMLJavaModLanguageProvider/LOADING]: Loading FMLModContainer from classloader cpw.mods.modlauncher.TransformingClassLoader@55fdf7f9 - got cpw.mods.cl.ModuleClassLoader@4fe01803
[24Dec2025 19:08:35.097] [main/DEBUG] [net.minecraftforge.fml.javafmlmod.FMLModContainer/LOADING]: Creating FMLModContainer instance for slimeknights.tconstruct.TConstruct
[24Dec2025 19:08:35.101] [main/DEBUG] [net.minecraftforge.fml.javafmlmod.FMLJavaModLanguageProvider/LOADING]: Loading FMLModContainer from classloader cpw.mods.modlauncher.TransformingClassLoader@55fdf7f9 - got cpw.mods.cl.ModuleClassLoader@4fe01803
[24Dec2025 19:08:35.101] [main/DEBUG] [net.minecraftforge.fml.javafmlmod.FMLModContainer/LOADING]: Creating FMLModContainer instance for vectorwing.farmersdelight.FarmersDelight
[24Dec2025 19:08:35.102] [main/DEBUG] [net.minecraftforge.fml.javafmlmod.FMLJavaModLanguageProvider/LOADING]: Loading FMLModContainer from classloader cpw.mods.modlauncher.TransformingClassLoader@55fdf7f9 - got cpw.mods.cl.ModuleClassLoader@4fe01803
[24Dec2025 19:08:35.102] [main/DEBUG] [net.minecraftforge.fml.javafmlmod.FMLModContainer/LOADING]: Creating FMLModContainer instance for com.bobmowzie.mowziesmobs.MowziesMobs
[24Dec2025 19:08:35.102] [main/DEBUG] [net.minecraftforge.fml.javafmlmod.FMLJavaModLanguageProvider/LOADING]: Loading FMLModContainer from classloader cpw.mods.modlauncher.TransformingClassLoader@55fdf7f9 - got cpw.mods.cl.ModuleClassLoader@4fe01803
[24Dec2025 19:08:35.102] [main/DEBUG] [net.minecraftforge.fml.javafmlmod.FMLModContainer/LOADING]: Creating FMLModContainer instance for software.bernie.example.GeckoLibMod
[24Dec2025 19:08:35.103] [main/DEBUG] [net.minecraftforge.fml.javafmlmod.FMLJavaModLanguageProvider/LOADING]: Loading FMLModContainer from classloader cpw.mods.modlauncher.TransformingClassLoader@55fdf7f9 - got cpw.mods.cl.ModuleClassLoader@4fe01803
[24Dec2025 19:08:35.103] [main/DEBUG] [net.minecraftforge.fml.javafmlmod.FMLModContainer/LOADING]: Creating FMLModContainer instance for nl.enjarai.doabarrelroll.DoABarrelRollForge
[24Dec2025 19:08:35.103] [main/DEBUG] [net.minecraftforge.fml.javafmlmod.FMLJavaModLanguageProvider/LOADING]: Loading FMLModContainer from classloader cpw.mods.modlauncher.TransformingClassLoader@55fdf7f9 - got cpw.mods.cl.ModuleClassLoader@4fe01803
[24Dec2025 19:08:35.103] [main/DEBUG] [net.minecraftforge.fml.javafmlmod.FMLModContainer/LOADING]: Creating FMLModContainer instance for org.popcraft.chunky.ChunkyForge
[24Dec2025 19:08:35.104] [main/DEBUG] [net.minecraftforge.fml.javafmlmod.FMLJavaModLanguageProvider/LOADING]: Loading FMLModContainer from classloader cpw.mods.modlauncher.TransformingClassLoader@55fdf7f9 - got cpw.mods.cl.ModuleClassLoader@4fe01803
[24Dec2025 19:08:35.104] [main/DEBUG] [net.minecraftforge.fml.javafmlmod.FMLModContainer/LOADING]: Creating FMLModContainer instance for mezz.jei.forge.JustEnoughItems
[24Dec2025 19:08:35.105] [main/DEBUG] [net.minecraftforge.fml.javafmlmod.FMLJavaModLanguageProvider/LOADING]: Loading FMLModContainer from classloader cpw.mods.modlauncher.TransformingClassLoader@55fdf7f9 - got cpw.mods.cl.ModuleClassLoader@4fe01803
[24Dec2025 19:08:35.105] [main/DEBUG] [net.minecraftforge.fml.javafmlmod.FMLModContainer/LOADING]: Creating FMLModContainer instance for net.p3pp3rf1y.sophisticatedcore.SophisticatedCore
[24Dec2025 19:08:35.105] [main/DEBUG] [net.minecraftforge.fml.javafmlmod.FMLJavaModLanguageProvider/LOADING]: Loading FMLModContainer from classloader cpw.mods.modlauncher.TransformingClassLoader@55fdf7f9 - got cpw.mods.cl.ModuleClassLoader@4fe01803
[24Dec2025 19:08:35.105] [main/DEBUG] [net.minecraftforge.fml.javafmlmod.FMLModContainer/LOADING]: Creating FMLModContainer instance for slimeknights.mantle.Mantle
[24Dec2025 19:08:35.106] [main/DEBUG] [net.minecraftforge.fml.javafmlmod.FMLJavaModLanguageProvider/LOADING]: Loading FMLModContainer from classloader cpw.mods.modlauncher.TransformingClassLoader@55fdf7f9 - got cpw.mods.cl.ModuleClassLoader@4fe01803
[24Dec2025 19:08:35.106] [main/DEBUG] [net.minecraftforge.fml.javafmlmod.FMLModContainer/LOADING]: Creating FMLModContainer instance for xaero.minimap.XaeroMinimapForge
[24Dec2025 19:08:35.108] [main/DEBUG] [net.minecraftforge.fml.javafmlmod.FMLJavaModLanguageProvider/LOADING]: Loading FMLModContainer from classloader cpw.mods.modlauncher.TransformingClassLoader@55fdf7f9 - got cpw.mods.cl.ModuleClassLoader@4fe01803
[24Dec2025 19:08:35.108] [main/DEBUG] [net.minecraftforge.fml.javafmlmod.FMLModContainer/LOADING]: Creating FMLModContainer instance for xaero.map.WorldMapForge
[24Dec2025 19:08:35.109] [main/DEBUG] [net.minecraftforge.fml.javafmlmod.FMLJavaModLanguageProvider/LOADING]: Loading FMLModContainer from classloader cpw.mods.modlauncher.TransformingClassLoader@55fdf7f9 - got cpw.mods.cl.ModuleClassLoader@4fe01803
[24Dec2025 19:08:35.109] [main/DEBUG] [net.minecraftforge.fml.javafmlmod.FMLModContainer/LOADING]: Creating FMLModContainer instance for net.geforcemods.securitycraft.SecurityCraft
[24Dec2025 19:08:35.110] [main/DEBUG] [net.minecraftforge.fml.javafmlmod.FMLJavaModLanguageProvider/LOADING]: Loading FMLModContainer from classloader cpw.mods.modlauncher.TransformingClassLoader@55fdf7f9 - got cpw.mods.cl.ModuleClassLoader@4fe01803
[24Dec2025 19:08:35.110] [main/DEBUG] [net.minecraftforge.fml.javafmlmod.FMLModContainer/LOADING]: Creating FMLModContainer instance for com.llamalad7.mixinextras.platform.forge.MixinExtrasMod
[24Dec2025 19:08:35.111] [main/DEBUG] [net.minecraftforge.fml.javafmlmod.FMLJavaModLanguageProvider/LOADING]: Loading FMLModContainer from classloader cpw.mods.modlauncher.TransformingClassLoader@55fdf7f9 - got cpw.mods.cl.ModuleClassLoader@4fe01803
[24Dec2025 19:08:35.111] [main/DEBUG] [net.minecraftforge.fml.javafmlmod.FMLModContainer/LOADING]: Creating FMLModContainer instance for net.p3pp3rf1y.sophisticatedbackpacks.SophisticatedBackpacks
[24Dec2025 19:08:35.111] [main/DEBUG] [net.minecraftforge.fml.javafmlmod.FMLJavaModLanguageProvider/LOADING]: Loading FMLModContainer from classloader cpw.mods.modlauncher.TransformingClassLoader@55fdf7f9 - got cpw.mods.cl.ModuleClassLoader@4fe01803
[24Dec2025 19:08:35.111] [main/DEBUG] [net.minecraftforge.fml.javafmlmod.FMLModContainer/LOADING]: Creating FMLModContainer instance for com.corosus.coroutil.loader.forge.ConfigModForge
[24Dec2025 19:08:35.112] [main/DEBUG] [net.minecraftforge.fml.javafmlmod.FMLJavaModLanguageProvider/LOADING]: Loading FMLModContainer from classloader cpw.mods.modlauncher.TransformingClassLoader@55fdf7f9 - got cpw.mods.cl.ModuleClassLoader@4fe01803
[24Dec2025 19:08:35.112] [main/DEBUG] [net.minecraftforge.fml.javafmlmod.FMLModContainer/LOADING]: Creating FMLModContainer instance for tschipp.carryon.CarryOnForge
[24Dec2025 19:08:35.112] [main/DEBUG] [net.minecraftforge.fml.javafmlmod.FMLJavaModLanguageProvider/LOADING]: Loading FMLModContainer from classloader cpw.mods.modlauncher.TransformingClassLoader@55fdf7f9 - got cpw.mods.cl.ModuleClassLoader@4fe01803
[24Dec2025 19:08:35.113] [main/DEBUG] [net.minecraftforge.fml.javafmlmod.FMLModContainer/LOADING]: Creating FMLModContainer instance for me.treyruffy.betterf3.BetterF3Forge
[24Dec2025 19:08:35.113] [main/DEBUG] [net.minecraftforge.fml.javafmlmod.FMLJavaModLanguageProvider/LOADING]: Loading FMLModContainer from classloader cpw.mods.modlauncher.TransformingClassLoader@55fdf7f9 - got cpw.mods.cl.ModuleClassLoader@4fe01803
[24Dec2025 19:08:35.113] [main/DEBUG] [net.minecraftforge.fml.javafmlmod.FMLModContainer/LOADING]: Creating FMLModContainer instance for com.corosus.watut.loader.forge.WatutModForge
[24Dec2025 19:08:35.115] [main/DEBUG] [net.minecraftforge.fml.javafmlmod.FMLJavaModLanguageProvider/LOADING]: Loading FMLModContainer from classloader cpw.mods.modlauncher.TransformingClassLoader@55fdf7f9 - got cpw.mods.cl.ModuleClassLoader@4fe01803
[24Dec2025 19:08:35.115] [main/DEBUG] [net.minecraftforge.fml.javafmlmod.FMLModContainer/LOADING]: Creating FMLModContainer instance for me.shedaniel.clothconfig.ClothConfigForge
[24Dec2025 19:08:35.115] [main/DEBUG] [net.minecraftforge.fml.javafmlmod.FMLJavaModLanguageProvider/LOADING]: Loading FMLModContainer from classloader cpw.mods.modlauncher.TransformingClassLoader@55fdf7f9 - got cpw.mods.cl.ModuleClassLoader@4fe01803
[24Dec2025 19:08:35.116] [main/DEBUG] [net.minecraftforge.fml.javafmlmod.FMLModContainer/LOADING]: Creating FMLModContainer instance for de.maxhenkel.voicechat.ForgeVoiceChatAPIDummyMod
[24Dec2025 19:08:35.116] [main/DEBUG] [net.minecraftforge.fml.javafmlmod.FMLJavaModLanguageProvider/LOADING]: Loading FMLModContainer from classloader cpw.mods.modlauncher.TransformingClassLoader@55fdf7f9 - got cpw.mods.cl.ModuleClassLoader@4fe01803
[24Dec2025 19:08:35.116] [main/DEBUG] [net.minecraftforge.fml.javafmlmod.FMLModContainer/LOADING]: Creating FMLModContainer instance for de.maxhenkel.voicechat.ForgeVoicechatMod
[24Dec2025 19:08:35.117] [main/DEBUG] [net.minecraftforge.fml.javafmlmod.FMLJavaModLanguageProvider/LOADING]: Loading FMLModContainer from classloader cpw.mods.modlauncher.TransformingClassLoader@55fdf7f9 - got cpw.mods.cl.ModuleClassLoader@4fe01803
[24Dec2025 19:08:35.117] [main/DEBUG] [net.minecraftforge.fml.javafmlmod.FMLModContainer/LOADING]: Creating FMLModContainer instance for net.minecraftforge.common.ForgeMod
[24Dec2025 19:08:35.119] [main/DEBUG] [net.minecraftforge.fml.javafmlmod.FMLJavaModLanguageProvider/LOADING]: Loading FMLModContainer from classloader cpw.mods.modlauncher.TransformingClassLoader@55fdf7f9 - got cpw.mods.cl.ModuleClassLoader@4fe01803
[24Dec2025 19:08:35.119] [main/DEBUG] [net.minecraftforge.fml.javafmlmod.FMLModContainer/LOADING]: Creating FMLModContainer instance for org.violetmoon.zetaimplforge.mod.ZetaModForge
[24Dec2025 19:08:35.120] [main/DEBUG] [net.minecraftforge.fml.javafmlmod.FMLJavaModLanguageProvider/LOADING]: Loading FMLModContainer from classloader cpw.mods.modlauncher.TransformingClassLoader@55fdf7f9 - got cpw.mods.cl.ModuleClassLoader@4fe01803
[24Dec2025 19:08:35.120] [main/DEBUG] [net.minecraftforge.fml.javafmlmod.FMLModContainer/LOADING]: Creating FMLModContainer instance for org.violetmoon.quark.base.Quark
[24Dec2025 19:08:35.120] [main/DEBUG] [net.minecraftforge.fml.javafmlmod.FMLJavaModLanguageProvider/LOADING]: Loading FMLModContainer from classloader cpw.mods.modlauncher.TransformingClassLoader@55fdf7f9 - got cpw.mods.cl.ModuleClassLoader@4fe01803
[24Dec2025 19:08:35.120] [main/DEBUG] [net.minecraftforge.fml.javafmlmod.FMLModContainer/LOADING]: Creating FMLModContainer instance for me.jellysquid.mods.sodium.client.SodiumClientMod
[24Dec2025 19:08:35.121] [main/DEBUG] [net.minecraftforge.fml.javafmlmod.FMLJavaModLanguageProvider/LOADING]: Loading FMLModContainer from classloader cpw.mods.modlauncher.TransformingClassLoader@55fdf7f9 - got cpw.mods.cl.ModuleClassLoader@4fe01803
[24Dec2025 19:08:35.121] [main/DEBUG] [net.minecraftforge.fml.javafmlmod.FMLModContainer/LOADING]: Creating FMLModContainer instance for me.jellysquid.mods.sodium.client.RubidiumStub
[24Dec2025 19:08:35.121] [main/DEBUG] [net.minecraftforge.fml.javafmlmod.FMLJavaModLanguageProvider/LOADING]: Loading FMLModContainer from classloader cpw.mods.modlauncher.TransformingClassLoader@55fdf7f9 - got cpw.mods.cl.ModuleClassLoader@4fe01803
[24Dec2025 19:08:35.121] [main/DEBUG] [net.minecraftforge.fml.javafmlmod.FMLModContainer/LOADING]: Creating FMLModContainer instance for com.progwml6.ironchest.IronChests
[24Dec2025 19:08:35.187] [modloading-worker-0/DEBUG] [net.minecraftforge.fml.config.ConfigTracker/CONFIG]: Config file farmersdelight-common.toml for farmersdelight tracking
[24Dec2025 19:08:35.187] [modloading-worker-0/DEBUG] [net.minecraftforge.fml.config.ConfigTracker/CONFIG]: Config file farmersdelight-client.toml for farmersdelight tracking
[24Dec2025 19:08:35.195] [modloading-worker-0/DEBUG] [net.minecraftforge.fml.config.ConfigTracker/CONFIG]: Config file tconstruct-common.toml for tconstruct tracking
[24Dec2025 19:08:35.196] [modloading-worker-0/DEBUG] [net.minecraftforge.fml.config.ConfigTracker/CONFIG]: Config file tconstruct-client.toml for tconstruct tracking
[24Dec2025 19:08:35.228] [modloading-worker-0/DEBUG] [net.minecraftforge.fml.javafmlmod.AutomaticEventSubscriber/LOADING]: Attempting to inject @EventBusSubscriber classes into the eventbus for geckolib
[24Dec2025 19:08:35.238] [modloading-worker-0/DEBUG] [net.minecraftforge.fml.javafmlmod.AutomaticEventSubscriber/LOADING]: Auto-subscribing software.bernie.example.GeckoLibMod to FORGE
[24Dec2025 19:08:35.245] [modloading-worker-0/DEBUG] [net.minecraftforge.fml.javafmlmod.AutomaticEventSubscriber/LOADING]: Auto-subscribing software.bernie.example.CommonListener to MOD
[24Dec2025 19:08:35.353] [modloading-worker-0/DEBUG] [net.minecraftforge.fml.javafmlmod.AutomaticEventSubscriber/LOADING]: Attempting to inject @EventBusSubscriber classes into the eventbus for do_a_barrel_roll
[24Dec2025 19:08:35.353] [modloading-worker-0/DEBUG] [net.minecraftforge.fml.javafmlmod.AutomaticEventSubscriber/LOADING]: Auto-subscribing nl.enjarai.doabarrelroll.WhyIsTherePublicTransportationInThisModLoader to FORGE
[24Dec2025 19:08:35.386] [modloading-worker-0/DEBUG] [net.minecraftforge.fml.javafmlmod.AutomaticEventSubscriber/LOADING]: Attempting to inject @EventBusSubscriber classes into the eventbus for chunky
[24Dec2025 19:08:35.391] [modloading-worker-0/DEBUG] [net.minecraftforge.fml.config.ConfigTracker/CONFIG]: Config file jei-server.toml for jei tracking
[24Dec2025 19:08:35.399] [modloading-worker-0/DEBUG] [net.minecraftforge.fml.javafmlmod.AutomaticEventSubscriber/LOADING]: Attempting to inject @EventBusSubscriber classes into the eventbus for jei
[24Dec2025 19:08:35.405] [modloading-worker-0/DEBUG] [net.minecraftforge.fml.config.ConfigTracker/CONFIG]: Config file sophisticatedcore-common.toml for sophisticatedcore tracking
[24Dec2025 19:08:35.406] [modloading-worker-0/DEBUG] [net.minecraftforge.fml.config.ConfigTracker/CONFIG]: Config file sophisticatedcore-client.toml for sophisticatedcore tracking
[24Dec2025 19:08:35.453] [modloading-worker-0/DEBUG] [mixin/]: Mixing MixinPlayerList from xaerohud.mixins.json into net.minecraft.server.players.PlayerList
[24Dec2025 19:08:35.455] [modloading-worker-0/DEBUG] [mixin/]: Mixing MixinPlayerList from xaeroworldmap.mixins.json into net.minecraft.server.players.PlayerList
[24Dec2025 19:08:35.457] [modloading-worker-0/DEBUG] [mixin/]: Mixing camera.PlayerListMixin from securitycraft.mixins.json into net.minecraft.server.players.PlayerList
[24Dec2025 19:08:35.474] [modloading-worker-0/DEBUG] [mixin/]: Mixing accessor.RecipeManagerAccessor from farmersdelight.mixins.json into net.minecraft.world.item.crafting.RecipeManager
[24Dec2025 19:08:35.498] [modloading-worker-0/DEBUG] [net.minecraftforge.fml.javafmlmod.AutomaticEventSubscriber/LOADING]: Attempting to inject @EventBusSubscriber classes into the eventbus for farmersdelight
[24Dec2025 19:08:35.498] [modloading-worker-0/DEBUG] [net.minecraftforge.fml.javafmlmod.AutomaticEventSubscriber/LOADING]: Auto-subscribing vectorwing.farmersdelight.data.DataGenerators to MOD
[24Dec2025 19:08:35.511] [modloading-worker-0/DEBUG] [net.minecraftforge.fml.javafmlmod.AutomaticEventSubscriber/LOADING]: Auto-subscribing vectorwing.farmersdelight.common.item.SkilletItem$SkilletEvents to FORGE
[24Dec2025 19:08:35.520] [modloading-worker-0/DEBUG] [net.minecraftforge.fml.javafmlmod.AutomaticEventSubscriber/LOADING]: Auto-subscribing vectorwing.farmersdelight.common.item.KnifeItem$KnifeEvents to FORGE
[24Dec2025 19:08:35.523] [modloading-worker-0/DEBUG] [net.minecraftforge.fml.javafmlmod.AutomaticEventSubscriber/LOADING]: Attempting to inject @EventBusSubscriber classes into the eventbus for sophisticatedcore
[24Dec2025 19:08:35.526] [modloading-worker-0/DEBUG] [net.minecraftforge.fml.javafmlmod.AutomaticEventSubscriber/LOADING]: Auto-subscribing vectorwing.farmersdelight.common.item.HorseFeedItem$HorseFeedEvent to FORGE
[24Dec2025 19:08:35.527] [modloading-worker-0/DEBUG] [net.minecraftforge.fml.config.ConfigTracker/CONFIG]: Config file mantle-client.toml for mantle tracking
[24Dec2025 19:08:35.527] [modloading-worker-0/DEBUG] [net.minecraftforge.fml.config.ConfigTracker/CONFIG]: Config file mantle-server.toml for mantle tracking
[24Dec2025 19:08:35.531] [modloading-worker-0/DEBUG] [net.minecraftforge.fml.javafmlmod.AutomaticEventSubscriber/LOADING]: Auto-subscribing vectorwing.farmersdelight.common.item.enchantment.BackstabbingEnchantment$BackstabbingEvent to FORGE
[24Dec2025 19:08:35.535] [modloading-worker-0/DEBUG] [net.minecraftforge.fml.javafmlmod.AutomaticEventSubscriber/LOADING]: Auto-subscribing vectorwing.farmersdelight.common.item.DogFoodItem$DogFoodEvent to FORGE
[24Dec2025 19:08:35.536] [modloading-worker-0/DEBUG] [net.minecraftforge.fml.javafmlmod.AutomaticEventSubscriber/LOADING]: Auto-subscribing vectorwing.farmersdelight.common.event.VillagerEvents to FORGE
[24Dec2025 19:08:35.544] [modloading-worker-0/DEBUG] [net.minecraftforge.fml.javafmlmod.AutomaticEventSubscriber/LOADING]: Auto-subscribing vectorwing.farmersdelight.common.event.SetupEvents to MOD
[24Dec2025 19:08:35.544] [modloading-worker-0/DEBUG] [net.minecraftforge.fml.javafmlmod.AutomaticEventSubscriber/LOADING]: Auto-subscribing vectorwing.farmersdelight.common.event.MappingEvents to FORGE
[24Dec2025 19:08:35.545] [modloading-worker-0/DEBUG] [net.minecraftforge.fml.javafmlmod.AutomaticEventSubscriber/LOADING]: Attempting to inject @EventBusSubscriber classes into the eventbus for mantle
[24Dec2025 19:08:35.546] [modloading-worker-0/DEBUG] [net.minecraftforge.fml.javafmlmod.AutomaticEventSubscriber/LOADING]: Auto-subscribing vectorwing.farmersdelight.common.event.CommonEvents to FORGE
[24Dec2025 19:08:35.553] [modloading-worker-0/DEBUG] [net.minecraftforge.fml.javafmlmod.AutomaticEventSubscriber/LOADING]: Auto-subscribing vectorwing.farmersdelight.common.block.CuttingBoardBlock$ToolCarvingEvent to FORGE
[24Dec2025 19:08:35.577] [modloading-worker-0/DEBUG] [xaero.map.WorldMap/]: Loaded xaero.map.platform.services.ForgePlatformHelper@492b6bcd for service interface xaero.map.platform.services.IPlatformHelper
[24Dec2025 19:08:35.585] [modloading-worker-0/DEBUG] [net.minecraftforge.fml.config.ConfigTracker/CONFIG]: Config file mowziesmobs-common.toml for mowziesmobs tracking
[24Dec2025 19:08:35.586] [modloading-worker-0/DEBUG] [xaero.hud.minimap.MinimapLogs/]: Loaded xaero.common.platform.services.ForgePlatformHelper@205f1f47 for service interface xaero.common.platform.services.IPlatformHelper
[24Dec2025 19:08:35.601] [modloading-worker-0/DEBUG] [net.minecraftforge.fml.javafmlmod.AutomaticEventSubscriber/LOADING]: Attempting to inject @EventBusSubscriber classes into the eventbus for xaeroworldmap
[24Dec2025 19:08:35.605] [modloading-worker-0/DEBUG] [net.minecraftforge.fml.javafmlmod.AutomaticEventSubscriber/LOADING]: Attempting to inject @EventBusSubscriber classes into the eventbus for xaerominimap
[24Dec2025 19:08:35.608] [modloading-worker-0/DEBUG] [net.minecraftforge.fml.javafmlmod.AutomaticEventSubscriber/LOADING]: Attempting to inject @EventBusSubscriber classes into the eventbus for mixinextras
[24Dec2025 19:08:35.621] [modloading-worker-0/DEBUG] [net.minecraftforge.fml.config.ConfigTracker/CONFIG]: Config file securitycraft-client.toml for securitycraft tracking
[24Dec2025 19:08:35.622] [modloading-worker-0/DEBUG] [net.minecraftforge.fml.config.ConfigTracker/CONFIG]: Config file securitycraft-server.toml for securitycraft tracking
[24Dec2025 19:08:35.634] [modloading-worker-0/DEBUG] [net.minecraftforge.fml.javafmlmod.AutomaticEventSubscriber/LOADING]: Attempting to inject @EventBusSubscriber classes into the eventbus for mowziesmobs
[24Dec2025 19:08:35.635] [modloading-worker-0/DEBUG] [net.minecraftforge.fml.javafmlmod.AutomaticEventSubscriber/LOADING]: Auto-subscribing com.bobmowzie.mowziesmobs.server.sound.MMSounds to FORGE
[24Dec2025 19:08:35.635] [modloading-worker-0/DEBUG] [net.minecraftforge.fml.javafmlmod.AutomaticEventSubscriber/LOADING]: Auto-subscribing com.bobmowzie.mowziesmobs.server.inventory.ContainerHandler to MOD
[24Dec2025 19:08:35.635] [modloading-worker-0/DEBUG] [net.minecraftforge.fml.javafmlmod.AutomaticEventSubscriber/LOADING]: Auto-subscribing com.bobmowzie.mowziesmobs.server.entity.EntityHandler to MOD
[24Dec2025 19:08:35.635] [modloading-worker-0/DEBUG] [net.minecraftforge.fml.javafmlmod.AutomaticEventSubscriber/LOADING]: Auto-subscribing com.bobmowzie.mowziesmobs.server.config.ConfigHandler to MOD
[24Dec2025 19:08:35.635] [modloading-worker-0/DEBUG] [net.minecraftforge.fml.javafmlmod.AutomaticEventSubscriber/LOADING]: Auto-subscribing com.bobmowzie.mowziesmobs.MowziesMobs to FORGE
[24Dec2025 19:08:35.635] [modloading-worker-0/DEBUG] [net.minecraftforge.fml.javafmlmod.AutomaticEventSubscriber/LOADING]: Auto-subscribing com.bobmowzie.mowziesmobs.datagen.DataGenerators to MOD
[24Dec2025 19:08:35.642] [modloading-worker-0/INFO] [coroutil/]: forge loader environment detected
[24Dec2025 19:08:35.649] [modloading-worker-0/DEBUG] [net.minecraftforge.fml.config.ConfigTracker/CONFIG]: Config file CoroUtil/General.toml for coroutil tracking
[24Dec2025 19:08:35.652] [modloading-worker-0/DEBUG] [net.minecraftforge.fml.javafmlmod.AutomaticEventSubscriber/LOADING]: Attempting to inject @EventBusSubscriber classes into the eventbus for coroutil
[24Dec2025 19:08:35.670] [modloading-worker-0/DEBUG] [Carry On/]: Loaded tschipp.carryon.platform.ForgePlatformHelper@4f9ba309 for service interface tschipp.carryon.platform.services.IPlatformHelper
[24Dec2025 19:08:35.670] [modloading-worker-0/DEBUG] [Carry On/]: Loaded tschipp.carryon.platform.ForgeGamestagesHelper@5ba6f440 for service interface tschipp.carryon.platform.services.IGamestagePlatformHelper
[24Dec2025 19:08:35.675] [modloading-worker-0/DEBUG] [net.minecraftforge.fml.config.ConfigTracker/CONFIG]: Config file carryon-common.toml for carryon tracking
[24Dec2025 19:08:35.676] [modloading-worker-0/DEBUG] [net.minecraftforge.fml.config.ConfigTracker/CONFIG]: Config file carryon-client.toml for carryon tracking
[24Dec2025 19:08:35.676] [modloading-worker-0/DEBUG] [net.minecraftforge.fml.javafmlmod.AutomaticEventSubscriber/LOADING]: Attempting to inject @EventBusSubscriber classes into the eventbus for carryon
[24Dec2025 19:08:35.676] [modloading-worker-0/DEBUG] [net.minecraftforge.fml.javafmlmod.AutomaticEventSubscriber/LOADING]: Auto-subscribing tschipp.carryon.CarryOnForge to MOD
[24Dec2025 19:08:35.676] [modloading-worker-0/DEBUG] [net.minecraftforge.fml.javafmlmod.AutomaticEventSubscriber/LOADING]: Auto-subscribing tschipp.carryon.events.CommonEvents to FORGE
[24Dec2025 19:08:35.685] [modloading-worker-0/DEBUG] [net.minecraftforge.fml.javafmlmod.AutomaticEventSubscriber/LOADING]: Auto-subscribing tschipp.carryon.events.ModBusEvents to MOD
[24Dec2025 19:08:35.688] [modloading-worker-0/DEBUG] [net.minecraftforge.fml.config.ConfigTracker/CONFIG]: Config file sophisticatedbackpacks-server.toml for sophisticatedbackpacks tracking
[24Dec2025 19:08:35.688] [modloading-worker-0/DEBUG] [net.minecraftforge.fml.config.ConfigTracker/CONFIG]: Config file sophisticatedbackpacks-common.toml for sophisticatedbackpacks tracking
[24Dec2025 19:08:35.689] [modloading-worker-0/INFO] [me.treyruffy.betterf3.BetterF3Forge/]: [BetterF3] Starting...
[24Dec2025 19:08:35.689] [modloading-worker-0/WARN] [me.treyruffy.betterf3.BetterF3Forge/]: [BetterF3] Not supported on dedicated server!
[24Dec2025 19:08:35.689] [modloading-worker-0/DEBUG] [net.minecraftforge.fml.javafmlmod.AutomaticEventSubscriber/LOADING]: Attempting to inject @EventBusSubscriber classes into the eventbus for betterf3
[24Dec2025 19:08:35.697] [modloading-worker-0/DEBUG] [net.minecraftforge.fml.config.ConfigTracker/CONFIG]: Config file watut-common.toml for watut tracking
[24Dec2025 19:08:35.705] [modloading-worker-0/DEBUG] [net.minecraftforge.fml.config.ConfigTracker/CONFIG]: Config file watut-server.toml for watut tracking
[24Dec2025 19:08:35.707] [modloading-worker-0/DEBUG] [net.minecraftforge.fml.config.ConfigTracker/CONFIG]: Config file watut-client.toml for watut tracking
[24Dec2025 19:08:35.762] [modloading-worker-0/DEBUG] [net.minecraftforge.fml.javafmlmod.AutomaticEventSubscriber/LOADING]: Attempting to inject @EventBusSubscriber classes into the eventbus for watut
[24Dec2025 19:08:35.762] [modloading-worker-0/DEBUG] [net.minecraftforge.fml.javafmlmod.AutomaticEventSubscriber/LOADING]: Auto-subscribing com.corosus.watut.loader.forge.EventHandlerForge to MOD
[24Dec2025 19:08:35.763] [modloading-worker-0/DEBUG] [net.minecraftforge.fml.javafmlmod.AutomaticEventSubscriber/LOADING]: Attempting to inject @EventBusSubscriber classes into the eventbus for cloth_config
[24Dec2025 19:08:35.763] [modloading-worker-0/DEBUG] [net.minecraftforge.fml.javafmlmod.AutomaticEventSubscriber/LOADING]: Attempting to inject @EventBusSubscriber classes into the eventbus for voicechat_api
[24Dec2025 19:08:35.852] [modloading-worker-0/DEBUG] [net.minecraftforge.fml.javafmlmod.AutomaticEventSubscriber/LOADING]: Attempting to inject @EventBusSubscriber classes into the eventbus for voicechat
[24Dec2025 19:08:35.894] [modloading-worker-0/DEBUG] [net.minecraftforge.versions.forge.ForgeVersion/CORE]: Forge Version package package net.minecraftforge.versions.forge, Forge, version 47.3 from cpw.mods.modlauncher.TransformingClassLoader@55fdf7f9
[24Dec2025 19:08:35.894] [modloading-worker-0/DEBUG] [net.minecraftforge.versions.forge.ForgeVersion/CORE]: Found Forge version 47.3.7
[24Dec2025 19:08:35.894] [modloading-worker-0/DEBUG] [net.minecraftforge.versions.forge.ForgeVersion/CORE]: Found Forge spec 47.3
[24Dec2025 19:08:35.894] [modloading-worker-0/DEBUG] [net.minecraftforge.versions.forge.ForgeVersion/CORE]: Found Forge group net.minecraftforge
[24Dec2025 19:08:35.895] [modloading-worker-0/DEBUG] [net.minecraftforge.versions.mcp.MCPVersion/CORE]: MCP Version package package net.minecraftforge.versions.mcp, Minecraft, version 1.20.1 from cpw.mods.modlauncher.TransformingClassLoader@55fdf7f9
[24Dec2025 19:08:35.895] [modloading-worker-0/DEBUG] [net.minecraftforge.versions.mcp.MCPVersion/CORE]: Found MC version information 1.20.1
[24Dec2025 19:08:35.895] [modloading-worker-0/DEBUG] [net.minecraftforge.versions.mcp.MCPVersion/CORE]: Found MCP version information 20230612.114412
[24Dec2025 19:08:35.895] [modloading-worker-0/INFO] [net.minecraftforge.common.ForgeMod/FORGEMOD]: Forge mod loading, version 47.3.7, for MC 1.20.1 with MCP 20230612.114412
[24Dec2025 19:08:35.895] [modloading-worker-0/INFO] [net.minecraftforge.common.MinecraftForge/FORGE]: MinecraftForge v47.3.7 Initialized
[24Dec2025 19:08:36.016] [modloading-worker-0/DEBUG] [io.netty.util.internal.PlatformDependent0/]: -Dio.netty.noUnsafe: false
[24Dec2025 19:08:36.016] [modloading-worker-0/DEBUG] [io.netty.util.internal.PlatformDependent0/]: Java version: 17
[24Dec2025 19:08:36.017] [modloading-worker-0/DEBUG] [io.netty.util.internal.PlatformDependent0/]: sun.misc.Unsafe.theUnsafe: available
[24Dec2025 19:08:36.018] [modloading-worker-0/DEBUG] [io.netty.util.internal.PlatformDependent0/]: sun.misc.Unsafe.copyMemory: available
[24Dec2025 19:08:36.019] [modloading-worker-0/DEBUG] [io.netty.util.internal.PlatformDependent0/]: sun.misc.Unsafe.storeFence: available
[24Dec2025 19:08:36.019] [modloading-worker-0/DEBUG] [io.netty.util.internal.PlatformDependent0/]: java.nio.Buffer.address: available
[24Dec2025 19:08:36.019] [modloading-worker-0/DEBUG] [io.netty.util.internal.PlatformDependent0/]: direct buffer constructor: unavailable
java.lang.UnsupportedOperationException: Reflective setAccessible(true) disabled
	at io.netty.util.internal.ReflectionUtil.trySetAccessible(ReflectionUtil.java:31) ~[netty-common-4.1.82.Final.jar%2382!/:4.1.82.Final]
	at io.netty.util.internal.PlatformDependent0$5.run(PlatformDependent0.java:288) ~[netty-common-4.1.82.Final.jar%2382!/:4.1.82.Final]
	at java.security.AccessController.doPrivileged(AccessController.java:318) ~[?:?]
	at io.netty.util.internal.PlatformDependent0.<clinit>(PlatformDependent0.java:282) ~[netty-common-4.1.82.Final.jar%2382!/:4.1.82.Final]
	at io.netty.util.internal.PlatformDependent.isAndroid(PlatformDependent.java:333) ~[netty-common-4.1.82.Final.jar%2382!/:4.1.82.Final]
	at io.netty.util.internal.PlatformDependent.<clinit>(PlatformDependent.java:88) ~[netty-common-4.1.82.Final.jar%2382!/:4.1.82.Final]
	at io.netty.util.ConstantPool.<init>(ConstantPool.java:34) ~[netty-common-4.1.82.Final.jar%2382!/:4.1.82.Final]
	at io.netty.util.AttributeKey$1.<init>(AttributeKey.java:27) ~[netty-common-4.1.82.Final.jar%2382!/:4.1.82.Final]
	at io.netty.util.AttributeKey.<clinit>(AttributeKey.java:27) ~[netty-common-4.1.82.Final.jar%2382!/:4.1.82.Final]
	at net.minecraftforge.network.NetworkConstants.<clinit>(NetworkConstants.java:34) ~[forge-1.20.1-47.3.7-universal.jar%23152!/:?]
	at net.minecraftforge.common.ForgeMod.<init>(ForgeMod.java:429) ~[forge-1.20.1-47.3.7-universal.jar%23152!/:?]
	at jdk.internal.reflect.NativeConstructorAccessorImpl.newInstance0(Native Method) ~[?:?]
	at jdk.internal.reflect.NativeConstructorAccessorImpl.newInstance(NativeConstructorAccessorImpl.java:77) ~[?:?]
	at jdk.internal.reflect.DelegatingConstructorAccessorImpl.newInstance(DelegatingConstructorAccessorImpl.java:45) ~[?:?]
	at java.lang.reflect.Constructor.newInstanceWithCaller(Constructor.java:500) ~[?:?]
	at java.lang.reflect.Constructor.newInstance(Constructor.java:481) ~[?:?]
	at net.minecraftforge.fml.javafmlmod.FMLModContainer.constructMod(FMLModContainer.java:70) ~[javafmllanguage-1.20.1-47.3.7.jar%23149!/:?]
	at net.minecraftforge.fml.ModContainer.lambda$buildTransitionHandler$4(ModContainer.java:124) ~[fmlcore-1.20.1-47.3.7.jar%23148!/:?]
	at java.util.concurrent.CompletableFuture$AsyncRun.run(CompletableFuture.java:1804) ~[?:?]
	at java.util.concurrent.CompletableFuture$AsyncRun.exec(CompletableFuture.java:1796) ~[?:?]
	at java.util.concurrent.ForkJoinTask.doExec(ForkJoinTask.java:373) ~[?:?]
	at java.util.concurrent.ForkJoinPool$WorkQueue.topLevelExec(ForkJoinPool.java:1182) ~[?:?]
	at java.util.concurrent.ForkJoinPool.scan(ForkJoinPool.java:1655) ~[?:?]
	at java.util.concurrent.ForkJoinPool.runWorker(ForkJoinPool.java:1622) ~[?:?]
	at java.util.concurrent.ForkJoinWorkerThread.run(ForkJoinWorkerThread.java:165) ~[?:?]
[24Dec2025 19:08:36.020] [modloading-worker-0/DEBUG] [io.netty.util.internal.PlatformDependent0/]: java.nio.Bits.unaligned: available, true
[24Dec2025 19:08:36.024] [modloading-worker-0/DEBUG] [io.netty.util.internal.PlatformDependent0/]: jdk.internal.misc.Unsafe.allocateUninitializedArray(int): unavailable
java.lang.IllegalAccessException: class io.netty.util.internal.PlatformDependent0$7 (in module io.netty.common) cannot access class jdk.internal.misc.Unsafe (in module java.base) because module java.base does not export jdk.internal.misc to module io.netty.common
	at jdk.internal.reflect.Reflection.newIllegalAccessException(Reflection.java:392) ~[?:?]
	at java.lang.reflect.AccessibleObject.checkAccess(AccessibleObject.java:674) ~[?:?]
	at java.lang.reflect.Method.invoke(Method.java:561) ~[?:?]
	at io.netty.util.internal.PlatformDependent0$7.run(PlatformDependent0.java:410) ~[netty-common-4.1.82.Final.jar%2382!/:4.1.82.Final]
	at java.security.AccessController.doPrivileged(AccessController.java:318) ~[?:?]
	at io.netty.util.internal.PlatformDependent0.<clinit>(PlatformDependent0.java:401) ~[netty-common-4.1.82.Final.jar%2382!/:4.1.82.Final]
	at io.netty.util.internal.PlatformDependent.isAndroid(PlatformDependent.java:333) ~[netty-common-4.1.82.Final.jar%2382!/:4.1.82.Final]
	at io.netty.util.internal.PlatformDependent.<clinit>(PlatformDependent.java:88) ~[netty-common-4.1.82.Final.jar%2382!/:4.1.82.Final]
	at io.netty.util.ConstantPool.<init>(ConstantPool.java:34) ~[netty-common-4.1.82.Final.jar%2382!/:4.1.82.Final]
	at io.netty.util.AttributeKey$1.<init>(AttributeKey.java:27) ~[netty-common-4.1.82.Final.jar%2382!/:4.1.82.Final]
	at io.netty.util.AttributeKey.<clinit>(AttributeKey.java:27) ~[netty-common-4.1.82.Final.jar%2382!/:4.1.82.Final]
	at net.minecraftforge.network.NetworkConstants.<clinit>(NetworkConstants.java:34) ~[forge-1.20.1-47.3.7-universal.jar%23152!/:?]
	at net.minecraftforge.common.ForgeMod.<init>(ForgeMod.java:429) ~[forge-1.20.1-47.3.7-universal.jar%23152!/:?]
	at jdk.internal.reflect.NativeConstructorAccessorImpl.newInstance0(Native Method) ~[?:?]
	at jdk.internal.reflect.NativeConstructorAccessorImpl.newInstance(NativeConstructorAccessorImpl.java:77) ~[?:?]
	at jdk.internal.reflect.DelegatingConstructorAccessorImpl.newInstance(DelegatingConstructorAccessorImpl.java:45) ~[?:?]
	at java.lang.reflect.Constructor.newInstanceWithCaller(Constructor.java:500) ~[?:?]
	at java.lang.reflect.Constructor.newInstance(Constructor.java:481) ~[?:?]
	at net.minecraftforge.fml.javafmlmod.FMLModContainer.constructMod(FMLModContainer.java:70) ~[javafmllanguage-1.20.1-47.3.7.jar%23149!/:?]
	at net.minecraftforge.fml.ModContainer.lambda$buildTransitionHandler$4(ModContainer.java:124) ~[fmlcore-1.20.1-47.3.7.jar%23148!/:?]
	at java.util.concurrent.CompletableFuture$AsyncRun.run(CompletableFuture.java:1804) ~[?:?]
	at java.util.concurrent.CompletableFuture$AsyncRun.exec(CompletableFuture.java:1796) ~[?:?]
	at java.util.concurrent.ForkJoinTask.doExec(ForkJoinTask.java:373) ~[?:?]
	at java.util.concurrent.ForkJoinPool$WorkQueue.topLevelExec(ForkJoinPool.java:1182) ~[?:?]
	at java.util.concurrent.ForkJoinPool.scan(ForkJoinPool.java:1655) ~[?:?]
	at java.util.concurrent.ForkJoinPool.runWorker(ForkJoinPool.java:1622) ~[?:?]
	at java.util.concurrent.ForkJoinWorkerThread.run(ForkJoinWorkerThread.java:165) ~[?:?]
[24Dec2025 19:08:36.026] [modloading-worker-0/DEBUG] [io.netty.util.internal.PlatformDependent0/]: java.nio.DirectByteBuffer.<init>(long, int): unavailable
[24Dec2025 19:08:36.026] [modloading-worker-0/DEBUG] [io.netty.util.internal.PlatformDependent/]: sun.misc.Unsafe: available
[24Dec2025 19:08:36.027] [modloading-worker-0/DEBUG] [io.netty.util.internal.PlatformDependent/]: maxDirectMemory: 12884901888 bytes (maybe)
[24Dec2025 19:08:36.027] [modloading-worker-0/DEBUG] [io.netty.util.internal.PlatformDependent/]: -Dio.netty.tmpdir: /tmp (java.io.tmpdir)
[24Dec2025 19:08:36.027] [modloading-worker-0/DEBUG] [io.netty.util.internal.PlatformDependent/]: -Dio.netty.bitMode: 64 (sun.arch.data.model)
[24Dec2025 19:08:36.042] [modloading-worker-0/DEBUG] [io.netty.util.internal.PlatformDependent/]: -Dio.netty.maxDirectMemory: -1 bytes
[24Dec2025 19:08:36.042] [modloading-worker-0/DEBUG] [io.netty.util.internal.PlatformDependent/]: -Dio.netty.uninitializedArrayAllocationThreshold: -1
[24Dec2025 19:08:36.044] [modloading-worker-0/DEBUG] [io.netty.util.internal.CleanerJava9/]: java.nio.ByteBuffer.cleaner(): available
[24Dec2025 19:08:36.044] [modloading-worker-0/DEBUG] [io.netty.util.internal.PlatformDependent/]: -Dio.netty.noPreferDirect: false
[24Dec2025 19:08:36.109] [modloading-worker-0/DEBUG] [net.minecraftforge.fml.javafmlmod.AutomaticEventSubscriber/LOADING]: Attempting to inject @EventBusSubscriber classes into the eventbus for sophisticatedbackpacks
[24Dec2025 19:08:36.133] [modloading-worker-0/DEBUG] [mixin/]: Mixing IZetaItemExtensionsMixin from quark.mixins.json into org.violetmoon.zeta.item.ext.IZetaItemExtensions
[24Dec2025 19:08:36.147] [modloading-worker-0/DEBUG] [net.minecraftforge.common.ForgeMod/FORGEMOD]: Loading Network data for FML net version: FML3
[24Dec2025 19:08:36.178] [modloading-worker-0/DEBUG] [mixin/]: Mixing self.IZetaItemMixin_FAKE from zeta_forge.mixins.json into org.violetmoon.zeta.item.ZetaBlockItem
[24Dec2025 19:08:36.196] [modloading-worker-0/DEBUG] [net.minecraftforge.fml.config.ConfigTracker/CONFIG]: Config file forge-client.toml for forge tracking
[24Dec2025 19:08:36.196] [modloading-worker-0/DEBUG] [net.minecraftforge.fml.config.ConfigTracker/CONFIG]: Config file forge-server.toml for forge tracking
[24Dec2025 19:08:36.196] [modloading-worker-0/DEBUG] [net.minecraftforge.fml.ModLoadingContext/]: Attempted to register an empty config for type COMMON on mod forge
[24Dec2025 19:08:36.231] [modloading-worker-0/DEBUG] [net.minecraftforge.fml.javafmlmod.AutomaticEventSubscriber/LOADING]: Attempting to inject @EventBusSubscriber classes into the eventbus for forge
[24Dec2025 19:08:36.233] [modloading-worker-0/DEBUG] [net.minecraftforge.fml.javafmlmod.AutomaticEventSubscriber/LOADING]: Auto-subscribing net.minecraftforge.common.ForgeSpawnEggItem$CommonHandler to MOD
[24Dec2025 19:08:36.419] [modloading-worker-0/DEBUG] [mixin/]: Mixing self.IZetaBlockMixin_FAKE from zeta_forge.mixins.json into org.violetmoon.zeta.block.ZetaPillarBlock
[24Dec2025 19:08:36.441] [modloading-worker-0/DEBUG] [net.minecraftforge.fml.javafmlmod.AutomaticEventSubscriber/LOADING]: Attempting to inject @EventBusSubscriber classes into the eventbus for securitycraft
[24Dec2025 19:08:36.441] [modloading-worker-0/DEBUG] [net.minecraftforge.fml.javafmlmod.AutomaticEventSubscriber/LOADING]: Auto-subscribing net.geforcemods.securitycraft.api.SecurityCraftAPI to MOD
[24Dec2025 19:08:36.442] [modloading-worker-0/DEBUG] [mixin/]: Mixing self.IZetaBlockMixin_FAKE from zeta_forge.mixins.json into org.violetmoon.zeta.block.ZetaBlock
[24Dec2025 19:08:36.452] [modloading-worker-0/DEBUG] [net.minecraftforge.fml.javafmlmod.AutomaticEventSubscriber/LOADING]: Auto-subscribing net.geforcemods.securitycraft.SecurityCraft to MOD
[24Dec2025 19:08:36.453] [modloading-worker-0/DEBUG] [mixin/]: Mixing self.IZetaBlockMixin_FAKE from zeta_forge.mixins.json into org.violetmoon.zeta.block.ZetaFenceBlock
[24Dec2025 19:08:36.465] [modloading-worker-0/DEBUG] [mixin/]: Mixing self.IZetaBlockMixin_FAKE from zeta_forge.mixins.json into org.violetmoon.zeta.block.ZetaDoorBlock
[24Dec2025 19:08:36.478] [modloading-worker-0/DEBUG] [mixin/]: Mixing self.IZetaBlockMixin_FAKE from zeta_forge.mixins.json into org.violetmoon.zeta.block.ZetaTrapdoorBlock
[24Dec2025 19:08:36.490] [modloading-worker-0/DEBUG] [mixin/]: Mixing self.IZetaBlockMixin_FAKE from zeta_forge.mixins.json into org.violetmoon.zeta.block.ZetaPressurePlateBlock
[24Dec2025 19:08:36.491] [modloading-worker-0/DEBUG] [net.minecraftforge.fml.config.ConfigTracker/CONFIG]: Config file zeta-common.toml for zeta tracking
[24Dec2025 19:08:36.499] [modloading-worker-0/INFO] [zeta/]: Doing super early config setup for zeta
[24Dec2025 19:08:36.501] [modloading-worker-0/DEBUG] [net.minecraftforge.fml.javafmlmod.AutomaticEventSubscriber/LOADING]: Auto-subscribing net.geforcemods.securitycraft.SCEventHandler to FORGE
[24Dec2025 19:08:36.503] [modloading-worker-0/DEBUG] [mixin/]: Mixing self.IZetaBlockMixin_FAKE from zeta_forge.mixins.json into org.violetmoon.zeta.block.ZetaButtonBlock
[24Dec2025 19:08:36.520] [modloading-worker-0/DEBUG] [mixin/]: Mixing self.IZetaBlockMixin_FAKE from zeta_forge.mixins.json into org.violetmoon.zeta.block.ZetaStandingSignBlock
[24Dec2025 19:08:36.530] [modloading-worker-0/DEBUG] [mixin/]: Mixing self.IZetaBlockMixin_FAKE from zeta_forge.mixins.json into org.violetmoon.zeta.block.ZetaWallSignBlock
[24Dec2025 19:08:36.545] [modloading-worker-0/DEBUG] [mixin/]: Mixing self.IZetaBlockMixin_FAKE from zeta_forge.mixins.json into org.violetmoon.zeta.block.ZetaCeilingHangingSignBlock
[24Dec2025 19:08:36.555] [modloading-worker-0/DEBUG] [net.minecraftforge.fml.javafmlmod.AutomaticEventSubscriber/LOADING]: Auto-subscribing net.geforcemods.securitycraft.RegistrationHandler to MOD
[24Dec2025 19:08:36.555] [modloading-worker-0/DEBUG] [mixin/]: Mixing self.IZetaBlockMixin_FAKE from zeta_forge.mixins.json into org.violetmoon.zeta.block.ZetaWallHangingSignBlock
[24Dec2025 19:08:36.575] [modloading-worker-0/DEBUG] [mixin/]: Mixing self.IZetaBlockMixin_FAKE from quark.mixins.json into org.violetmoon.quark.content.building.block.VariantLadderBlock
[24Dec2025 19:08:36.587] [modloading-worker-0/DEBUG] [net.minecraftforge.fml.javafmlmod.AutomaticEventSubscriber/LOADING]: Auto-subscribing net.geforcemods.securitycraft.ConfigHandler to MOD
[24Dec2025 19:08:36.593] [modloading-worker-0/DEBUG] [net.minecraftforge.fml.javafmlmod.AutomaticEventSubscriber/LOADING]: Attempting to inject @EventBusSubscriber classes into the eventbus for zeta
[24Dec2025 19:08:36.594] [modloading-worker-0/DEBUG] [mixin/]: Mixing self.IZetaItemMixin_FAKE from zeta_forge.mixins.json into org.violetmoon.zeta.item.ZetaItem
[24Dec2025 19:08:36.595] [modloading-worker-0/DEBUG] [net.minecraftforge.fml.javafmlmod.AutomaticEventSubscriber/LOADING]: Attempting to inject @EventBusSubscriber classes into the eventbus for rubidium
[24Dec2025 19:08:36.614] [modloading-worker-0/DEBUG] [net.minecraftforge.fml.javafmlmod.AutomaticEventSubscriber/LOADING]: Attempting to inject @EventBusSubscriber classes into the eventbus for embeddium
[24Dec2025 19:08:36.654] [modloading-worker-0/DEBUG] [net.minecraftforge.fml.javafmlmod.AutomaticEventSubscriber/LOADING]: Attempting to inject @EventBusSubscriber classes into the eventbus for ironchest
[24Dec2025 19:08:36.654] [modloading-worker-0/DEBUG] [net.minecraftforge.fml.javafmlmod.AutomaticEventSubscriber/LOADING]: Auto-subscribing com.progwml6.ironchest.common.ai.CatsSitOnChestsHandler to FORGE
[24Dec2025 19:08:36.781] [modloading-worker-0/INFO] [quark-zeta/]: Discovered 164 modules to load.
[24Dec2025 19:08:36.782] [modloading-worker-0/INFO] [quark-zeta/]: Constructing module Abacus...
[24Dec2025 19:08:36.786] [modloading-worker-0/DEBUG] [net.minecraftforge.fml.javafmlmod.AutomaticEventSubscriber/LOADING]: Attempting to inject @EventBusSubscriber classes into the eventbus for tconstruct
[24Dec2025 19:08:36.787] [modloading-worker-0/DEBUG] [net.minecraftforge.fml.javafmlmod.AutomaticEventSubscriber/LOADING]: Auto-subscribing slimeknights.tconstruct.world.WorldEvents to FORGE
[24Dec2025 19:08:36.790] [modloading-worker-0/DEBUG] [net.minecraftforge.fml.javafmlmod.AutomaticEventSubscriber/LOADING]: Auto-subscribing slimeknights.tconstruct.tools.logic.ToolEvents to FORGE
[24Dec2025 19:08:36.794] [modloading-worker-0/INFO] [quark-zeta/]: Constructing module Adjustable Chat...
[24Dec2025 19:08:36.797] [modloading-worker-0/INFO] [quark-zeta/]: Constructing module Ambient Discs...
[24Dec2025 19:08:36.798] [modloading-worker-0/INFO] [quark-zeta/]: Constructing module Ancient Tomes...
[24Dec2025 19:08:36.803] [modloading-worker-0/DEBUG] [net.minecraftforge.fml.javafmlmod.AutomaticEventSubscriber/LOADING]: Auto-subscribing slimeknights.tconstruct.tools.logic.ModifierEvents to FORGE
[24Dec2025 19:08:36.808] [modloading-worker-0/DEBUG] [mixin/]: Mixing MerchantOfferMixin from quark.mixins.json into net.minecraft.world.item.trading.MerchantOffer
[24Dec2025 19:08:36.810] [modloading-worker-0/DEBUG] [mixin/]: Mixing accessor.AccessorMerchantOffer from quark.mixins.json into net.minecraft.world.item.trading.MerchantOffer
[24Dec2025 19:08:36.817] [modloading-worker-0/DEBUG] [net.minecraftforge.fml.javafmlmod.AutomaticEventSubscriber/LOADING]: Auto-subscribing slimeknights.tconstruct.tools.logic.InteractionHandler to FORGE
[24Dec2025 19:08:36.820] [modloading-worker-0/INFO] [quark-zeta/]: Constructing module Ancient Wood...
[24Dec2025 19:08:36.820] [modloading-worker-0/DEBUG] [mixin/]: Mixing self.IZetaBlockMixin_FAKE from zeta_forge.mixins.json into org.violetmoon.zeta.block.ZetaLeavesBlock
[24Dec2025 19:08:36.830] [modloading-worker-0/DEBUG] [net.minecraftforge.fml.javafmlmod.AutomaticEventSubscriber/LOADING]: Auto-subscribing slimeknights.tconstruct.tools.logic.DoubleJumpHandler to FORGE
[24Dec2025 19:08:36.830] [modloading-worker-0/DEBUG] [mixin/]: Mixing self.IZetaBlockMixin_FAKE from zeta_forge.mixins.json into org.violetmoon.zeta.block.ZetaSaplingBlock
[24Dec2025 19:08:36.839] [modloading-worker-0/DEBUG] [net.minecraftforge.fml.javafmlmod.AutomaticEventSubscriber/LOADING]: Auto-subscribing slimeknights.tconstruct.shared.CommonsEvents to FORGE
[24Dec2025 19:08:36.840] [modloading-worker-0/INFO] [quark-zeta/]: Constructing module Armed Armor Stands...
[24Dec2025 19:08:36.841] [modloading-worker-0/INFO] [quark-zeta/]: Constructing module Auto Walk Keybind...
[24Dec2025 19:08:36.840] [modloading-worker-0/DEBUG] [net.minecraftforge.fml.javafmlmod.AutomaticEventSubscriber/LOADING]: Auto-subscribing slimeknights.tconstruct.shared.AchievementEvents to FORGE
[24Dec2025 19:08:36.841] [modloading-worker-0/INFO] [quark-zeta/]: Constructing module Automatic Recipe Unlock...
[24Dec2025 19:08:36.842] [modloading-worker-0/INFO] [quark-zeta/]: Constructing module Automatic Tool Restock...
[24Dec2025 19:08:36.845] [modloading-worker-0/DEBUG] [net.minecraftforge.fml.javafmlmod.AutomaticEventSubscriber/LOADING]: Auto-subscribing slimeknights.tconstruct.fluids.FluidEvents to FORGE
[24Dec2025 19:08:36.846] [modloading-worker-0/DEBUG] [net.minecraftforge.fml.javafmlmod.AutomaticEventSubscriber/LOADING]: Auto-subscribing slimeknights.tconstruct.common.Sounds to MOD
[24Dec2025 19:08:36.847] [modloading-worker-0/DEBUG] [net.minecraftforge.fml.javafmlmod.AutomaticEventSubscriber/LOADING]: Auto-subscribing slimeknights.tconstruct.TConstruct to MOD
[24Dec2025 19:08:36.846] [modloading-worker-0/INFO] [quark-zeta/]: Constructing module Azalea Wood...
[24Dec2025 19:08:36.847] [modloading-worker-0/INFO] [quark-zeta/]: Constructing module Back Button Keybind...
[24Dec2025 19:08:36.848] [modloading-worker-0/INFO] [quark-zeta/]: Constructing module Backpack...
[24Dec2025 19:08:36.849] [modloading-worker-0/DEBUG] [mixin/]: Mixing self.IZetaItemMixin_FAKE from quark.mixins.json into org.violetmoon.quark.addons.oddities.item.BackpackItem
[24Dec2025 19:08:36.867] [modloading-worker-0/INFO] [quark-zeta/]: Constructing module Beacon Redirection...
[24Dec2025 19:08:36.867] [modloading-worker-0/INFO] [quark-zeta/]: Constructing module Better Elytra Rocket...
[24Dec2025 19:08:36.868] [modloading-worker-0/INFO] [quark-zeta/]: Constructing module Big Stone Clusters...
[24Dec2025 19:08:36.874] [modloading-worker-0/INFO] [quark-zeta/]: Constructing module Blossom Trees...
[24Dec2025 19:08:36.876] [modloading-worker-0/INFO] [quark-zeta/]: Constructing module Bottled Cloud...
[24Dec2025 19:08:36.879] [modloading-worker-0/INFO] [quark-zeta/]: Constructing module Buckets Show Inhabitants...
[24Dec2025 19:08:36.879] [modloading-worker-0/INFO] [quark-zeta/]: Constructing module Camera...
[24Dec2025 19:08:36.880] [modloading-worker-0/INFO] [quark-zeta/]: Constructing module Campfires Boost Elytra...
[24Dec2025 19:08:36.881] [modloading-worker-0/INFO] [quark-zeta/]: Constructing module Celebratory Lamps...
[24Dec2025 19:08:36.882] [modloading-worker-0/INFO] [quark-zeta/]: Constructing module Chains Connect Blocks...
[24Dec2025 19:08:36.883] [modloading-worker-0/INFO] [quark-zeta/]: Constructing module Chest Searching...
[24Dec2025 19:08:36.883] [modloading-worker-0/INFO] [quark-zeta/]: Constructing module Chorus Vegetation...
[24Dec2025 19:08:36.885] [modloading-worker-0/INFO] [quark-zeta/]: Constructing module Chute...
[24Dec2025 19:08:36.886] [modloading-worker-0/INFO] [quark-zeta/]: Constructing module Climate Control Remover...
[24Dec2025 19:08:36.886] [modloading-worker-0/INFO] [quark-zeta/]: Constructing module Color Runes...
[24Dec2025 19:08:36.889] [modloading-worker-0/INFO] [quark-zeta/]: Constructing module Compasses Work Everywhere...
[24Dec2025 19:08:36.890] [modloading-worker-0/INFO] [quark-zeta/]: Constructing module Compressed Blocks...
[24Dec2025 19:08:36.892] [modloading-worker-0/INFO] [quark-zeta/]: Constructing module Coral On Cactus...
[24Dec2025 19:08:36.892] [modloading-worker-0/INFO] [quark-zeta/]: Constructing module Corundum...
[24Dec2025 19:08:36.909] [modloading-worker-0/INFO] [quark-zeta/]: Constructing module Crabs...
[24Dec2025 19:08:36.911] [modloading-worker-0/INFO] [quark-zeta/]: Constructing module Crafter...
[24Dec2025 19:08:36.912] [modloading-worker-0/INFO] [quark-zeta/]: Constructing module Crate...
[24Dec2025 19:08:36.914] [modloading-worker-0/INFO] [quark-zeta/]: Constructing module Diamond Repair...
[24Dec2025 19:08:36.915] [modloading-worker-0/INFO] [quark-zeta/]: Constructing module Dispensers Place Blocks...
[24Dec2025 19:08:36.916] [modloading-worker-0/INFO] [quark-zeta/]: Constructing module Double Door Opening...
[24Dec2025 19:08:36.916] [modloading-worker-0/INFO] [quark-zeta/]: Constructing module Dragon Scales...
[24Dec2025 19:08:36.917] [modloading-worker-0/INFO] [quark-zeta/]: Constructing module Duskbound Blocks...
[24Dec2025 19:08:36.917] [modloading-worker-0/INFO] [quark-zeta/]: Constructing module Dyeable Item Frames...
[24Dec2025 19:08:36.921] [modloading-worker-0/INFO] [quark-zeta/]: Constructing module Easy Transfering...
[24Dec2025 19:08:36.922] [modloading-worker-0/INFO] [quark-zeta/]: Constructing module Elytra Indicator...
[24Dec2025 19:08:36.924] [modloading-worker-0/INFO] [quark-zeta/]: Constructing module Emotes...
[24Dec2025 19:08:36.925] [modloading-worker-0/INFO] [quark-zeta/]: Constructing module Enchantment Predicates...
[24Dec2025 19:08:36.925] [modloading-worker-0/INFO] [quark-zeta/]: Constructing module Enchantments Begone...
[24Dec2025 19:08:36.925] [modloading-worker-0/INFO] [quark-zeta/]: Constructing module Ender Watcher...
[24Dec2025 19:08:36.926] [modloading-worker-0/INFO] [quark-zeta/]: Constructing module Endermosh Music Disc...
[24Dec2025 19:08:36.927] [modloading-worker-0/INFO] [quark-zeta/]: Constructing module Enhanced Ladders...
[24Dec2025 19:08:36.927] [modloading-worker-0/INFO] [quark-zeta/]: Constructing module Expanded Item Interactions...
[24Dec2025 19:08:36.930] [modloading-worker-0/INFO] [quark-zeta/]: Constructing module Fairy Rings...
[24Dec2025 19:08:36.931] [modloading-worker-0/INFO] [quark-zeta/]: Constructing module Fallen Logs...
[24Dec2025 19:08:36.932] [modloading-worker-0/INFO] [quark-zeta/]: Constructing module Feeding Trough...
[24Dec2025 19:08:36.934] [modloading-worker-0/INFO] [quark-zeta/]: Constructing module Forgotten...
[24Dec2025 19:08:36.935] [modloading-worker-0/DEBUG] [mixin/]: Mixing self.IZetaItemMixin_FAKE from zeta_forge.mixins.json into org.violetmoon.zeta.item.ZetaArmorItem
[24Dec2025 19:08:36.941] [modloading-worker-0/INFO] [quark-zeta/]: Constructing module Foxhound...
[24Dec2025 19:08:36.942] [modloading-worker-0/INFO] [quark-zeta/]: Constructing module Framed Glass...
[24Dec2025 19:08:36.942] [modloading-worker-0/INFO] [quark-zeta/]: Constructing module Game Nerfs...
[24Dec2025 19:08:36.946] [modloading-worker-0/INFO] [quark-zeta/]: Constructing module Glass Item Frame...
[24Dec2025 19:08:36.949] [modloading-worker-0/INFO] [quark-zeta/]: Constructing module Glass Shard...
[24Dec2025 19:08:36.949] [modloading-worker-0/INFO] [quark-zeta/]: Constructing module Glimmering Weald...
[24Dec2025 19:08:36.950] [modloading-worker-0/DEBUG] [mixin/]: Mixing self.IZetaBlockMixin_FAKE from quark.mixins.json into org.violetmoon.quark.content.world.block.HugeGlowShroomBlock
[24Dec2025 19:08:36.958] [modloading-worker-0/DEBUG] [mixin/]: Mixing self.IZetaBlockMixin_FAKE from zeta_forge.mixins.json into org.violetmoon.zeta.block.ZetaBushBlock
[24Dec2025 19:08:36.963] [modloading-worker-0/INFO] [quark-zeta/]: Constructing module Gold Bars...
[24Dec2025 19:08:36.963] [modloading-worker-0/INFO] [quark-zeta/]: Constructing module Gold Tools Have Fortune...
[24Dec2025 19:08:36.967] [modloading-worker-0/INFO] [quark-zeta/]: Constructing module Grab Chickens...
[24Dec2025 19:08:36.968] [modloading-worker-0/INFO] [quark-zeta/]: Constructing module Grate...
[24Dec2025 19:08:36.970] [modloading-worker-0/INFO] [quark-zeta/]: Constructing module Gravisand...
[24Dec2025 19:08:36.971] [modloading-worker-0/INFO] [quark-zeta/]: Constructing module Greener Grass...
[24Dec2025 19:08:36.973] [modloading-worker-0/INFO] [quark-zeta/]: Constructing module Hedges...
[24Dec2025 19:08:36.974] [modloading-worker-0/INFO] [quark-zeta/]: Constructing module Hoe Harvesting...
[24Dec2025 19:08:36.975] [modloading-worker-0/INFO] [quark-zeta/]: Constructing module Hollow Logs...
[24Dec2025 19:08:36.975] [modloading-worker-0/INFO] [quark-zeta/]: Constructing module Horses Swim...
[24Dec2025 19:08:36.975] [modloading-worker-0/INFO] [quark-zeta/]: Constructing module Hotbar Changer...
[24Dec2025 19:08:36.976] [modloading-worker-0/INFO] [quark-zeta/]: Constructing module Improved Sponges...
[24Dec2025 19:08:36.976] [modloading-worker-0/INFO] [quark-zeta/]: Constructing module Improved Tooltips...
[24Dec2025 19:08:36.977] [modloading-worker-0/INFO] [quark-zeta/]: Constructing module Industrial Palette...
[24Dec2025 19:08:36.978] [modloading-worker-0/INFO] [quark-zeta/]: Constructing module Inventory Sorting...
[24Dec2025 19:08:36.979] [modloading-worker-0/INFO] [quark-zeta/]: Constructing module Iron Rod...
[24Dec2025 19:08:36.979] [modloading-worker-0/DEBUG] [mixin/]: Mixing self.IZetaBlockMixin_FAKE from quark.mixins.json into org.violetmoon.quark.content.automation.block.IronRodBlock
[24Dec2025 19:08:36.986] [modloading-worker-0/INFO] [quark-zeta/]: Constructing module Item Sharing...
[24Dec2025 19:08:36.986] [modloading-worker-0/INFO] [quark-zeta/]: Constructing module Japanese Palette...
[24Dec2025 19:08:36.986] [modloading-worker-0/INFO] [quark-zeta/]: Constructing module Leaf Carpet...
[24Dec2025 19:08:36.987] [modloading-worker-0/INFO] [quark-zeta/]: Constructing module Lock Rotation...
[24Dec2025 19:08:36.987] [modloading-worker-0/INFO] [quark-zeta/]: Constructing module Long Range Pick Block...
[24Dec2025 19:08:36.988] [modloading-worker-0/INFO] [quark-zeta/]: Constructing module Magma Keeps Concrete Powder...
[24Dec2025 19:08:36.988] [modloading-worker-0/INFO] [quark-zeta/]: Constructing module Magnets...
[24Dec2025 19:08:36.990] [modloading-worker-0/INFO] [quark-zeta/]: Constructing module Map Washing...
[24Dec2025 19:08:36.991] [modloading-worker-0/INFO] [quark-zeta/]: Constructing module Matrix Enchanting...
[24Dec2025 19:08:36.992] [modloading-worker-0/DEBUG] [mixin/]: Mixing self.IZetaBlockMixin_FAKE from quark.mixins.json into org.violetmoon.quark.addons.oddities.block.MatrixEnchantingTableBlock
[24Dec2025 19:08:36.999] [modloading-worker-0/INFO] [quark-zeta/]: Constructing module Metal Buttons...
[24Dec2025 19:08:36.999] [modloading-worker-0/INFO] [quark-zeta/]: Constructing module Microcrafting Helper...
[24Dec2025 19:08:36.999] [modloading-worker-0/INFO] [quark-zeta/]: Constructing module Midori...
[24Dec2025 19:08:37.000] [modloading-worker-0/INFO] [quark-zeta/]: Constructing module Monster Box...
[24Dec2025 19:08:37.000] [modloading-worker-0/INFO] [quark-zeta/]: Constructing module More Banner Layers...
[24Dec2025 19:08:37.001] [modloading-worker-0/INFO] [quark-zeta/]: Constructing module More Brick Types...
[24Dec2025 19:08:37.001] [modloading-worker-0/INFO] [quark-zeta/]: Constructing module More Mud Blocks...
[24Dec2025 19:08:37.001] [modloading-worker-0/INFO] [quark-zeta/]: Constructing module More Note Block Sounds...
[24Dec2025 19:08:37.002] [modloading-worker-0/INFO] [quark-zeta/]: Constructing module More Potted Plants...
[24Dec2025 19:08:37.002] [modloading-worker-0/INFO] [quark-zeta/]: Constructing module More Villagers...
[24Dec2025 19:08:37.002] [modloading-worker-0/INFO] [quark-zeta/]: Constructing module Narrator Readout...
[24Dec2025 19:08:37.003] [modloading-worker-0/INFO] [quark-zeta/]: Constructing module Nether Brick Fence Gate...
[24Dec2025 19:08:37.003] [modloading-worker-0/INFO] [quark-zeta/]: Constructing module Nether Obsidian Spikes...
[24Dec2025 19:08:37.004] [modloading-worker-0/INFO] [quark-zeta/]: Constructing module New Stone Types...
[24Dec2025 19:08:37.006] [modloading-worker-0/INFO] [quark-zeta/]: Constructing module No Durability On Cosmetics...
[24Dec2025 19:08:37.006] [modloading-worker-0/INFO] [quark-zeta/]: Constructing module No More Lava Pockets...
[24Dec2025 19:08:37.007] [modloading-worker-0/INFO] [quark-zeta/]: Constructing module Obsidian Plate...
[24Dec2025 19:08:37.007] [modloading-worker-0/INFO] [quark-zeta/]: Constructing module Overlay Shader...
[24Dec2025 19:08:37.007] [modloading-worker-0/INFO] [quark-zeta/]: Constructing module Parrot Eggs...
[24Dec2025 19:08:37.008] [modloading-worker-0/INFO] [quark-zeta/]: Constructing module Pat The Dogs...
[24Dec2025 19:08:37.009] [modloading-worker-0/INFO] [quark-zeta/]: Constructing module Pathfinder Maps...
[24Dec2025 19:08:37.012] [modloading-worker-0/INFO] [quark-zeta/]: Constructing module Permafrost...
[24Dec2025 19:08:37.012] [modloading-worker-0/INFO] [quark-zeta/]: Constructing module Petals On Water...
[24Dec2025 19:08:37.013] [modloading-worker-0/INFO] [quark-zeta/]: Constructing module Pickarang...
[24Dec2025 19:08:37.015] [modloading-worker-0/INFO] [quark-zeta/]: Constructing module Pig Litters...
[24Dec2025 19:08:37.016] [modloading-worker-0/INFO] [quark-zeta/]: Constructing module Pipes...
[24Dec2025 19:08:37.018] [modloading-worker-0/INFO] [quark-zeta/]: Constructing module Pistons Move Tile Entities...
[24Dec2025 19:08:37.019] [modloading-worker-0/INFO] [quark-zeta/]: Constructing module Poison Potato Usage...
[24Dec2025 19:08:37.020] [modloading-worker-0/INFO] [quark-zeta/]: Constructing module Quick Armor Swapping...
[24Dec2025 19:08:37.020] [modloading-worker-0/INFO] [quark-zeta/]: Constructing module Rainbow Lamps...
[24Dec2025 19:08:37.020] [modloading-worker-0/INFO] [quark-zeta/]: Constructing module Raw Metal Bricks...
[24Dec2025 19:08:37.021] [modloading-worker-0/INFO] [quark-zeta/]: Constructing module Reacharound Placing...
[24Dec2025 19:08:37.021] [modloading-worker-0/INFO] [quark-zeta/]: Constructing module Redstone Randomizer...
[24Dec2025 19:08:37.023] [modloading-worker-0/INFO] [quark-zeta/]: Constructing module Renewable Spore Blossoms...
[24Dec2025 19:08:37.023] [modloading-worker-0/INFO] [quark-zeta/]: Constructing module Replace Scaffolding...
[24Dec2025 19:08:37.023] [modloading-worker-0/INFO] [quark-zeta/]: Constructing module Rope...
[24Dec2025 19:08:37.025] [modloading-worker-0/INFO] [quark-zeta/]: Constructing module Safer Creatures...
[24Dec2025 19:08:37.025] [modloading-worker-0/INFO] [quark-zeta/]: Constructing module Seed Pouch...
[24Dec2025 19:08:37.027] [modloading-worker-0/INFO] [quark-zeta/]: Constructing module Shear Vines...
[24Dec2025 19:08:37.028] [modloading-worker-0/DEBUG] [mixin/]: Mixing self.IZetaBlockMixin_FAKE from zeta_forge.mixins.json into org.violetmoon.zeta.block.ZetaVineBlock
[24Dec2025 19:08:37.035] [modloading-worker-0/INFO] [quark-zeta/]: Constructing module Shiba...
[24Dec2025 19:08:37.036] [modloading-worker-0/INFO] [quark-zeta/]: Constructing module Shingles...
[24Dec2025 19:08:37.036] [modloading-worker-0/INFO] [quark-zeta/]: Constructing module Shulker Packing...
[24Dec2025 19:08:37.036] [modloading-worker-0/INFO] [quark-zeta/]: Constructing module Simple Harvest...
[24Dec2025 19:08:37.038] [modloading-worker-0/INFO] [quark-zeta/]: Constructing module Skull Pikes...
[24Dec2025 19:08:37.039] [modloading-worker-0/INFO] [quark-zeta/]: Constructing module Slabs To Blocks...
[24Dec2025 19:08:37.040] [modloading-worker-0/INFO] [quark-zeta/]: Constructing module Slime In A Bucket...
[24Dec2025 19:08:37.041] [modloading-worker-0/INFO] [quark-zeta/]: Constructing module Slimes To Magma Cubes...
[24Dec2025 19:08:37.041] [modloading-worker-0/INFO] [quark-zeta/]: Constructing module Snow Golem Player Heads...
[24Dec2025 19:08:37.041] [modloading-worker-0/INFO] [quark-zeta/]: Constructing module Soul Candles...
[24Dec2025 19:08:37.042] [modloading-worker-0/INFO] [quark-zeta/]: Constructing module Soul Sandstone...
[24Dec2025 19:08:37.042] [modloading-worker-0/INFO] [quark-zeta/]: Constructing module Spawner Replacer...
[24Dec2025 19:08:37.042] [modloading-worker-0/INFO] [quark-zeta/]: Constructing module Spiral Spires...
[24Dec2025 19:08:37.044] [modloading-worker-0/INFO] [quark-zeta/]: Constructing module Stonelings...
[24Dec2025 19:08:37.045] [modloading-worker-0/INFO] [quark-zeta/]: Constructing module Stools...
[24Dec2025 19:08:37.046] [modloading-worker-0/INFO] [quark-zeta/]: Constructing module Sturdy Stone...
[24Dec2025 19:08:37.046] [modloading-worker-0/INFO] [quark-zeta/]: Constructing module Thatch...
[24Dec2025 19:08:37.048] [modloading-worker-0/INFO] [quark-zeta/]: Constructing module Tiny Potato...
[24Dec2025 19:08:37.049] [modloading-worker-0/INFO] [quark-zeta/]: Constructing module Torch Arrow...
[24Dec2025 19:08:37.051] [modloading-worker-0/INFO] [quark-zeta/]: Constructing module Toretoise...
[24Dec2025 19:08:37.051] [modloading-worker-0/INFO] [quark-zeta/]: Constructing module Totem Of Holding...
[24Dec2025 19:08:37.053] [modloading-worker-0/INFO] [quark-zeta/]: Constructing module Trowel...
[24Dec2025 19:08:37.055] [modloading-worker-0/INFO] [quark-zeta/]: Constructing module Usage Ticker...
[24Dec2025 19:08:37.055] [modloading-worker-0/INFO] [quark-zeta/]: Constructing module Uses For Curses...
[24Dec2025 19:08:37.056] [modloading-worker-0/INFO] [quark-zeta/]: Constructing module Utility Recipes...
[24Dec2025 19:08:37.057] [modloading-worker-0/INFO] [quark-zeta/]: Constructing module Variant Animal Textures...
[24Dec2025 19:08:37.058] [modloading-worker-0/INFO] [quark-zeta/]: Constructing module Variant Bookshelves...
[24Dec2025 19:08:37.058] [modloading-worker-0/INFO] [quark-zeta/]: Constructing module Variant Chests...
[24Dec2025 19:08:37.059] [modloading-worker-0/DEBUG] [mixin/]: Mixing self.IZetaBlockMixin_FAKE from quark.mixins.json into org.violetmoon.quark.content.building.block.VariantTrappedChestBlock
[24Dec2025 19:08:37.067] [modloading-worker-0/DEBUG] [mixin/]: Mixing self.IZetaBlockMixin_FAKE from quark.mixins.json into org.violetmoon.quark.content.building.block.VariantChestBlock
[24Dec2025 19:08:37.071] [modloading-worker-0/INFO] [quark-zeta/]: Constructing module Variant Furnaces...
[24Dec2025 19:08:37.071] [modloading-worker-0/DEBUG] [mixin/]: Mixing self.IZetaBlockMixin_FAKE from quark.mixins.json into org.violetmoon.quark.content.building.block.VariantFurnaceBlock
[24Dec2025 19:08:37.076] [modloading-worker-0/INFO] [quark-zeta/]: Constructing module Variant Ladders...
[24Dec2025 19:08:37.077] [modloading-worker-0/INFO] [quark-zeta/]: Constructing module Variant Selector...
[24Dec2025 19:08:37.079] [modloading-worker-0/INFO] [quark-zeta/]: Constructing module Vertical Planks...
[24Dec2025 19:08:37.079] [modloading-worker-0/INFO] [quark-zeta/]: Constructing module Vertical Slabs...
[24Dec2025 19:08:37.080] [modloading-worker-0/DEBUG] [mixin/]: Mixing self.IZetaBlockMixin_FAKE from quark.mixins.json into org.violetmoon.quark.content.building.block.QuarkVerticalSlabBlock
[24Dec2025 19:08:37.085] [modloading-worker-0/DEBUG] [mixin/]: Mixing self.IZetaBlockMixin_FAKE from quark.mixins.json into org.violetmoon.quark.content.building.block.VerticalSlabBlock
[24Dec2025 19:08:37.093] [modloading-worker-0/INFO] [quark-zeta/]: Constructing module Vexes Die With Their Masters...
[24Dec2025 19:08:37.094] [modloading-worker-0/INFO] [quark-zeta/]: Constructing module Villager Rerolling Rework...
[24Dec2025 19:08:37.094] [modloading-worker-0/DEBUG] [mixin/]: Mixing MerchantOffersMixin from quark.mixins.json into net.minecraft.world.item.trading.MerchantOffers
[24Dec2025 19:08:37.097] [modloading-worker-0/INFO] [quark-zeta/]: Constructing module Villagers Follow Emeralds...
[24Dec2025 19:08:37.097] [modloading-worker-0/INFO] [quark-zeta/]: Constructing module Wooden Posts...
[24Dec2025 19:08:37.098] [modloading-worker-0/INFO] [quark-zeta/]: Constructing module Wool Shuts Up Minecarts...
[24Dec2025 19:08:37.099] [modloading-worker-0/INFO] [quark-zeta/]: Constructing module Wraith...
[24Dec2025 19:08:37.100] [modloading-worker-0/INFO] [quark-zeta/]: Constructing module Zombie Villagers On Normal...
[24Dec2025 19:08:37.100] [modloading-worker-0/INFO] [quark-zeta/]: Constructing module More Stone Variants...
[24Dec2025 19:08:37.101] [modloading-worker-0/INFO] [quark-zeta/]: Constructed 164 modules.
[24Dec2025 19:08:37.158] [modloading-worker-0/DEBUG] [net.minecraftforge.fml.config.ConfigTracker/CONFIG]: Config file quark-common.toml for quark tracking
[24Dec2025 19:08:37.251] [modloading-worker-0/INFO] [quark-zeta/]: Doing super early config setup for quark
[24Dec2025 19:08:37.257] [modloading-worker-0/DEBUG] [mixin/]: Mixing AccessorLootTable from zeta.mixins.json into net.minecraft.world.level.storage.loot.LootTable
[24Dec2025 19:08:37.264] [modloading-worker-0/DEBUG] [net.minecraftforge.fml.javafmlmod.AutomaticEventSubscriber/LOADING]: Attempting to inject @EventBusSubscriber classes into the eventbus for quark
[24Dec2025 19:08:37.264] [modloading-worker-0/DEBUG] [net.minecraftforge.fml.javafmlmod.AutomaticEventSubscriber/LOADING]: Auto-subscribing org.violetmoon.quark.base.handler.QuarkRemapHandler to FORGE
[24Dec2025 19:08:37.274] [main/DEBUG] [mixin/]: Mixing RegistryDataLoaderMixin from zeta.mixins.json into net.minecraft.resources.RegistryDataLoader
[24Dec2025 19:08:37.317] [main/DEBUG] [net.minecraftforge.common.capabilities.CapabilityManager/CAPABILITIES]: Attempting to automatically register: Lnet/minecraftforge/energy/IEnergyStorage;
[24Dec2025 19:08:37.318] [main/DEBUG] [net.minecraftforge.common.capabilities.CapabilityManager/CAPABILITIES]: Attempting to automatically register: Lnet/minecraftforge/fluids/capability/IFluidHandler;
[24Dec2025 19:08:37.318] [main/DEBUG] [net.minecraftforge.common.capabilities.CapabilityManager/CAPABILITIES]: Attempting to automatically register: Lnet/minecraftforge/fluids/capability/IFluidHandlerItem;
[24Dec2025 19:08:37.318] [main/DEBUG] [net.minecraftforge.common.capabilities.CapabilityManager/CAPABILITIES]: Attempting to automatically register: Lnet/minecraftforge/items/IItemHandler;
[24Dec2025 19:08:37.382] [main/DEBUG] [mixin/]: Mixing self.IZetaBlockMixin_FAKE from zeta_forge.mixins.json into org.violetmoon.zeta.block.ZetaSlabBlock
[24Dec2025 19:08:37.388] [main/DEBUG] [mixin/]: Mixing self.IZetaBlockMixin_FAKE from zeta_forge.mixins.json into org.violetmoon.zeta.block.ZetaStairsBlock
[24Dec2025 19:08:37.389] [main/DEBUG] [net.minecraftforge.coremod.transformer.CoreModBaseTransformer/COREMOD]: Transforming net/minecraft/world/level/block/StairBlock
[24Dec2025 19:08:37.398] [main/DEBUG] [mixin/]: Mixing self.IZetaBlockMixin_FAKE from zeta_forge.mixins.json into org.violetmoon.zeta.block.ZetaFenceGateBlock
[24Dec2025 19:08:38.008] [main/DEBUG] [mixin/]: Mixing self.IZetaBlockMixin_FAKE from zeta_forge.mixins.json into org.violetmoon.zeta.block.ZetaInheritedPaneBlock
[24Dec2025 19:08:38.011] [main/DEBUG] [mixin/]: Mixing self.IZetaBlockMixin_FAKE from zeta_forge.mixins.json into org.violetmoon.zeta.block.ZetaPaneBlock
[24Dec2025 19:08:38.079] [main/DEBUG] [mixin/]: Mixing self.IZetaBlockMixin_FAKE from quark.mixins.json into org.violetmoon.quark.content.building.block.HedgeBlock
[24Dec2025 19:08:38.138] [main/DEBUG] [mixin/]: Mixing self.IZetaBlockMixin_FAKE from zeta_forge.mixins.json into org.violetmoon.zeta.block.ZetaWallBlock
[24Dec2025 19:08:40.124] [main/DEBUG] [mixin/]: Mixing self.IZetaBlockMixin_FAKE from zeta_forge.mixins.json into org.violetmoon.zeta.block.ZetaBlockWrapper
[24Dec2025 19:08:40.544] [main/DEBUG] [quark-zeta/]: Registering to minecraft:sound_event - quark:entity.shiba.eat_arrow
[24Dec2025 19:08:40.545] [main/DEBUG] [quark-zeta/]: Registering to minecraft:sound_event - quark:entity.shiba.whine
[24Dec2025 19:08:40.545] [main/DEBUG] [quark-zeta/]: Registering to minecraft:sound_event - quark:entity.shiba.step
[24Dec2025 19:08:40.545] [main/DEBUG] [quark-zeta/]: Registering to minecraft:sound_event - quark:entity.shiba.ambient
[24Dec2025 19:08:40.545] [main/DEBUG] [quark-zeta/]: Registering to minecraft:sound_event - quark:entity.shiba.pant
[24Dec2025 19:08:40.545] [main/DEBUG] [quark-zeta/]: Registering to minecraft:sound_event - quark:entity.shiba.hurt
[24Dec2025 19:08:40.545] [main/DEBUG] [quark-zeta/]: Registering to minecraft:sound_event - quark:entity.shiba.death
[24Dec2025 19:08:40.545] [main/DEBUG] [quark-zeta/]: Registering to minecraft:sound_event - quark:entity.stoneling.meep
[24Dec2025 19:08:40.545] [main/DEBUG] [quark-zeta/]: Registering to minecraft:sound_event - quark:entity.stoneling.purr
[24Dec2025 19:08:40.545] [main/DEBUG] [quark-zeta/]: Registering to minecraft:sound_event - quark:entity.stoneling.give
[24Dec2025 19:08:40.545] [main/DEBUG] [quark-zeta/]: Registering to minecraft:sound_event - quark:entity.stoneling.take
[24Dec2025 19:08:40.545] [main/DEBUG] [quark-zeta/]: Registering to minecraft:sound_event - quark:entity.stoneling.eat
[24Dec2025 19:08:40.545] [main/DEBUG] [quark-zeta/]: Registering to minecraft:sound_event - quark:entity.stoneling.die
[24Dec2025 19:08:40.545] [main/DEBUG] [quark-zeta/]: Registering to minecraft:sound_event - quark:entity.stoneling.cry
[24Dec2025 19:08:40.545] [main/DEBUG] [quark-zeta/]: Registering to minecraft:sound_event - quark:entity.stoneling.michael
[24Dec2025 19:08:40.545] [main/DEBUG] [quark-zeta/]: Registering to minecraft:sound_event - quark:entity.pickarang.throw
[24Dec2025 19:08:40.545] [main/DEBUG] [quark-zeta/]: Registering to minecraft:sound_event - quark:entity.pickarang.clank
[24Dec2025 19:08:40.545] [main/DEBUG] [quark-zeta/]: Registering to minecraft:sound_event - quark:entity.pickarang.spark
[24Dec2025 19:08:40.545] [main/DEBUG] [quark-zeta/]: Registering to minecraft:sound_event - quark:entity.pickarang.pickup
[24Dec2025 19:08:40.546] [main/DEBUG] [quark-zeta/]: Registering to minecraft:sound_event - quark:entity.foxhound.ambient
[24Dec2025 19:08:40.546] [main/DEBUG] [quark-zeta/]: Registering to minecraft:sound_event - quark:entity.foxhound.death
[24Dec2025 19:08:40.546] [main/DEBUG] [quark-zeta/]: Registering to minecraft:sound_event - quark:entity.foxhound.growl
[24Dec2025 19:08:40.546] [main/DEBUG] [quark-zeta/]: Registering to minecraft:sound_event - quark:entity.foxhound.hurt
[24Dec2025 19:08:40.546] [main/DEBUG] [quark-zeta/]: Registering to minecraft:sound_event - quark:entity.foxhound.pant
[24Dec2025 19:08:40.546] [main/DEBUG] [quark-zeta/]: Registering to minecraft:sound_event - quark:entity.foxhound.shake
[24Dec2025 19:08:40.546] [main/DEBUG] [quark-zeta/]: Registering to minecraft:sound_event - quark:entity.foxhound.whine
[24Dec2025 19:08:40.546] [main/DEBUG] [quark-zeta/]: Registering to minecraft:sound_event - quark:entity.foxhound.eat
[24Dec2025 19:08:40.546] [main/DEBUG] [quark-zeta/]: Registering to minecraft:sound_event - quark:entity.foxhound.crackle
[24Dec2025 19:08:40.546] [main/DEBUG] [quark-zeta/]: Registering to minecraft:sound_event - quark:entity.crab.die
[24Dec2025 19:08:40.546] [main/DEBUG] [quark-zeta/]: Registering to minecraft:sound_event - quark:entity.crab.hurt
[24Dec2025 19:08:40.546] [main/DEBUG] [quark-zeta/]: Registering to minecraft:sound_event - quark:entity.crab.idle
[24Dec2025 19:08:40.546] [main/DEBUG] [quark-zeta/]: Registering to minecraft:sound_event - quark:entity.toretoise.die
[24Dec2025 19:08:40.546] [main/DEBUG] [quark-zeta/]: Registering to minecraft:sound_event - quark:entity.toretoise.hurt
[24Dec2025 19:08:40.546] [main/DEBUG] [quark-zeta/]: Registering to minecraft:sound_event - quark:entity.toretoise.idle
[24Dec2025 19:08:40.546] [main/DEBUG] [quark-zeta/]: Registering to minecraft:sound_event - quark:entity.toretoise.angry
[24Dec2025 19:08:40.546] [main/DEBUG] [quark-zeta/]: Registering to minecraft:sound_event - quark:entity.toretoise.harvest
[24Dec2025 19:08:40.546] [main/DEBUG] [quark-zeta/]: Registering to minecraft:sound_event - quark:entity.toretoise.eat_satiated
[24Dec2025 19:08:40.546] [main/DEBUG] [quark-zeta/]: Registering to minecraft:sound_event - quark:entity.toretoise.eat
[24Dec2025 19:08:40.546] [main/DEBUG] [quark-zeta/]: Registering to minecraft:sound_event - quark:entity.toretoise.regrow
[24Dec2025 19:08:40.546] [main/DEBUG] [quark-zeta/]: Registering to minecraft:sound_event - quark:entity.parrot.egg
[24Dec2025 19:08:40.546] [main/DEBUG] [quark-zeta/]: Registering to minecraft:sound_event - quark:entity.soul_bead.idle
[24Dec2025 19:08:40.546] [main/DEBUG] [quark-zeta/]: Registering to minecraft:sound_event - quark:block.monster_box.growl
[24Dec2025 19:08:40.546] [main/DEBUG] [quark-zeta/]: Registering to minecraft:sound_event - quark:block.pipe.shoot
[24Dec2025 19:08:40.546] [main/DEBUG] [quark-zeta/]: Registering to minecraft:sound_event - quark:block.pipe.pickup
[24Dec2025 19:08:40.546] [main/DEBUG] [quark-zeta/]: Registering to minecraft:sound_event - quark:block.pipe.shoot.lenny
[24Dec2025 19:08:40.546] [main/DEBUG] [quark-zeta/]: Registering to minecraft:sound_event - quark:block.pipe.pickup.lenny
[24Dec2025 19:08:40.547] [main/DEBUG] [quark-zeta/]: Registering to minecraft:sound_event - quark:block.potato.do_it
[24Dec2025 19:08:40.547] [main/DEBUG] [quark-zeta/]: Registering to minecraft:sound_event - quark:block.potato.soda
[24Dec2025 19:08:40.547] [main/DEBUG] [quark-zeta/]: Registering to minecraft:sound_event - quark:block.potato.kingbdogz
[24Dec2025 19:08:40.547] [main/DEBUG] [quark-zeta/]: Registering to minecraft:sound_event - quark:block.potato.yung
[24Dec2025 19:08:40.547] [main/DEBUG] [quark-zeta/]: Registering to minecraft:sound_event - quark:block.potato.hurt
[24Dec2025 19:08:40.547] [main/DEBUG] [quark-zeta/]: Registering to minecraft:sound_event - quark:item.camera.shutter
[24Dec2025 19:08:40.547] [main/DEBUG] [quark-zeta/]: Registering to minecraft:sound_event - quark:item.soul_powder.spawn
[24Dec2025 19:08:40.547] [main/DEBUG] [quark-zeta/]: Registering to minecraft:sound_event - quark:item.bucket.fill_crab
[24Dec2025 19:08:40.547] [main/DEBUG] [quark-zeta/]: Registering to minecraft:sound_event - quark:item.bucket.empty_crab
[24Dec2025 19:08:40.547] [main/DEBUG] [quark-zeta/]: Registering to minecraft:sound_event - quark:pet.device
[24Dec2025 19:08:40.547] [main/DEBUG] [quark-zeta/]: Registering to minecraft:sound_event - quark:pet.neko
[24Dec2025 19:08:40.547] [main/DEBUG] [quark-zeta/]: Registering to minecraft:sound_event - quark:pet.slime
[24Dec2025 19:08:40.547] [main/DEBUG] [quark-zeta/]: Registering to minecraft:sound_event - quark:pet.wire
[24Dec2025 19:08:40.547] [main/DEBUG] [quark-zeta/]: Registering to minecraft:sound_event - quark:ambient.drips
[24Dec2025 19:08:40.547] [main/DEBUG] [quark-zeta/]: Registering to minecraft:sound_event - quark:ambient.ocean
[24Dec2025 19:08:40.547] [main/DEBUG] [quark-zeta/]: Registering to minecraft:sound_event - quark:ambient.rain
[24Dec2025 19:08:40.547] [main/DEBUG] [quark-zeta/]: Registering to minecraft:sound_event - quark:ambient.wind
[24Dec2025 19:08:40.547] [main/DEBUG] [quark-zeta/]: Registering to minecraft:sound_event - quark:ambient.fire
[24Dec2025 19:08:40.547] [main/DEBUG] [quark-zeta/]: Registering to minecraft:sound_event - quark:ambient.clock
[24Dec2025 19:08:40.547] [main/DEBUG] [quark-zeta/]: Registering to minecraft:sound_event - quark:ambient.crickets
[24Dec2025 19:08:40.547] [main/DEBUG] [quark-zeta/]: Registering to minecraft:sound_event - quark:ambient.chatter
[24Dec2025 19:08:40.547] [main/DEBUG] [quark-zeta/]: Registering to minecraft:sound_event - quark:music.endermosh
[24Dec2025 19:08:40.547] [main/DEBUG] [quark-zeta/]: Registering to minecraft:sound_event - quark:music.glimmering_weald
[24Dec2025 19:08:42.588] [main/DEBUG] [quark-zeta/]: Registering to minecraft:block - quark:ancient_log
[24Dec2025 19:08:42.588] [main/DEBUG] [quark-zeta/]: Registering to minecraft:block - quark:hollow_ancient_log
[24Dec2025 19:08:42.589] [main/DEBUG] [quark-zeta/]: Registering to minecraft:block - quark:ancient_wood
[24Dec2025 19:08:42.589] [main/DEBUG] [quark-zeta/]: Registering to minecraft:block - quark:stripped_ancient_log
[24Dec2025 19:08:42.589] [main/DEBUG] [quark-zeta/]: Registering to minecraft:block - quark:stripped_ancient_wood
[24Dec2025 19:08:42.589] [main/DEBUG] [quark-zeta/]: Registering to minecraft:block - quark:ancient_planks
[24Dec2025 19:08:42.589] [main/DEBUG] [quark-zeta/]: Registering to minecraft:block - quark:vertical_ancient_planks
[24Dec2025 19:08:42.589] [main/DEBUG] [quark-zeta/]: Registering to minecraft:block - quark:ancient_planks_slab
[24Dec2025 19:08:42.589] [main/DEBUG] [quark-zeta/]: Registering to minecraft:block - quark:ancient_planks_stairs
[24Dec2025 19:08:42.589] [main/DEBUG] [quark-zeta/]: Registering to minecraft:block - quark:ancient_fence
[24Dec2025 19:08:42.589] [main/DEBUG] [quark-zeta/]: Registering to minecraft:block - quark:ancient_fence_gate
[24Dec2025 19:08:42.589] [main/DEBUG] [quark-zeta/]: Registering to minecraft:block - quark:ancient_door
[24Dec2025 19:08:42.589] [main/DEBUG] [quark-zeta/]: Registering to minecraft:block - quark:ancient_trapdoor
[24Dec2025 19:08:42.589] [main/DEBUG] [quark-zeta/]: Registering to minecraft:block - quark:ancient_pressure_plate
[24Dec2025 19:08:42.589] [main/DEBUG] [quark-zeta/]: Registering to minecraft:block - quark:ancient_button
[24Dec2025 19:08:42.589] [main/DEBUG] [quark-zeta/]: Registering to minecraft:block - quark:ancient_sign
[24Dec2025 19:08:42.589] [main/DEBUG] [quark-zeta/]: Registering to minecraft:block - quark:ancient_wall_sign
[24Dec2025 19:08:42.589] [main/DEBUG] [quark-zeta/]: Registering to minecraft:block - quark:ancient_hanging_sign
[24Dec2025 19:08:42.589] [main/DEBUG] [quark-zeta/]: Registering to minecraft:block - quark:ancient_wall_hanging_sign
[24Dec2025 19:08:42.589] [main/DEBUG] [quark-zeta/]: Registering to minecraft:block - quark:ancient_bookshelf
[24Dec2025 19:08:42.589] [main/DEBUG] [quark-zeta/]: Registering to minecraft:block - quark:ancient_ladder
[24Dec2025 19:08:42.589] [main/DEBUG] [quark-zeta/]: Registering to minecraft:block - quark:ancient_post
[24Dec2025 19:08:42.589] [main/DEBUG] [quark-zeta/]: Registering to minecraft:block - quark:stripped_ancient_post
[24Dec2025 19:08:42.589] [main/DEBUG] [quark-zeta/]: Registering to minecraft:block - quark:ancient_chest
[24Dec2025 19:08:42.590] [main/DEBUG] [quark-zeta/]: Registering to minecraft:block - quark:ancient_trapped_chest
[24Dec2025 19:08:42.590] [main/DEBUG] [quark-zeta/]: Registering to minecraft:block - quark:ancient_leaves
[24Dec2025 19:08:42.590] [main/DEBUG] [quark-zeta/]: Registering to minecraft:block - quark:ancient_sapling
[24Dec2025 19:08:42.590] [main/DEBUG] [quark-zeta/]: Registering to minecraft:block - quark:potted_ancient_sapling
[24Dec2025 19:08:42.590] [main/DEBUG] [quark-zeta/]: Registering to minecraft:block - quark:azalea_log
[24Dec2025 19:08:42.590] [main/DEBUG] [quark-zeta/]: Registering to minecraft:block - quark:hollow_azalea_log
[24Dec2025 19:08:42.590] [main/DEBUG] [quark-zeta/]: Registering to minecraft:block - quark:azalea_wood
[24Dec2025 19:08:42.590] [main/DEBUG] [quark-zeta/]: Registering to minecraft:block - quark:stripped_azalea_log
[24Dec2025 19:08:42.590] [main/DEBUG] [quark-zeta/]: Registering to minecraft:block - quark:stripped_azalea_wood
[24Dec2025 19:08:42.590] [main/DEBUG] [quark-zeta/]: Registering to minecraft:block - quark:azalea_planks
[24Dec2025 19:08:42.590] [main/DEBUG] [quark-zeta/]: Registering to minecraft:block - quark:vertical_azalea_planks
[24Dec2025 19:08:42.590] [main/DEBUG] [quark-zeta/]: Registering to minecraft:block - quark:azalea_planks_slab
[24Dec2025 19:08:42.590] [main/DEBUG] [quark-zeta/]: Registering to minecraft:block - quark:azalea_planks_stairs
[24Dec2025 19:08:42.590] [main/DEBUG] [quark-zeta/]: Registering to minecraft:block - quark:azalea_fence
[24Dec2025 19:08:42.590] [main/DEBUG] [quark-zeta/]: Registering to minecraft:block - quark:azalea_fence_gate
[24Dec2025 19:08:42.590] [main/DEBUG] [quark-zeta/]: Registering to minecraft:block - quark:azalea_door
[24Dec2025 19:08:42.590] [main/DEBUG] [quark-zeta/]: Registering to minecraft:block - quark:azalea_trapdoor
[24Dec2025 19:08:42.590] [main/DEBUG] [quark-zeta/]: Registering to minecraft:block - quark:azalea_pressure_plate
[24Dec2025 19:08:42.590] [main/DEBUG] [quark-zeta/]: Registering to minecraft:block - quark:azalea_button
[24Dec2025 19:08:42.590] [main/DEBUG] [quark-zeta/]: Registering to minecraft:block - quark:azalea_sign
[24Dec2025 19:08:42.591] [main/DEBUG] [quark-zeta/]: Registering to minecraft:block - quark:azalea_wall_sign
[24Dec2025 19:08:42.591] [main/DEBUG] [quark-zeta/]: Registering to minecraft:block - quark:azalea_hanging_sign
[24Dec2025 19:08:42.591] [main/DEBUG] [quark-zeta/]: Registering to minecraft:block - quark:azalea_wall_hanging_sign
[24Dec2025 19:08:42.591] [main/DEBUG] [quark-zeta/]: Registering to minecraft:block - quark:azalea_bookshelf
[24Dec2025 19:08:42.591] [main/DEBUG] [quark-zeta/]: Registering to minecraft:block - quark:azalea_ladder
[24Dec2025 19:08:42.591] [main/DEBUG] [quark-zeta/]: Registering to minecraft:block - quark:azalea_post
[24Dec2025 19:08:42.591] [main/DEBUG] [quark-zeta/]: Registering to minecraft:block - quark:stripped_azalea_post
[24Dec2025 19:08:42.591] [main/DEBUG] [quark-zeta/]: Registering to minecraft:block - quark:azalea_chest
[24Dec2025 19:08:42.591] [main/DEBUG] [quark-zeta/]: Registering to minecraft:block - quark:azalea_trapped_chest
[24Dec2025 19:08:42.591] [main/DEBUG] [quark-zeta/]: Registering to minecraft:block - quark:bonded_ravager_hide
[24Dec2025 19:08:42.591] [main/DEBUG] [quark-zeta/]: Registering to minecraft:block - quark:blossom_log
[24Dec2025 19:08:42.591] [main/DEBUG] [quark-zeta/]: Registering to minecraft:block - quark:hollow_blossom_log
[24Dec2025 19:08:42.591] [main/DEBUG] [quark-zeta/]: Registering to minecraft:block - quark:blossom_wood
[24Dec2025 19:08:42.591] [main/DEBUG] [quark-zeta/]: Registering to minecraft:block - quark:stripped_blossom_log
[24Dec2025 19:08:42.591] [main/DEBUG] [quark-zeta/]: Registering to minecraft:block - quark:stripped_blossom_wood
[24Dec2025 19:08:42.591] [main/DEBUG] [quark-zeta/]: Registering to minecraft:block - quark:blossom_planks
[24Dec2025 19:08:42.591] [main/DEBUG] [quark-zeta/]: Registering to minecraft:block - quark:vertical_blossom_planks
[24Dec2025 19:08:42.591] [main/DEBUG] [quark-zeta/]: Registering to minecraft:block - quark:blossom_planks_slab
[24Dec2025 19:08:42.591] [main/DEBUG] [quark-zeta/]: Registering to minecraft:block - quark:blossom_planks_stairs
[24Dec2025 19:08:42.591] [main/DEBUG] [quark-zeta/]: Registering to minecraft:block - quark:blossom_fence
[24Dec2025 19:08:42.591] [main/DEBUG] [quark-zeta/]: Registering to minecraft:block - quark:blossom_fence_gate
[24Dec2025 19:08:42.592] [main/DEBUG] [quark-zeta/]: Registering to minecraft:block - quark:blossom_door
[24Dec2025 19:08:42.592] [main/DEBUG] [quark-zeta/]: Registering to minecraft:block - quark:blossom_trapdoor
[24Dec2025 19:08:42.592] [main/DEBUG] [quark-zeta/]: Registering to minecraft:block - quark:blossom_pressure_plate
[24Dec2025 19:08:42.592] [main/DEBUG] [quark-zeta/]: Registering to minecraft:block - quark:blossom_button
[24Dec2025 19:08:42.592] [main/DEBUG] [quark-zeta/]: Registering to minecraft:block - quark:blossom_sign
[24Dec2025 19:08:42.592] [main/DEBUG] [quark-zeta/]: Registering to minecraft:block - quark:blossom_wall_sign
[24Dec2025 19:08:42.592] [main/DEBUG] [quark-zeta/]: Registering to minecraft:block - quark:blossom_hanging_sign
[24Dec2025 19:08:42.592] [main/DEBUG] [quark-zeta/]: Registering to minecraft:block - quark:blossom_wall_hanging_sign
[24Dec2025 19:08:42.592] [main/DEBUG] [quark-zeta/]: Registering to minecraft:block - quark:blossom_bookshelf
[24Dec2025 19:08:42.592] [main/DEBUG] [quark-zeta/]: Registering to minecraft:block - quark:blossom_ladder
[24Dec2025 19:08:42.592] [main/DEBUG] [quark-zeta/]: Registering to minecraft:block - quark:blossom_post
[24Dec2025 19:08:42.592] [main/DEBUG] [quark-zeta/]: Registering to minecraft:block - quark:stripped_blossom_post
[24Dec2025 19:08:42.592] [main/DEBUG] [quark-zeta/]: Registering to minecraft:block - quark:blossom_chest
[24Dec2025 19:08:42.592] [main/DEBUG] [quark-zeta/]: Registering to minecraft:block - quark:blossom_trapped_chest
[24Dec2025 19:08:42.592] [main/DEBUG] [quark-zeta/]: Registering to minecraft:block - quark:blue_blossom_leaves
[24Dec2025 19:08:42.592] [main/DEBUG] [quark-zeta/]: Registering to minecraft:block - quark:blue_blossom_sapling
[24Dec2025 19:08:42.592] [main/DEBUG] [quark-zeta/]: Registering to minecraft:block - quark:potted_blue_blossom_sapling
[24Dec2025 19:08:42.592] [main/DEBUG] [quark-zeta/]: Registering to minecraft:block - quark:lavender_blossom_leaves
[24Dec2025 19:08:42.592] [main/DEBUG] [quark-zeta/]: Registering to minecraft:block - quark:lavender_blossom_sapling
[24Dec2025 19:08:42.592] [main/DEBUG] [quark-zeta/]: Registering to minecraft:block - quark:potted_lavender_blossom_sapling
[24Dec2025 19:08:42.592] [main/DEBUG] [quark-zeta/]: Registering to minecraft:block - quark:orange_blossom_leaves
[24Dec2025 19:08:42.592] [main/DEBUG] [quark-zeta/]: Registering to minecraft:block - quark:orange_blossom_sapling
[24Dec2025 19:08:42.592] [main/DEBUG] [quark-zeta/]: Registering to minecraft:block - quark:potted_orange_blossom_sapling
[24Dec2025 19:08:42.592] [main/DEBUG] [quark-zeta/]: Registering to minecraft:block - quark:yellow_blossom_leaves
[24Dec2025 19:08:42.592] [main/DEBUG] [quark-zeta/]: Registering to minecraft:block - quark:yellow_blossom_sapling
[24Dec2025 19:08:42.592] [main/DEBUG] [quark-zeta/]: Registering to minecraft:block - quark:potted_yellow_blossom_sapling
[24Dec2025 19:08:42.592] [main/DEBUG] [quark-zeta/]: Registering to minecraft:block - quark:red_blossom_leaves
[24Dec2025 19:08:42.593] [main/DEBUG] [quark-zeta/]: Registering to minecraft:block - quark:red_blossom_sapling
[24Dec2025 19:08:42.593] [main/DEBUG] [quark-zeta/]: Registering to minecraft:block - quark:potted_red_blossom_sapling
[24Dec2025 19:08:42.593] [main/DEBUG] [quark-zeta/]: Registering to minecraft:block - quark:cloud
[24Dec2025 19:08:42.593] [main/DEBUG] [quark-zeta/]: Registering to minecraft:block - quark:stone_lamp
[24Dec2025 19:08:42.593] [main/DEBUG] [quark-zeta/]: Registering to minecraft:block - quark:stone_brick_lamp
[24Dec2025 19:08:42.593] [main/DEBUG] [quark-zeta/]: Registering to minecraft:block - quark:chorus_weeds
[24Dec2025 19:08:42.593] [main/DEBUG] [quark-zeta/]: Registering to minecraft:block - quark:chorus_twist
[24Dec2025 19:08:42.593] [main/DEBUG] [quark-zeta/]: Registering to minecraft:block - quark:potted_chorus_weeds
[24Dec2025 19:08:42.593] [main/DEBUG] [quark-zeta/]: Registering to minecraft:block - quark:potted_chorus_twist
[24Dec2025 19:08:42.593] [main/DEBUG] [quark-zeta/]: Registering to minecraft:block - quark:chute
[24Dec2025 19:08:42.593] [main/DEBUG] [quark-zeta/]: Registering to minecraft:block - quark:charcoal_block
[24Dec2025 19:08:42.593] [main/DEBUG] [quark-zeta/]: Registering to minecraft:block - quark:sugar_cane_block
[24Dec2025 19:08:42.593] [main/DEBUG] [quark-zeta/]: Registering to minecraft:block - quark:cactus_block
[24Dec2025 19:08:42.593] [main/DEBUG] [quark-zeta/]: Registering to minecraft:block - quark:chorus_fruit_block
[24Dec2025 19:08:42.593] [main/DEBUG] [quark-zeta/]: Registering to minecraft:block - quark:stick_block
[24Dec2025 19:08:42.593] [main/DEBUG] [quark-zeta/]: Registering to minecraft:block - quark:golden_apple_crate
[24Dec2025 19:08:42.593] [main/DEBUG] [quark-zeta/]: Registering to minecraft:block - quark:apple_crate
[24Dec2025 19:08:42.593] [main/DEBUG] [quark-zeta/]: Registering to minecraft:block - quark:potato_crate
[24Dec2025 19:08:42.593] [main/DEBUG] [quark-zeta/]: Registering to minecraft:block - quark:carrot_crate
[24Dec2025 19:08:42.593] [main/DEBUG] [quark-zeta/]: Registering to minecraft:block - quark:golden_carrot_crate
[24Dec2025 19:08:42.593] [main/DEBUG] [quark-zeta/]: Registering to minecraft:block - quark:beetroot_crate
[24Dec2025 19:08:42.593] [main/DEBUG] [quark-zeta/]: Registering to minecraft:block - quark:cocoa_beans_sack
[24Dec2025 19:08:42.593] [main/DEBUG] [quark-zeta/]: Registering to minecraft:block - quark:nether_wart_sack
[24Dec2025 19:08:42.593] [main/DEBUG] [quark-zeta/]: Registering to minecraft:block - quark:gunpowder_sack
[24Dec2025 19:08:42.593] [main/DEBUG] [quark-zeta/]: Registering to minecraft:block - quark:berry_sack
[24Dec2025 19:08:42.593] [main/DEBUG] [quark-zeta/]: Registering to minecraft:block - quark:glowberry_sack
[24Dec2025 19:08:42.593] [main/DEBUG] [quark-zeta/]: Registering to minecraft:block - quark:blaze_lantern
[24Dec2025 19:08:42.594] [main/DEBUG] [quark-zeta/]: Registering to minecraft:block - quark:bonded_leather
[24Dec2025 19:08:42.594] [main/DEBUG] [quark-zeta/]: Registering to minecraft:block - quark:bonded_rabbit_hide
[24Dec2025 19:08:42.594] [main/DEBUG] [quark-zeta/]: Registering to minecraft:block - quark:red_corundum
[24Dec2025 19:08:42.594] [main/DEBUG] [quark-zeta/]: Registering to minecraft:block - quark:waxed_red_corundum
[24Dec2025 19:08:42.594] [main/DEBUG] [quark-zeta/]: Registering to minecraft:block - quark:red_corundum_pane
[24Dec2025 19:08:42.594] [main/DEBUG] [quark-zeta/]: Registering to minecraft:block - quark:red_corundum_cluster
[24Dec2025 19:08:42.594] [main/DEBUG] [quark-zeta/]: Registering to minecraft:block - quark:orange_corundum
[24Dec2025 19:08:42.594] [main/DEBUG] [quark-zeta/]: Registering to minecraft:block - quark:waxed_orange_corundum
[24Dec2025 19:08:42.594] [main/DEBUG] [quark-zeta/]: Registering to minecraft:block - quark:orange_corundum_pane
[24Dec2025 19:08:42.594] [main/DEBUG] [quark-zeta/]: Registering to minecraft:block - quark:orange_corundum_cluster
[24Dec2025 19:08:42.594] [main/DEBUG] [quark-zeta/]: Registering to minecraft:block - quark:yellow_corundum
[24Dec2025 19:08:42.594] [main/DEBUG] [quark-zeta/]: Registering to minecraft:block - quark:waxed_yellow_corundum
[24Dec2025 19:08:42.594] [main/DEBUG] [quark-zeta/]: Registering to minecraft:block - quark:yellow_corundum_pane
[24Dec2025 19:08:42.594] [main/DEBUG] [quark-zeta/]: Registering to minecraft:block - quark:yellow_corundum_cluster
[24Dec2025 19:08:42.594] [main/DEBUG] [quark-zeta/]: Registering to minecraft:block - quark:green_corundum
[24Dec2025 19:08:42.594] [main/DEBUG] [quark-zeta/]: Registering to minecraft:block - quark:waxed_green_corundum
[24Dec2025 19:08:42.594] [main/DEBUG] [quark-zeta/]: Registering to minecraft:block - quark:green_corundum_pane
[24Dec2025 19:08:42.594] [main/DEBUG] [quark-zeta/]: Registering to minecraft:block - quark:green_corundum_cluster
[24Dec2025 19:08:42.594] [main/DEBUG] [quark-zeta/]: Registering to minecraft:block - quark:blue_corundum
[24Dec2025 19:08:42.594] [main/DEBUG] [quark-zeta/]: Registering to minecraft:block - quark:waxed_blue_corundum
[24Dec2025 19:08:42.594] [main/DEBUG] [quark-zeta/]: Registering to minecraft:block - quark:blue_corundum_pane
[24Dec2025 19:08:42.595] [main/DEBUG] [quark-zeta/]: Registering to minecraft:block - quark:blue_corundum_cluster
[24Dec2025 19:08:42.595] [main/DEBUG] [quark-zeta/]: Registering to minecraft:block - quark:indigo_corundum
[24Dec2025 19:08:42.595] [main/DEBUG] [quark-zeta/]: Registering to minecraft:block - quark:waxed_indigo_corundum
[24Dec2025 19:08:42.595] [main/DEBUG] [quark-zeta/]: Registering to minecraft:block - quark:indigo_corundum_pane
[24Dec2025 19:08:42.595] [main/DEBUG] [quark-zeta/]: Registering to minecraft:block - quark:indigo_corundum_cluster
[24Dec2025 19:08:42.595] [main/DEBUG] [quark-zeta/]: Registering to minecraft:block - quark:violet_corundum
[24Dec2025 19:08:42.595] [main/DEBUG] [quark-zeta/]: Registering to minecraft:block - quark:waxed_violet_corundum
[24Dec2025 19:08:42.595] [main/DEBUG] [quark-zeta/]: Registering to minecraft:block - quark:violet_corundum_pane
[24Dec2025 19:08:42.595] [main/DEBUG] [quark-zeta/]: Registering to minecraft:block - quark:violet_corundum_cluster
[24Dec2025 19:08:42.595] [main/DEBUG] [quark-zeta/]: Registering to minecraft:block - quark:white_corundum
[24Dec2025 19:08:42.595] [main/DEBUG] [quark-zeta/]: Registering to minecraft:block - quark:waxed_white_corundum
[24Dec2025 19:08:42.595] [main/DEBUG] [quark-zeta/]: Registering to minecraft:block - quark:white_corundum_pane
[24Dec2025 19:08:42.595] [main/DEBUG] [quark-zeta/]: Registering to minecraft:block - quark:white_corundum_cluster
[24Dec2025 19:08:42.595] [main/DEBUG] [quark-zeta/]: Registering to minecraft:block - quark:black_corundum
[24Dec2025 19:08:42.595] [main/DEBUG] [quark-zeta/]: Registering to minecraft:block - quark:waxed_black_corundum
[24Dec2025 19:08:42.595] [main/DEBUG] [quark-zeta/]: Registering to minecraft:block - quark:black_corundum_pane
[24Dec2025 19:08:42.595] [main/DEBUG] [quark-zeta/]: Registering to minecraft:block - quark:black_corundum_cluster
[24Dec2025 19:08:42.595] [main/DEBUG] [quark-zeta/]: Registering to minecraft:block - quark:crafter
[24Dec2025 19:08:42.595] [main/DEBUG] [quark-zeta/]: Registering to minecraft:block - quark:crate
[24Dec2025 19:08:42.595] [main/DEBUG] [quark-zeta/]: Registering to minecraft:block - quark:duskbound_block
[24Dec2025 19:08:42.595] [main/DEBUG] [quark-zeta/]: Registering to minecraft:block - quark:duskbound_lantern
[24Dec2025 19:08:42.595] [main/DEBUG] [quark-zeta/]: Registering to minecraft:block - quark:duskbound_block_slab
[24Dec2025 19:08:42.595] [main/DEBUG] [quark-zeta/]: Registering to minecraft:block - quark:duskbound_block_stairs
[24Dec2025 19:08:42.595] [main/DEBUG] [quark-zeta/]: Registering to minecraft:block - quark:ender_watcher
[24Dec2025 19:08:42.595] [main/DEBUG] [quark-zeta/]: Registering to minecraft:block - quark:feeding_trough
[24Dec2025 19:08:42.595] [main/DEBUG] [quark-zeta/]: Registering to minecraft:block - quark:framed_glass
[24Dec2025 19:08:42.595] [main/DEBUG] [quark-zeta/]: Registering to minecraft:block - quark:framed_glass_pane
[24Dec2025 19:08:42.595] [main/DEBUG] [quark-zeta/]: Registering to minecraft:block - quark:white_framed_glass
[24Dec2025 19:08:42.596] [main/DEBUG] [quark-zeta/]: Registering to minecraft:block - quark:light_gray_framed_glass
[24Dec2025 19:08:42.596] [main/DEBUG] [quark-zeta/]: Registering to minecraft:block - quark:gray_framed_glass
[24Dec2025 19:08:42.596] [main/DEBUG] [quark-zeta/]: Registering to minecraft:block - quark:black_framed_glass
[24Dec2025 19:08:42.596] [main/DEBUG] [quark-zeta/]: Registering to minecraft:block - quark:brown_framed_glass
[24Dec2025 19:08:42.596] [main/DEBUG] [quark-zeta/]: Registering to minecraft:block - quark:red_framed_glass
[24Dec2025 19:08:42.596] [main/DEBUG] [quark-zeta/]: Registering to minecraft:block - quark:orange_framed_glass
[24Dec2025 19:08:42.596] [main/DEBUG] [quark-zeta/]: Registering to minecraft:block - quark:yellow_framed_glass
[24Dec2025 19:08:42.596] [main/DEBUG] [quark-zeta/]: Registering to minecraft:block - quark:lime_framed_glass
[24Dec2025 19:08:42.596] [main/DEBUG] [quark-zeta/]: Registering to minecraft:block - quark:green_framed_glass
[24Dec2025 19:08:42.596] [main/DEBUG] [quark-zeta/]: Registering to minecraft:block - quark:cyan_framed_glass
[24Dec2025 19:08:42.596] [main/DEBUG] [quark-zeta/]: Registering to minecraft:block - quark:light_blue_framed_glass
[24Dec2025 19:08:42.596] [main/DEBUG] [quark-zeta/]: Registering to minecraft:block - quark:blue_framed_glass
[24Dec2025 19:08:42.596] [main/DEBUG] [quark-zeta/]: Registering to minecraft:block - quark:purple_framed_glass
[24Dec2025 19:08:42.596] [main/DEBUG] [quark-zeta/]: Registering to minecraft:block - quark:magenta_framed_glass
[24Dec2025 19:08:42.596] [main/DEBUG] [quark-zeta/]: Registering to minecraft:block - quark:pink_framed_glass
[24Dec2025 19:08:42.596] [main/DEBUG] [quark-zeta/]: Registering to minecraft:block - quark:white_framed_glass_pane
[24Dec2025 19:08:42.596] [main/DEBUG] [quark-zeta/]: Registering to minecraft:block - quark:light_gray_framed_glass_pane
[24Dec2025 19:08:42.596] [main/DEBUG] [quark-zeta/]: Registering to minecraft:block - quark:gray_framed_glass_pane
[24Dec2025 19:08:42.596] [main/DEBUG] [quark-zeta/]: Registering to minecraft:block - quark:black_framed_glass_pane
[24Dec2025 19:08:42.596] [main/DEBUG] [quark-zeta/]: Registering to minecraft:block - quark:brown_framed_glass_pane
[24Dec2025 19:08:42.596] [main/DEBUG] [quark-zeta/]: Registering to minecraft:block - quark:red_framed_glass_pane
[24Dec2025 19:08:42.596] [main/DEBUG] [quark-zeta/]: Registering to minecraft:block - quark:orange_framed_glass_pane
[24Dec2025 19:08:42.596] [main/DEBUG] [quark-zeta/]: Registering to minecraft:block - quark:yellow_framed_glass_pane
[24Dec2025 19:08:42.596] [main/DEBUG] [quark-zeta/]: Registering to minecraft:block - quark:lime_framed_glass_pane
[24Dec2025 19:08:42.596] [main/DEBUG] [quark-zeta/]: Registering to minecraft:block - quark:green_framed_glass_pane
[24Dec2025 19:08:42.596] [main/DEBUG] [quark-zeta/]: Registering to minecraft:block - quark:cyan_framed_glass_pane
[24Dec2025 19:08:42.596] [main/DEBUG] [quark-zeta/]: Registering to minecraft:block - quark:light_blue_framed_glass_pane
[24Dec2025 19:08:42.596] [main/DEBUG] [quark-zeta/]: Registering to minecraft:block - quark:blue_framed_glass_pane
[24Dec2025 19:08:42.596] [main/DEBUG] [quark-zeta/]: Registering to minecraft:block - quark:purple_framed_glass_pane
[24Dec2025 19:08:42.596] [main/DEBUG] [quark-zeta/]: Registering to minecraft:block - quark:magenta_framed_glass_pane
[24Dec2025 19:08:42.596] [main/DEBUG] [quark-zeta/]: Registering to minecraft:block - quark:pink_framed_glass_pane
[24Dec2025 19:08:42.597] [main/DEBUG] [quark-zeta/]: Registering to minecraft:block - quark:dirty_glass
[24Dec2025 19:08:42.597] [main/DEBUG] [quark-zeta/]: Registering to minecraft:block - quark:dirty_glass_pane
[24Dec2025 19:08:42.597] [main/DEBUG] [quark-zeta/]: Registering to minecraft:block - quark:glow_shroom
[24Dec2025 19:08:42.597] [main/DEBUG] [quark-zeta/]: Registering to minecraft:block - quark:glow_shroom_block
[24Dec2025 19:08:42.597] [main/DEBUG] [quark-zeta/]: Registering to minecraft:block - quark:glow_shroom_stem
[24Dec2025 19:08:42.597] [main/DEBUG] [quark-zeta/]: Registering to minecraft:block - quark:glow_shroom_ring
[24Dec2025 19:08:42.597] [main/DEBUG] [quark-zeta/]: Registering to minecraft:block - quark:glow_lichen_growth
[24Dec2025 19:08:42.597] [main/DEBUG] [quark-zeta/]: Registering to minecraft:block - quark:potted_glow_lichen_growth
[24Dec2025 19:08:42.597] [main/DEBUG] [quark-zeta/]: Registering to minecraft:block - quark:potted_glow_shroom
[24Dec2025 19:08:42.597] [main/DEBUG] [quark-zeta/]: Registering to minecraft:block - quark:gold_bars
[24Dec2025 19:08:42.597] [main/DEBUG] [quark-zeta/]: Registering to minecraft:block - quark:grate
[24Dec2025 19:08:42.597] [main/DEBUG] [quark-zeta/]: Registering to minecraft:block - quark:gravisand
[24Dec2025 19:08:42.597] [main/DEBUG] [quark-zeta/]: Registering to minecraft:block - quark:oak_hedge
[24Dec2025 19:08:42.597] [main/DEBUG] [quark-zeta/]: Registering to minecraft:block - quark:spruce_hedge
[24Dec2025 19:08:42.597] [main/DEBUG] [quark-zeta/]: Registering to minecraft:block - quark:birch_hedge
[24Dec2025 19:08:42.597] [main/DEBUG] [quark-zeta/]: Registering to minecraft:block - quark:jungle_hedge
[24Dec2025 19:08:42.597] [main/DEBUG] [quark-zeta/]: Registering to minecraft:block - quark:acacia_hedge
[24Dec2025 19:08:42.597] [main/DEBUG] [quark-zeta/]: Registering to minecraft:block - quark:dark_oak_hedge
[24Dec2025 19:08:42.597] [main/DEBUG] [quark-zeta/]: Registering to minecraft:block - quark:mangrove_hedge
[24Dec2025 19:08:42.597] [main/DEBUG] [quark-zeta/]: Registering to minecraft:block - quark:cherry_hedge
[24Dec2025 19:08:42.597] [main/DEBUG] [quark-zeta/]: Registering to minecraft:block - quark:azalea_hedge
[24Dec2025 19:08:42.597] [main/DEBUG] [quark-zeta/]: Registering to minecraft:block - quark:flowering_azalea_hedge
[24Dec2025 19:08:42.597] [main/DEBUG] [quark-zeta/]: Registering to minecraft:block - quark:hollow_oak_log
[24Dec2025 19:08:42.597] [main/DEBUG] [quark-zeta/]: Registering to minecraft:block - quark:hollow_spruce_log
[24Dec2025 19:08:42.597] [main/DEBUG] [quark-zeta/]: Registering to minecraft:block - quark:hollow_birch_log
[24Dec2025 19:08:42.597] [main/DEBUG] [quark-zeta/]: Registering to minecraft:block - quark:hollow_jungle_log
[24Dec2025 19:08:42.597] [main/DEBUG] [quark-zeta/]: Registering to minecraft:block - quark:hollow_acacia_log
[24Dec2025 19:08:42.597] [main/DEBUG] [quark-zeta/]: Registering to minecraft:block - quark:hollow_dark_oak_log
[24Dec2025 19:08:42.597] [main/DEBUG] [quark-zeta/]: Registering to minecraft:block - quark:hollow_crimson_stem
[24Dec2025 19:08:42.598] [main/DEBUG] [quark-zeta/]: Registering to minecraft:block - quark:hollow_warped_stem
[24Dec2025 19:08:42.598] [main/DEBUG] [quark-zeta/]: Registering to minecraft:block - quark:hollow_mangrove_log
[24Dec2025 19:08:42.598] [main/DEBUG] [quark-zeta/]: Registering to minecraft:block - quark:hollow_cherry_log
[24Dec2025 19:08:42.598] [main/DEBUG] [quark-zeta/]: Registering to minecraft:block - quark:iron_plate
[24Dec2025 19:08:42.598] [main/DEBUG] [quark-zeta/]: Registering to minecraft:block - quark:rusty_iron_plate
[24Dec2025 19:08:42.598] [main/DEBUG] [quark-zeta/]: Registering to minecraft:block - quark:iron_pillar
[24Dec2025 19:08:42.598] [main/DEBUG] [quark-zeta/]: Registering to minecraft:block - quark:iron_plate_slab
[24Dec2025 19:08:42.598] [main/DEBUG] [quark-zeta/]: Registering to minecraft:block - quark:iron_plate_stairs
[24Dec2025 19:08:42.598] [main/DEBUG] [quark-zeta/]: Registering to minecraft:block - quark:rusty_iron_plate_slab
[24Dec2025 19:08:42.598] [main/DEBUG] [quark-zeta/]: Registering to minecraft:block - quark:rusty_iron_plate_stairs
[24Dec2025 19:08:42.598] [main/DEBUG] [quark-zeta/]: Registering to minecraft:block - quark:iron_ladder
[24Dec2025 19:08:42.598] [main/DEBUG] [quark-zeta/]: Registering to minecraft:block - quark:iron_rod
[24Dec2025 19:08:42.598] [main/DEBUG] [quark-zeta/]: Registering to minecraft:block - quark:paper_lantern
[24Dec2025 19:08:42.598] [main/DEBUG] [quark-zeta/]: Registering to minecraft:block - quark:paper_lantern_sakura
[24Dec2025 19:08:42.598] [main/DEBUG] [quark-zeta/]: Registering to minecraft:block - quark:paper_wall
[24Dec2025 19:08:42.598] [main/DEBUG] [quark-zeta/]: Registering to minecraft:block - quark:paper_wall_big
[24Dec2025 19:08:42.598] [main/DEBUG] [quark-zeta/]: Registering to minecraft:block - quark:paper_wall_sakura
[24Dec2025 19:08:42.598] [main/DEBUG] [quark-zeta/]: Registering to minecraft:block - quark:bamboo_mat
[24Dec2025 19:08:42.598] [main/DEBUG] [quark-zeta/]: Registering to minecraft:block - quark:bamboo_mat_carpet
[24Dec2025 19:08:42.598] [main/DEBUG] [quark-zeta/]: Registering to minecraft:block - quark:oak_leaf_carpet
[24Dec2025 19:08:42.598] [main/DEBUG] [quark-zeta/]: Registering to minecraft:block - quark:spruce_leaf_carpet
[24Dec2025 19:08:42.598] [main/DEBUG] [quark-zeta/]: Registering to minecraft:block - quark:birch_leaf_carpet
[24Dec2025 19:08:42.598] [main/DEBUG] [quark-zeta/]: Registering to minecraft:block - quark:jungle_leaf_carpet
[24Dec2025 19:08:42.598] [main/DEBUG] [quark-zeta/]: Registering to minecraft:block - quark:acacia_leaf_carpet
[24Dec2025 19:08:42.598] [main/DEBUG] [quark-zeta/]: Registering to minecraft:block - quark:dark_oak_leaf_carpet
[24Dec2025 19:08:42.598] [main/DEBUG] [quark-zeta/]: Registering to minecraft:block - quark:mangrove_leaf_carpet
[24Dec2025 19:08:42.598] [main/DEBUG] [quark-zeta/]: Registering to minecraft:block - quark:cherry_leaf_carpet
[24Dec2025 19:08:42.598] [main/DEBUG] [quark-zeta/]: Registering to minecraft:block - quark:azalea_leaf_carpet
[24Dec2025 19:08:42.598] [main/DEBUG] [quark-zeta/]: Registering to minecraft:block - quark:flowering_azalea_leaf_carpet
[24Dec2025 19:08:42.598] [main/DEBUG] [quark-zeta/]: Registering to minecraft:block - quark:magnet
[24Dec2025 19:08:42.598] [main/DEBUG] [quark-zeta/]: Registering to minecraft:block - quark:magnetized_block
[24Dec2025 19:08:42.598] [main/DEBUG] [quark-zeta/]: Registering to minecraft:block - quark:matrix_enchanter
[24Dec2025 19:08:42.598] [main/DEBUG] [quark-zeta/]: Registering to minecraft:block - quark:iron_button
[24Dec2025 19:08:42.598] [main/DEBUG] [quark-zeta/]: Registering to minecraft:block - quark:gold_button
[24Dec2025 19:08:42.599] [main/DEBUG] [quark-zeta/]: Registering to minecraft:block - quark:midori_block
[24Dec2025 19:08:42.599] [main/DEBUG] [quark-zeta/]: Registering to minecraft:block - quark:midori_pillar
[24Dec2025 19:08:42.599] [main/DEBUG] [quark-zeta/]: Registering to minecraft:block - quark:midori_block_slab
[24Dec2025 19:08:42.599] [main/DEBUG] [quark-zeta/]: Registering to minecraft:block - quark:midori_block_stairs
[24Dec2025 19:08:42.599] [main/DEBUG] [quark-zeta/]: Registering to minecraft:block - quark:monster_box
[24Dec2025 19:08:42.599] [main/DEBUG] [quark-zeta/]: Registering to minecraft:block - quark:blue_nether_bricks
[24Dec2025 19:08:42.599] [main/DEBUG] [quark-zeta/]: Registering to minecraft:block - quark:blue_nether_bricks_wall
[24Dec2025 19:08:42.599] [main/DEBUG] [quark-zeta/]: Registering to minecraft:block - quark:blue_nether_bricks_slab
[24Dec2025 19:08:42.599] [main/DEBUG] [quark-zeta/]: Registering to minecraft:block - quark:blue_nether_bricks_stairs
[24Dec2025 19:08:42.599] [main/DEBUG] [quark-zeta/]: Registering to minecraft:block - quark:sandstone_bricks
[24Dec2025 19:08:42.599] [main/DEBUG] [quark-zeta/]: Registering to minecraft:block - quark:sandstone_bricks_wall
[24Dec2025 19:08:42.599] [main/DEBUG] [quark-zeta/]: Registering to minecraft:block - quark:sandstone_bricks_slab
[24Dec2025 19:08:42.599] [main/DEBUG] [quark-zeta/]: Registering to minecraft:block - quark:sandstone_bricks_stairs
[24Dec2025 19:08:42.599] [main/DEBUG] [quark-zeta/]: Registering to minecraft:block - quark:red_sandstone_bricks
[24Dec2025 19:08:42.599] [main/DEBUG] [quark-zeta/]: Registering to minecraft:block - quark:red_sandstone_bricks_wall
[24Dec2025 19:08:42.599] [main/DEBUG] [quark-zeta/]: Registering to minecraft:block - quark:red_sandstone_bricks_slab
[24Dec2025 19:08:42.599] [main/DEBUG] [quark-zeta/]: Registering to minecraft:block - quark:red_sandstone_bricks_stairs
[24Dec2025 19:08:42.599] [main/DEBUG] [quark-zeta/]: Registering to minecraft:block - quark:soul_sandstone_bricks
[24Dec2025 19:08:42.599] [main/DEBUG] [quark-zeta/]: Registering to minecraft:block - quark:soul_sandstone_bricks_wall
[24Dec2025 19:08:42.599] [main/DEBUG] [quark-zeta/]: Registering to minecraft:block - quark:soul_sandstone_bricks_slab
[24Dec2025 19:08:42.599] [main/DEBUG] [quark-zeta/]: Registering to minecraft:block - quark:soul_sandstone_bricks_stairs
[24Dec2025 19:08:42.599] [main/DEBUG] [quark-zeta/]: Registering to minecraft:block - quark:cobblestone_bricks
[24Dec2025 19:08:42.599] [main/DEBUG] [quark-zeta/]: Registering to minecraft:block - quark:cobblestone_bricks_wall
[24Dec2025 19:08:42.599] [main/DEBUG] [quark-zeta/]: Registering to minecraft:block - quark:cobblestone_bricks_slab
[24Dec2025 19:08:42.599] [main/DEBUG] [quark-zeta/]: Registering to minecraft:block - quark:cobblestone_bricks_stairs
[24Dec2025 19:08:42.599] [main/DEBUG] [quark-zeta/]: Registering to minecraft:block - quark:mossy_cobblestone_bricks
[24Dec2025 19:08:42.599] [main/DEBUG] [quark-zeta/]: Registering to minecraft:block - quark:mossy_cobblestone_bricks_wall
[24Dec2025 19:08:42.599] [main/DEBUG] [quark-zeta/]: Registering to minecraft:block - quark:mossy_cobblestone_bricks_slab
[24Dec2025 19:08:42.599] [main/DEBUG] [quark-zeta/]: Registering to minecraft:block - quark:mossy_cobblestone_bricks_stairs
[24Dec2025 19:08:42.599] [main/DEBUG] [quark-zeta/]: Registering to minecraft:block - quark:blackstone_bricks
[24Dec2025 19:08:42.599] [main/DEBUG] [quark-zeta/]: Registering to minecraft:block - quark:blackstone_bricks_wall
[24Dec2025 19:08:42.599] [main/DEBUG] [quark-zeta/]: Registering to minecraft:block - quark:blackstone_bricks_slab
[24Dec2025 19:08:42.599] [main/DEBUG] [quark-zeta/]: Registering to minecraft:block - quark:blackstone_bricks_stairs
[24Dec2025 19:08:42.599] [main/DEBUG] [quark-zeta/]: Registering to minecraft:block - quark:dirt_bricks
[24Dec2025 19:08:42.600] [main/DEBUG] [quark-zeta/]: Registering to minecraft:block - quark:dirt_bricks_wall
[24Dec2025 19:08:42.600] [main/DEBUG] [quark-zeta/]: Registering to minecraft:block - quark:dirt_bricks_slab
[24Dec2025 19:08:42.600] [main/DEBUG] [quark-zeta/]: Registering to minecraft:block - quark:dirt_bricks_stairs
[24Dec2025 19:08:42.600] [main/DEBUG] [quark-zeta/]: Registering to minecraft:block - quark:netherrack_bricks
[24Dec2025 19:08:42.600] [main/DEBUG] [quark-zeta/]: Registering to minecraft:block - quark:netherrack_bricks_wall
[24Dec2025 19:08:42.600] [main/DEBUG] [quark-zeta/]: Registering to minecraft:block - quark:netherrack_bricks_slab
[24Dec2025 19:08:42.600] [main/DEBUG] [quark-zeta/]: Registering to minecraft:block - quark:netherrack_bricks_stairs
[24Dec2025 19:08:42.600] [main/DEBUG] [quark-zeta/]: Registering to minecraft:block - quark:carved_mud_bricks
[24Dec2025 19:08:42.600] [main/DEBUG] [quark-zeta/]: Registering to minecraft:block - quark:mud_pillar
[24Dec2025 19:08:42.600] [main/DEBUG] [quark-zeta/]: Registering to minecraft:block - quark:mud_brick_lattice
[24Dec2025 19:08:42.600] [main/DEBUG] [quark-zeta/]: Registering to minecraft:block - quark:potted_beetroot
[24Dec2025 19:08:42.600] [main/DEBUG] [quark-zeta/]: Registering to minecraft:block - quark:potted_berries
[24Dec2025 19:08:42.600] [main/DEBUG] [quark-zeta/]: Registering to minecraft:block - quark:potted_carrot
[24Dec2025 19:08:42.600] [main/DEBUG] [quark-zeta/]: Registering to minecraft:block - quark:potted_chorus
[24Dec2025 19:08:42.600] [main/DEBUG] [quark-zeta/]: Registering to minecraft:block - quark:potted_cocoa_bean
[24Dec2025 19:08:42.600] [main/DEBUG] [quark-zeta/]: Registering to minecraft:block - quark:potted_grass
[24Dec2025 19:08:42.600] [main/DEBUG] [quark-zeta/]: Registering to minecraft:block - quark:potted_peony
[24Dec2025 19:08:42.600] [main/DEBUG] [quark-zeta/]: Registering to minecraft:block - quark:potted_large_fern
[24Dec2025 19:08:42.600] [main/DEBUG] [quark-zeta/]: Registering to minecraft:block - quark:potted_lilac
[24Dec2025 19:08:42.600] [main/DEBUG] [quark-zeta/]: Registering to minecraft:block - quark:potted_melon
[24Dec2025 19:08:42.600] [main/DEBUG] [quark-zeta/]: Registering to minecraft:block - quark:potted_nether_sprouts
[24Dec2025 19:08:42.600] [main/DEBUG] [quark-zeta/]: Registering to minecraft:block - quark:potted_nether_wart
[24Dec2025 19:08:42.600] [main/DEBUG] [quark-zeta/]: Registering to minecraft:block - quark:potted_potato
[24Dec2025 19:08:42.600] [main/DEBUG] [quark-zeta/]: Registering to minecraft:block - quark:potted_pumpkin
[24Dec2025 19:08:42.600] [main/DEBUG] [quark-zeta/]: Registering to minecraft:block - quark:potted_rose
[24Dec2025 19:08:42.600] [main/DEBUG] [quark-zeta/]: Registering to minecraft:block - quark:potted_sea_pickle
[24Dec2025 19:08:42.600] [main/DEBUG] [quark-zeta/]: Registering to minecraft:block - quark:potted_sugar_cane
[24Dec2025 19:08:42.600] [main/DEBUG] [quark-zeta/]: Registering to minecraft:block - quark:potted_sunflower
[24Dec2025 19:08:42.600] [main/DEBUG] [quark-zeta/]: Registering to minecraft:block - quark:potted_tall_grass
[24Dec2025 19:08:42.601] [main/DEBUG] [quark-zeta/]: Registering to minecraft:block - quark:potted_twisting_vines
[24Dec2025 19:08:42.601] [main/DEBUG] [quark-zeta/]: Registering to minecraft:block - quark:potted_vine
[24Dec2025 19:08:42.601] [main/DEBUG] [quark-zeta/]: Registering to minecraft:block - quark:potted_weeping_vines
[24Dec2025 19:08:42.601] [main/DEBUG] [quark-zeta/]: Registering to minecraft:block - quark:potted_wheat
[24Dec2025 19:08:42.601] [main/DEBUG] [quark-zeta/]: Registering to minecraft:block - quark:potted_cave_vines
[24Dec2025 19:08:42.601] [main/DEBUG] [quark-zeta/]: Registering to minecraft:block - quark:potted_pitcher_plant
[24Dec2025 19:08:42.601] [main/DEBUG] [quark-zeta/]: Registering to minecraft:block - quark:nether_brick_fence_gate
[24Dec2025 19:08:42.601] [main/DEBUG] [quark-zeta/]: Registering to minecraft:block - quark:limestone
[24Dec2025 19:08:42.601] [main/DEBUG] [quark-zeta/]: Registering to minecraft:block - quark:polished_limestone
[24Dec2025 19:08:42.601] [main/DEBUG] [quark-zeta/]: Registering to minecraft:block - quark:limestone_wall
[24Dec2025 19:08:42.601] [main/DEBUG] [quark-zeta/]: Registering to minecraft:block - quark:limestone_slab
[24Dec2025 19:08:42.601] [main/DEBUG] [quark-zeta/]: Registering to minecraft:block - quark:limestone_stairs
[24Dec2025 19:08:42.601] [main/DEBUG] [quark-zeta/]: Registering to minecraft:block - quark:polished_limestone_slab
[24Dec2025 19:08:42.601] [main/DEBUG] [quark-zeta/]: Registering to minecraft:block - quark:polished_limestone_stairs
[24Dec2025 19:08:42.601] [main/DEBUG] [quark-zeta/]: Registering to minecraft:block - quark:jasper
[24Dec2025 19:08:42.601] [main/DEBUG] [quark-zeta/]: Registering to minecraft:block - quark:polished_jasper
[24Dec2025 19:08:42.601] [main/DEBUG] [quark-zeta/]: Registering to minecraft:block - quark:jasper_wall
[24Dec2025 19:08:42.601] [main/DEBUG] [quark-zeta/]: Registering to minecraft:block - quark:jasper_slab
[24Dec2025 19:08:42.601] [main/DEBUG] [quark-zeta/]: Registering to minecraft:block - quark:jasper_stairs
[24Dec2025 19:08:42.601] [main/DEBUG] [quark-zeta/]: Registering to minecraft:block - quark:polished_jasper_slab
[24Dec2025 19:08:42.601] [main/DEBUG] [quark-zeta/]: Registering to minecraft:block - quark:polished_jasper_stairs
[24Dec2025 19:08:42.601] [main/DEBUG] [quark-zeta/]: Registering to minecraft:block - quark:shale
[24Dec2025 19:08:42.602] [main/DEBUG] [quark-zeta/]: Registering to minecraft:block - quark:polished_shale
[24Dec2025 19:08:42.602] [main/DEBUG] [quark-zeta/]: Registering to minecraft:block - quark:shale_wall
[24Dec2025 19:08:42.602] [main/DEBUG] [quark-zeta/]: Registering to minecraft:block - quark:shale_slab
[24Dec2025 19:08:42.602] [main/DEBUG] [quark-zeta/]: Registering to minecraft:block - quark:shale_stairs
[24Dec2025 19:08:42.602] [main/DEBUG] [quark-zeta/]: Registering to minecraft:block - quark:polished_shale_slab
[24Dec2025 19:08:42.602] [main/DEBUG] [quark-zeta/]: Registering to minecraft:block - quark:polished_shale_stairs
[24Dec2025 19:08:42.602] [main/DEBUG] [quark-zeta/]: Registering to minecraft:block - quark:myalite
[24Dec2025 19:08:42.602] [main/DEBUG] [quark-zeta/]: Registering to minecraft:block - quark:polished_myalite
[24Dec2025 19:08:42.602] [main/DEBUG] [quark-zeta/]: Registering to minecraft:block - quark:myalite_wall
[24Dec2025 19:08:42.602] [main/DEBUG] [quark-zeta/]: Registering to minecraft:block - quark:myalite_slab
[24Dec2025 19:08:42.602] [main/DEBUG] [quark-zeta/]: Registering to minecraft:block - quark:myalite_stairs
[24Dec2025 19:08:42.602] [main/DEBUG] [quark-zeta/]: Registering to minecraft:block - quark:polished_myalite_slab
[24Dec2025 19:08:42.602] [main/DEBUG] [quark-zeta/]: Registering to minecraft:block - quark:polished_myalite_stairs
[24Dec2025 19:08:42.602] [main/DEBUG] [quark-zeta/]: Registering to minecraft:block - quark:obsidian_pressure_plate
[24Dec2025 19:08:42.602] [main/DEBUG] [quark-zeta/]: Registering to minecraft:block - quark:permafrost
[24Dec2025 19:08:42.602] [main/DEBUG] [quark-zeta/]: Registering to minecraft:block - quark:permafrost_wall
[24Dec2025 19:08:42.602] [main/DEBUG] [quark-zeta/]: Registering to minecraft:block - quark:permafrost_slab
[24Dec2025 19:08:42.602] [main/DEBUG] [quark-zeta/]: Registering to minecraft:block - quark:permafrost_stairs
[24Dec2025 19:08:42.602] [main/DEBUG] [quark-zeta/]: Registering to minecraft:block - quark:permafrost_bricks
[24Dec2025 19:08:42.602] [main/DEBUG] [quark-zeta/]: Registering to minecraft:block - quark:permafrost_bricks_wall
[24Dec2025 19:08:42.602] [main/DEBUG] [quark-zeta/]: Registering to minecraft:block - quark:permafrost_bricks_slab
[24Dec2025 19:08:42.602] [main/DEBUG] [quark-zeta/]: Registering to minecraft:block - quark:permafrost_bricks_stairs
[24Dec2025 19:08:42.603] [main/DEBUG] [quark-zeta/]: Registering to minecraft:block - quark:water_pink_petals
[24Dec2025 19:08:42.603] [main/DEBUG] [quark-zeta/]: Registering to minecraft:block - quark:pipe
[24Dec2025 19:08:42.603] [main/DEBUG] [quark-zeta/]: Registering to minecraft:block - quark:encased_pipe
[24Dec2025 19:08:42.603] [main/DEBUG] [quark-zeta/]: Registering to minecraft:block - quark:red_crystal_lamp
[24Dec2025 19:08:42.603] [main/DEBUG] [quark-zeta/]: Registering to minecraft:block - quark:orange_crystal_lamp
[24Dec2025 19:08:42.603] [main/DEBUG] [quark-zeta/]: Registering to minecraft:block - quark:yellow_crystal_lamp
[24Dec2025 19:08:42.603] [main/DEBUG] [quark-zeta/]: Registering to minecraft:block - quark:green_crystal_lamp
[24Dec2025 19:08:42.603] [main/DEBUG] [quark-zeta/]: Registering to minecraft:block - quark:blue_crystal_lamp
[24Dec2025 19:08:42.603] [main/DEBUG] [quark-zeta/]: Registering to minecraft:block - quark:indigo_crystal_lamp
[24Dec2025 19:08:42.603] [main/DEBUG] [quark-zeta/]: Registering to minecraft:block - quark:violet_crystal_lamp
[24Dec2025 19:08:42.603] [main/DEBUG] [quark-zeta/]: Registering to minecraft:block - quark:white_crystal_lamp
[24Dec2025 19:08:42.603] [main/DEBUG] [quark-zeta/]: Registering to minecraft:block - quark:black_crystal_lamp
[24Dec2025 19:08:42.603] [main/DEBUG] [quark-zeta/]: Registering to minecraft:block - quark:raw_iron_bricks
[24Dec2025 19:08:42.603] [main/DEBUG] [quark-zeta/]: Registering to minecraft:block - quark:raw_gold_bricks
[24Dec2025 19:08:42.603] [main/DEBUG] [quark-zeta/]: Registering to minecraft:block - quark:raw_copper_bricks
[24Dec2025 19:08:42.603] [main/DEBUG] [quark-zeta/]: Registering to minecraft:block - quark:raw_iron_bricks_wall
[24Dec2025 19:08:42.603] [main/DEBUG] [quark-zeta/]: Registering to minecraft:block - quark:raw_iron_bricks_slab
[24Dec2025 19:08:42.603] [main/DEBUG] [quark-zeta/]: Registering to minecraft:block - quark:raw_iron_bricks_stairs
[24Dec2025 19:08:42.603] [main/DEBUG] [quark-zeta/]: Registering to minecraft:block - quark:raw_gold_bricks_wall
[24Dec2025 19:08:42.603] [main/DEBUG] [quark-zeta/]: Registering to minecraft:block - quark:raw_gold_bricks_slab
[24Dec2025 19:08:42.604] [main/DEBUG] [quark-zeta/]: Registering to minecraft:block - quark:raw_gold_bricks_stairs
[24Dec2025 19:08:42.604] [main/DEBUG] [quark-zeta/]: Registering to minecraft:block - quark:raw_copper_bricks_wall
[24Dec2025 19:08:42.604] [main/DEBUG] [quark-zeta/]: Registering to minecraft:block - quark:raw_copper_bricks_slab
[24Dec2025 19:08:42.604] [main/DEBUG] [quark-zeta/]: Registering to minecraft:block - quark:raw_copper_bricks_stairs
[24Dec2025 19:08:42.604] [main/DEBUG] [quark-zeta/]: Registering to minecraft:block - quark:redstone_randomizer
[24Dec2025 19:08:42.604] [main/DEBUG] [quark-zeta/]: Registering to minecraft:block - quark:rope
[24Dec2025 19:08:42.604] [main/DEBUG] [quark-zeta/]: Registering to minecraft:block - quark:cut_vine
[24Dec2025 19:08:42.604] [main/DEBUG] [quark-zeta/]: Registering to minecraft:block - quark:shingles
[24Dec2025 19:08:42.604] [main/DEBUG] [quark-zeta/]: Registering to minecraft:block - quark:shingles_slab
[24Dec2025 19:08:42.604] [main/DEBUG] [quark-zeta/]: Registering to minecraft:block - quark:shingles_stairs
[24Dec2025 19:08:42.604] [main/DEBUG] [quark-zeta/]: Registering to minecraft:block - quark:white_shingles
[24Dec2025 19:08:42.604] [main/DEBUG] [quark-zeta/]: Registering to minecraft:block - quark:white_shingles_slab
[24Dec2025 19:08:42.604] [main/DEBUG] [quark-zeta/]: Registering to minecraft:block - quark:white_shingles_stairs
[24Dec2025 19:08:42.604] [main/DEBUG] [quark-zeta/]: Registering to minecraft:block - quark:orange_shingles
[24Dec2025 19:08:42.604] [main/DEBUG] [quark-zeta/]: Registering to minecraft:block - quark:orange_shingles_slab
[24Dec2025 19:08:42.604] [main/DEBUG] [quark-zeta/]: Registering to minecraft:block - quark:orange_shingles_stairs
[24Dec2025 19:08:42.604] [main/DEBUG] [quark-zeta/]: Registering to minecraft:block - quark:magenta_shingles
[24Dec2025 19:08:42.604] [main/DEBUG] [quark-zeta/]: Registering to minecraft:block - quark:magenta_shingles_slab
[24Dec2025 19:08:42.604] [main/DEBUG] [quark-zeta/]: Registering to minecraft:block - quark:magenta_shingles_stairs
[24Dec2025 19:08:42.604] [main/DEBUG] [quark-zeta/]: Registering to minecraft:block - quark:light_blue_shingles
[24Dec2025 19:08:42.605] [main/DEBUG] [quark-zeta/]: Registering to minecraft:block - quark:light_blue_shingles_slab
[24Dec2025 19:08:42.605] [main/DEBUG] [quark-zeta/]: Registering to minecraft:block - quark:light_blue_shingles_stairs
[24Dec2025 19:08:42.605] [main/DEBUG] [quark-zeta/]: Registering to minecraft:block - quark:yellow_shingles
[24Dec2025 19:08:42.605] [main/DEBUG] [quark-zeta/]: Registering to minecraft:block - quark:yellow_shingles_slab
[24Dec2025 19:08:42.605] [main/DEBUG] [quark-zeta/]: Registering to minecraft:block - quark:yellow_shingles_stairs
[24Dec2025 19:08:42.605] [main/DEBUG] [quark-zeta/]: Registering to minecraft:block - quark:lime_shingles
[24Dec2025 19:08:42.605] [main/DEBUG] [quark-zeta/]: Registering to minecraft:block - quark:lime_shingles_slab
[24Dec2025 19:08:42.605] [main/DEBUG] [quark-zeta/]: Registering to minecraft:block - quark:lime_shingles_stairs
[24Dec2025 19:08:42.605] [main/DEBUG] [quark-zeta/]: Registering to minecraft:block - quark:pink_shingles
[24Dec2025 19:08:42.605] [main/DEBUG] [quark-zeta/]: Registering to minecraft:block - quark:pink_shingles_slab
[24Dec2025 19:08:42.605] [main/DEBUG] [quark-zeta/]: Registering to minecraft:block - quark:pink_shingles_stairs
[24Dec2025 19:08:42.605] [main/DEBUG] [quark-zeta/]: Registering to minecraft:block - quark:gray_shingles
[24Dec2025 19:08:42.605] [main/DEBUG] [quark-zeta/]: Registering to minecraft:block - quark:gray_shingles_slab
[24Dec2025 19:08:42.605] [main/DEBUG] [quark-zeta/]: Registering to minecraft:block - quark:gray_shingles_stairs
[24Dec2025 19:08:42.605] [main/DEBUG] [quark-zeta/]: Registering to minecraft:block - quark:light_gray_shingles
[24Dec2025 19:08:42.605] [main/DEBUG] [quark-zeta/]: Registering to minecraft:block - quark:light_gray_shingles_slab
[24Dec2025 19:08:42.605] [main/DEBUG] [quark-zeta/]: Registering to minecraft:block - quark:light_gray_shingles_stairs
[24Dec2025 19:08:42.605] [main/DEBUG] [quark-zeta/]: Registering to minecraft:block - quark:cyan_shingles
[24Dec2025 19:08:42.605] [main/DEBUG] [quark-zeta/]: Registering to minecraft:block - quark:cyan_shingles_slab
[24Dec2025 19:08:42.605] [main/DEBUG] [quark-zeta/]: Registering to minecraft:block - quark:cyan_shingles_stairs
[24Dec2025 19:08:42.605] [main/DEBUG] [quark-zeta/]: Registering to minecraft:block - quark:purple_shingles
[24Dec2025 19:08:42.606] [main/DEBUG] [quark-zeta/]: Registering to minecraft:block - quark:purple_shingles_slab
[24Dec2025 19:08:42.606] [main/DEBUG] [quark-zeta/]: Registering to minecraft:block - quark:purple_shingles_stairs
[24Dec2025 19:08:42.606] [main/DEBUG] [quark-zeta/]: Registering to minecraft:block - quark:blue_shingles
[24Dec2025 19:08:42.606] [main/DEBUG] [quark-zeta/]: Registering to minecraft:block - quark:blue_shingles_slab
[24Dec2025 19:08:42.606] [main/DEBUG] [quark-zeta/]: Registering to minecraft:block - quark:blue_shingles_stairs
[24Dec2025 19:08:42.606] [main/DEBUG] [quark-zeta/]: Registering to minecraft:block - quark:brown_shingles
[24Dec2025 19:08:42.606] [main/DEBUG] [quark-zeta/]: Registering to minecraft:block - quark:brown_shingles_slab
[24Dec2025 19:08:42.606] [main/DEBUG] [quark-zeta/]: Registering to minecraft:block - quark:brown_shingles_stairs
[24Dec2025 19:08:42.606] [main/DEBUG] [quark-zeta/]: Registering to minecraft:block - quark:green_shingles
[24Dec2025 19:08:42.606] [main/DEBUG] [quark-zeta/]: Registering to minecraft:block - quark:green_shingles_slab
[24Dec2025 19:08:42.606] [main/DEBUG] [quark-zeta/]: Registering to minecraft:block - quark:green_shingles_stairs
[24Dec2025 19:08:42.606] [main/DEBUG] [quark-zeta/]: Registering to minecraft:block - quark:red_shingles
[24Dec2025 19:08:42.606] [main/DEBUG] [quark-zeta/]: Registering to minecraft:block - quark:red_shingles_slab
[24Dec2025 19:08:42.606] [main/DEBUG] [quark-zeta/]: Registering to minecraft:block - quark:red_shingles_stairs
[24Dec2025 19:08:42.606] [main/DEBUG] [quark-zeta/]: Registering to minecraft:block - quark:black_shingles
[24Dec2025 19:08:42.606] [main/DEBUG] [quark-zeta/]: Registering to minecraft:block - quark:black_shingles_slab
[24Dec2025 19:08:42.606] [main/DEBUG] [quark-zeta/]: Registering to minecraft:block - quark:black_shingles_stairs
[24Dec2025 19:08:42.606] [main/DEBUG] [quark-zeta/]: Registering to minecraft:block - quark:soul_sandstone
[24Dec2025 19:08:42.606] [main/DEBUG] [quark-zeta/]: Registering to minecraft:block - quark:soul_sandstone_wall
[24Dec2025 19:08:42.606] [main/DEBUG] [quark-zeta/]: Registering to minecraft:block - quark:soul_sandstone_slab
[24Dec2025 19:08:42.607] [main/DEBUG] [quark-zeta/]: Registering to minecraft:block - quark:soul_sandstone_stairs
[24Dec2025 19:08:42.607] [main/DEBUG] [quark-zeta/]: Registering to minecraft:block - quark:chiseled_soul_sandstone
[24Dec2025 19:08:42.607] [main/DEBUG] [quark-zeta/]: Registering to minecraft:block - quark:cut_soul_sandstone
[24Dec2025 19:08:42.607] [main/DEBUG] [quark-zeta/]: Registering to minecraft:block - quark:cut_soul_sandstone_slab
[24Dec2025 19:08:42.607] [main/DEBUG] [quark-zeta/]: Registering to minecraft:block - quark:smooth_soul_sandstone
[24Dec2025 19:08:42.607] [main/DEBUG] [quark-zeta/]: Registering to minecraft:block - quark:smooth_soul_sandstone_slab
[24Dec2025 19:08:42.607] [main/DEBUG] [quark-zeta/]: Registering to minecraft:block - quark:smooth_soul_sandstone_stairs
[24Dec2025 19:08:42.607] [main/DEBUG] [quark-zeta/]: Registering to minecraft:block - quark:dusky_myalite
[24Dec2025 19:08:42.607] [main/DEBUG] [quark-zeta/]: Registering to minecraft:block - quark:myalite_crystal
[24Dec2025 19:08:42.607] [main/DEBUG] [quark-zeta/]: Registering to minecraft:block - quark:white_stool
[24Dec2025 19:08:42.607] [main/DEBUG] [quark-zeta/]: Registering to minecraft:block - quark:light_gray_stool
[24Dec2025 19:08:42.607] [main/DEBUG] [quark-zeta/]: Registering to minecraft:block - quark:gray_stool
[24Dec2025 19:08:42.607] [main/DEBUG] [quark-zeta/]: Registering to minecraft:block - quark:black_stool
[24Dec2025 19:08:42.607] [main/DEBUG] [quark-zeta/]: Registering to minecraft:block - quark:brown_stool
[24Dec2025 19:08:42.607] [main/DEBUG] [quark-zeta/]: Registering to minecraft:block - quark:red_stool
[24Dec2025 19:08:42.607] [main/DEBUG] [quark-zeta/]: Registering to minecraft:block - quark:orange_stool
[24Dec2025 19:08:42.607] [main/DEBUG] [quark-zeta/]: Registering to minecraft:block - quark:yellow_stool
[24Dec2025 19:08:42.607] [main/DEBUG] [quark-zeta/]: Registering to minecraft:block - quark:lime_stool
[24Dec2025 19:08:42.607] [main/DEBUG] [quark-zeta/]: Registering to minecraft:block - quark:green_stool
[24Dec2025 19:08:42.608] [main/DEBUG] [quark-zeta/]: Registering to minecraft:block - quark:cyan_stool
[24Dec2025 19:08:42.608] [main/DEBUG] [quark-zeta/]: Registering to minecraft:block - quark:light_blue_stool
[24Dec2025 19:08:42.608] [main/DEBUG] [quark-zeta/]: Registering to minecraft:block - quark:blue_stool
[24Dec2025 19:08:42.608] [main/DEBUG] [quark-zeta/]: Registering to minecraft:block - quark:purple_stool
[24Dec2025 19:08:42.608] [main/DEBUG] [quark-zeta/]: Registering to minecraft:block - quark:magenta_stool
[24Dec2025 19:08:42.608] [main/DEBUG] [quark-zeta/]: Registering to minecraft:block - quark:pink_stool
[24Dec2025 19:08:42.608] [main/DEBUG] [quark-zeta/]: Registering to minecraft:block - quark:sturdy_stone
[24Dec2025 19:08:42.608] [main/DEBUG] [quark-zeta/]: Registering to minecraft:block - quark:thatch
[24Dec2025 19:08:42.608] [main/DEBUG] [quark-zeta/]: Registering to minecraft:block - quark:thatch_slab
[24Dec2025 19:08:42.608] [main/DEBUG] [quark-zeta/]: Registering to minecraft:block - quark:thatch_stairs
[24Dec2025 19:08:42.608] [main/DEBUG] [quark-zeta/]: Registering to minecraft:block - quark:tiny_potato
[24Dec2025 19:08:42.608] [main/DEBUG] [quark-zeta/]: Registering to minecraft:block - quark:spruce_bookshelf
[24Dec2025 19:08:42.608] [main/DEBUG] [quark-zeta/]: Registering to minecraft:block - quark:birch_bookshelf
[24Dec2025 19:08:42.608] [main/DEBUG] [quark-zeta/]: Registering to minecraft:block - quark:jungle_bookshelf
[24Dec2025 19:08:42.608] [main/DEBUG] [quark-zeta/]: Registering to minecraft:block - quark:acacia_bookshelf
[24Dec2025 19:08:42.608] [main/DEBUG] [quark-zeta/]: Registering to minecraft:block - quark:dark_oak_bookshelf
[24Dec2025 19:08:42.608] [main/DEBUG] [quark-zeta/]: Registering to minecraft:block - quark:crimson_bookshelf
[24Dec2025 19:08:42.608] [main/DEBUG] [quark-zeta/]: Registering to minecraft:block - quark:warped_bookshelf
[24Dec2025 19:08:42.608] [main/DEBUG] [quark-zeta/]: Registering to minecraft:block - quark:mangrove_bookshelf
[24Dec2025 19:08:42.609] [main/DEBUG] [quark-zeta/]: Registering to minecraft:block - quark:bamboo_bookshelf
[24Dec2025 19:08:42.609] [main/DEBUG] [quark-zeta/]: Registering to minecraft:block - quark:cherry_bookshelf
[24Dec2025 19:08:42.609] [main/DEBUG] [quark-zeta/]: Registering to minecraft:block - quark:oak_chest
[24Dec2025 19:08:42.609] [main/DEBUG] [quark-zeta/]: Registering to minecraft:block - quark:oak_trapped_chest
[24Dec2025 19:08:42.609] [main/DEBUG] [quark-zeta/]: Registering to minecraft:block - quark:spruce_chest
[24Dec2025 19:08:42.609] [main/DEBUG] [quark-zeta/]: Registering to minecraft:block - quark:spruce_trapped_chest
[24Dec2025 19:08:42.609] [main/DEBUG] [quark-zeta/]: Registering to minecraft:block - quark:birch_chest
[24Dec2025 19:08:42.609] [main/DEBUG] [quark-zeta/]: Registering to minecraft:block - quark:birch_trapped_chest
[24Dec2025 19:08:42.609] [main/DEBUG] [quark-zeta/]: Registering to minecraft:block - quark:jungle_chest
[24Dec2025 19:08:42.609] [main/DEBUG] [quark-zeta/]: Registering to minecraft:block - quark:jungle_trapped_chest
[24Dec2025 19:08:42.609] [main/DEBUG] [quark-zeta/]: Registering to minecraft:block - quark:acacia_chest
[24Dec2025 19:08:42.609] [main/DEBUG] [quark-zeta/]: Registering to minecraft:block - quark:acacia_trapped_chest
[24Dec2025 19:08:42.609] [main/DEBUG] [quark-zeta/]: Registering to minecraft:block - quark:dark_oak_chest
[24Dec2025 19:08:42.609] [main/DEBUG] [quark-zeta/]: Registering to minecraft:block - quark:dark_oak_trapped_chest
[24Dec2025 19:08:42.609] [main/DEBUG] [quark-zeta/]: Registering to minecraft:block - quark:crimson_chest
[24Dec2025 19:08:42.609] [main/DEBUG] [quark-zeta/]: Registering to minecraft:block - quark:crimson_trapped_chest
[24Dec2025 19:08:42.609] [main/DEBUG] [quark-zeta/]: Registering to minecraft:block - quark:warped_chest
[24Dec2025 19:08:42.609] [main/DEBUG] [quark-zeta/]: Registering to minecraft:block - quark:warped_trapped_chest
[24Dec2025 19:08:42.609] [main/DEBUG] [quark-zeta/]: Registering to minecraft:block - quark:mangrove_chest
[24Dec2025 19:08:42.609] [main/DEBUG] [quark-zeta/]: Registering to minecraft:block - quark:mangrove_trapped_chest
[24Dec2025 19:08:42.610] [main/DEBUG] [quark-zeta/]: Registering to minecraft:block - quark:bamboo_chest
[24Dec2025 19:08:42.610] [main/DEBUG] [quark-zeta/]: Registering to minecraft:block - quark:bamboo_trapped_chest
[24Dec2025 19:08:42.610] [main/DEBUG] [quark-zeta/]: Registering to minecraft:block - quark:cherry_chest
[24Dec2025 19:08:42.610] [main/DEBUG] [quark-zeta/]: Registering to minecraft:block - quark:cherry_trapped_chest
[24Dec2025 19:08:42.610] [main/DEBUG] [quark-zeta/]: Registering to minecraft:block - quark:nether_brick_chest
[24Dec2025 19:08:42.610] [main/DEBUG] [quark-zeta/]: Registering to minecraft:block - quark:nether_brick_trapped_chest
[24Dec2025 19:08:42.610] [main/DEBUG] [quark-zeta/]: Registering to minecraft:block - quark:purpur_chest
[24Dec2025 19:08:42.610] [main/DEBUG] [quark-zeta/]: Registering to minecraft:block - quark:purpur_trapped_chest
[24Dec2025 19:08:42.610] [main/DEBUG] [quark-zeta/]: Registering to minecraft:block - quark:prismarine_chest
[24Dec2025 19:08:42.610] [main/DEBUG] [quark-zeta/]: Registering to minecraft:block - quark:prismarine_trapped_chest
[24Dec2025 19:08:42.610] [main/DEBUG] [quark-zeta/]: Registering to minecraft:block - quark:deepslate_furnace
[24Dec2025 19:08:42.610] [main/DEBUG] [quark-zeta/]: Registering to minecraft:block - quark:blackstone_furnace
[24Dec2025 19:08:42.611] [main/DEBUG] [quark-zeta/]: Registering to minecraft:block - quark:spruce_ladder
[24Dec2025 19:08:42.611] [main/DEBUG] [quark-zeta/]: Registering to minecraft:block - quark:birch_ladder
[24Dec2025 19:08:42.611] [main/DEBUG] [quark-zeta/]: Registering to minecraft:block - quark:jungle_ladder
[24Dec2025 19:08:42.611] [main/DEBUG] [quark-zeta/]: Registering to minecraft:block - quark:acacia_ladder
[24Dec2025 19:08:42.611] [main/DEBUG] [quark-zeta/]: Registering to minecraft:block - quark:dark_oak_ladder
[24Dec2025 19:08:42.611] [main/DEBUG] [quark-zeta/]: Registering to minecraft:block - quark:crimson_ladder
[24Dec2025 19:08:42.611] [main/DEBUG] [quark-zeta/]: Registering to minecraft:block - quark:warped_ladder
[24Dec2025 19:08:42.611] [main/DEBUG] [quark-zeta/]: Registering to minecraft:block - quark:mangrove_ladder
[24Dec2025 19:08:42.611] [main/DEBUG] [quark-zeta/]: Registering to minecraft:block - quark:bamboo_ladder
[24Dec2025 19:08:42.611] [main/DEBUG] [quark-zeta/]: Registering to minecraft:block - quark:cherry_ladder
[24Dec2025 19:08:42.611] [main/DEBUG] [quark-zeta/]: Registering to minecraft:block - quark:vertical_oak_planks
[24Dec2025 19:08:42.611] [main/DEBUG] [quark-zeta/]: Registering to minecraft:block - quark:vertical_spruce_planks
[24Dec2025 19:08:42.611] [main/DEBUG] [quark-zeta/]: Registering to minecraft:block - quark:vertical_birch_planks
[24Dec2025 19:08:42.611] [main/DEBUG] [quark-zeta/]: Registering to minecraft:block - quark:vertical_jungle_planks
[24Dec2025 19:08:42.611] [main/DEBUG] [quark-zeta/]: Registering to minecraft:block - quark:vertical_acacia_planks
[24Dec2025 19:08:42.611] [main/DEBUG] [quark-zeta/]: Registering to minecraft:block - quark:vertical_dark_oak_planks
[24Dec2025 19:08:42.611] [main/DEBUG] [quark-zeta/]: Registering to minecraft:block - quark:vertical_crimson_planks
[24Dec2025 19:08:42.612] [main/DEBUG] [quark-zeta/]: Registering to minecraft:block - quark:vertical_warped_planks
[24Dec2025 19:08:42.612] [main/DEBUG] [quark-zeta/]: Registering to minecraft:block - quark:vertical_mangrove_planks
[24Dec2025 19:08:42.612] [main/DEBUG] [quark-zeta/]: Registering to minecraft:block - quark:vertical_bamboo_planks
[24Dec2025 19:08:42.612] [main/DEBUG] [quark-zeta/]: Registering to minecraft:block - quark:vertical_cherry_planks
[24Dec2025 19:08:42.612] [main/DEBUG] [quark-zeta/]: Registering to minecraft:block - quark:oak_post
[24Dec2025 19:08:42.612] [main/DEBUG] [quark-zeta/]: Registering to minecraft:block - quark:stripped_oak_post
[24Dec2025 19:08:42.612] [main/DEBUG] [quark-zeta/]: Registering to minecraft:block - quark:spruce_post
[24Dec2025 19:08:42.612] [main/DEBUG] [quark-zeta/]: Registering to minecraft:block - quark:stripped_spruce_post
[24Dec2025 19:08:42.612] [main/DEBUG] [quark-zeta/]: Registering to minecraft:block - quark:birch_post
[24Dec2025 19:08:42.612] [main/DEBUG] [quark-zeta/]: Registering to minecraft:block - quark:stripped_birch_post
[24Dec2025 19:08:42.612] [main/DEBUG] [quark-zeta/]: Registering to minecraft:block - quark:jungle_post
[24Dec2025 19:08:42.612] [main/DEBUG] [quark-zeta/]: Registering to minecraft:block - quark:stripped_jungle_post
[24Dec2025 19:08:42.613] [main/DEBUG] [quark-zeta/]: Registering to minecraft:block - quark:acacia_post
[24Dec2025 19:08:42.613] [main/DEBUG] [quark-zeta/]: Registering to minecraft:block - quark:stripped_acacia_post
[24Dec2025 19:08:42.613] [main/DEBUG] [quark-zeta/]: Registering to minecraft:block - quark:dark_oak_post
[24Dec2025 19:08:42.613] [main/DEBUG] [quark-zeta/]: Registering to minecraft:block - quark:stripped_dark_oak_post
[24Dec2025 19:08:42.613] [main/DEBUG] [quark-zeta/]: Registering to minecraft:block - quark:crimson_post
[24Dec2025 19:08:42.613] [main/DEBUG] [quark-zeta/]: Registering to minecraft:block - quark:stripped_crimson_post
[24Dec2025 19:08:42.613] [main/DEBUG] [quark-zeta/]: Registering to minecraft:block - quark:warped_post
[24Dec2025 19:08:42.613] [main/DEBUG] [quark-zeta/]: Registering to minecraft:block - quark:stripped_warped_post
[24Dec2025 19:08:42.613] [main/DEBUG] [quark-zeta/]: Registering to minecraft:block - quark:mangrove_post
[24Dec2025 19:08:42.613] [main/DEBUG] [quark-zeta/]: Registering to minecraft:block - quark:stripped_mangrove_post
[24Dec2025 19:08:42.613] [main/DEBUG] [quark-zeta/]: Registering to minecraft:block - quark:bamboo_post
[24Dec2025 19:08:42.613] [main/DEBUG] [quark-zeta/]: Registering to minecraft:block - quark:stripped_bamboo_post
[24Dec2025 19:08:42.613] [main/DEBUG] [quark-zeta/]: Registering to minecraft:block - quark:cherry_post
[24Dec2025 19:08:42.614] [main/DEBUG] [quark-zeta/]: Registering to minecraft:block - quark:stripped_cherry_post
[24Dec2025 19:08:42.614] [main/DEBUG] [quark-zeta/]: Registering to minecraft:block - quark:polished_calcite
[24Dec2025 19:08:42.614] [main/DEBUG] [quark-zeta/]: Registering to minecraft:block - quark:calcite_wall
[24Dec2025 19:08:42.614] [main/DEBUG] [quark-zeta/]: Registering to minecraft:block - quark:calcite_slab
[24Dec2025 19:08:42.614] [main/DEBUG] [quark-zeta/]: Registering to minecraft:block - quark:calcite_stairs
[24Dec2025 19:08:42.614] [main/DEBUG] [quark-zeta/]: Registering to minecraft:block - quark:polished_calcite_slab
[24Dec2025 19:08:42.614] [main/DEBUG] [quark-zeta/]: Registering to minecraft:block - quark:polished_calcite_stairs
[24Dec2025 19:08:42.614] [main/DEBUG] [quark-zeta/]: Registering to minecraft:block - quark:polished_dripstone
[24Dec2025 19:08:42.614] [main/DEBUG] [quark-zeta/]: Registering to minecraft:block - quark:dripstone_block_wall
[24Dec2025 19:08:42.614] [main/DEBUG] [quark-zeta/]: Registering to minecraft:block - quark:dripstone_block_slab
[24Dec2025 19:08:42.614] [main/DEBUG] [quark-zeta/]: Registering to minecraft:block - quark:dripstone_block_stairs
[24Dec2025 19:08:42.614] [main/DEBUG] [quark-zeta/]: Registering to minecraft:block - quark:polished_dripstone_slab
[24Dec2025 19:08:42.614] [main/DEBUG] [quark-zeta/]: Registering to minecraft:block - quark:polished_dripstone_stairs
[24Dec2025 19:08:42.614] [main/DEBUG] [quark-zeta/]: Registering to minecraft:block - quark:polished_tuff
[24Dec2025 19:08:42.614] [main/DEBUG] [quark-zeta/]: Registering to minecraft:block - quark:tuff_wall
[24Dec2025 19:08:42.614] [main/DEBUG] [quark-zeta/]: Registering to minecraft:block - quark:tuff_slab
[24Dec2025 19:08:42.615] [main/DEBUG] [quark-zeta/]: Registering to minecraft:block - quark:tuff_stairs
[24Dec2025 19:08:42.615] [main/DEBUG] [quark-zeta/]: Registering to minecraft:block - quark:polished_tuff_slab
[24Dec2025 19:08:42.615] [main/DEBUG] [quark-zeta/]: Registering to minecraft:block - quark:polished_tuff_stairs
[24Dec2025 19:08:42.615] [main/DEBUG] [quark-zeta/]: Registering to minecraft:block - quark:granite_bricks
[24Dec2025 19:08:42.615] [main/DEBUG] [quark-zeta/]: Registering to minecraft:block - quark:chiseled_granite_bricks
[24Dec2025 19:08:42.615] [main/DEBUG] [quark-zeta/]: Registering to minecraft:block - quark:granite_pillar
[24Dec2025 19:08:42.615] [main/DEBUG] [quark-zeta/]: Registering to minecraft:block - quark:granite_bricks_wall
[24Dec2025 19:08:42.615] [main/DEBUG] [quark-zeta/]: Registering to minecraft:block - quark:granite_bricks_slab
[24Dec2025 19:08:42.615] [main/DEBUG] [quark-zeta/]: Registering to minecraft:block - quark:granite_bricks_stairs
[24Dec2025 19:08:42.615] [main/DEBUG] [quark-zeta/]: Registering to minecraft:block - quark:diorite_bricks
[24Dec2025 19:08:42.615] [main/DEBUG] [quark-zeta/]: Registering to minecraft:block - quark:chiseled_diorite_bricks
[24Dec2025 19:08:42.615] [main/DEBUG] [quark-zeta/]: Registering to minecraft:block - quark:diorite_pillar
[24Dec2025 19:08:42.615] [main/DEBUG] [quark-zeta/]: Registering to minecraft:block - quark:diorite_bricks_wall
[24Dec2025 19:08:42.615] [main/DEBUG] [quark-zeta/]: Registering to minecraft:block - quark:diorite_bricks_slab
[24Dec2025 19:08:42.615] [main/DEBUG] [quark-zeta/]: Registering to minecraft:block - quark:diorite_bricks_stairs
[24Dec2025 19:08:42.615] [main/DEBUG] [quark-zeta/]: Registering to minecraft:block - quark:andesite_bricks
[24Dec2025 19:08:42.616] [main/DEBUG] [quark-zeta/]: Registering to minecraft:block - quark:chiseled_andesite_bricks
[24Dec2025 19:08:42.616] [main/DEBUG] [quark-zeta/]: Registering to minecraft:block - quark:andesite_pillar
[24Dec2025 19:08:42.616] [main/DEBUG] [quark-zeta/]: Registering to minecraft:block - quark:andesite_bricks_wall
[24Dec2025 19:08:42.616] [main/DEBUG] [quark-zeta/]: Registering to minecraft:block - quark:andesite_bricks_slab
[24Dec2025 19:08:42.616] [main/DEBUG] [quark-zeta/]: Registering to minecraft:block - quark:andesite_bricks_stairs
[24Dec2025 19:08:42.616] [main/DEBUG] [quark-zeta/]: Registering to minecraft:block - quark:calcite_bricks
[24Dec2025 19:08:42.616] [main/DEBUG] [quark-zeta/]: Registering to minecraft:block - quark:chiseled_calcite_bricks
[24Dec2025 19:08:42.616] [main/DEBUG] [quark-zeta/]: Registering to minecraft:block - quark:calcite_pillar
[24Dec2025 19:08:42.616] [main/DEBUG] [quark-zeta/]: Registering to minecraft:block - quark:calcite_bricks_wall
[24Dec2025 19:08:42.616] [main/DEBUG] [quark-zeta/]: Registering to minecraft:block - quark:calcite_bricks_slab
[24Dec2025 19:08:42.616] [main/DEBUG] [quark-zeta/]: Registering to minecraft:block - quark:calcite_bricks_stairs
[24Dec2025 19:08:42.616] [main/DEBUG] [quark-zeta/]: Registering to minecraft:block - quark:dripstone_bricks
[24Dec2025 19:08:42.616] [main/DEBUG] [quark-zeta/]: Registering to minecraft:block - quark:chiseled_dripstone_bricks
[24Dec2025 19:08:42.616] [main/DEBUG] [quark-zeta/]: Registering to minecraft:block - quark:dripstone_pillar
[24Dec2025 19:08:42.616] [main/DEBUG] [quark-zeta/]: Registering to minecraft:block - quark:dripstone_bricks_wall
[24Dec2025 19:08:42.617] [main/DEBUG] [quark-zeta/]: Registering to minecraft:block - quark:dripstone_bricks_slab
[24Dec2025 19:08:42.617] [main/DEBUG] [quark-zeta/]: Registering to minecraft:block - quark:dripstone_bricks_stairs
[24Dec2025 19:08:42.617] [main/DEBUG] [quark-zeta/]: Registering to minecraft:block - quark:tuff_bricks
[24Dec2025 19:08:42.617] [main/DEBUG] [quark-zeta/]: Registering to minecraft:block - quark:chiseled_tuff_bricks
[24Dec2025 19:08:42.617] [main/DEBUG] [quark-zeta/]: Registering to minecraft:block - quark:tuff_pillar
[24Dec2025 19:08:42.617] [main/DEBUG] [quark-zeta/]: Registering to minecraft:block - quark:tuff_bricks_wall
[24Dec2025 19:08:42.617] [main/DEBUG] [quark-zeta/]: Registering to minecraft:block - quark:tuff_bricks_slab
[24Dec2025 19:08:42.617] [main/DEBUG] [quark-zeta/]: Registering to minecraft:block - quark:tuff_bricks_stairs
[24Dec2025 19:08:42.617] [main/DEBUG] [quark-zeta/]: Registering to minecraft:block - quark:limestone_bricks
[24Dec2025 19:08:42.617] [main/DEBUG] [quark-zeta/]: Registering to minecraft:block - quark:chiseled_limestone_bricks
[24Dec2025 19:08:42.617] [main/DEBUG] [quark-zeta/]: Registering to minecraft:block - quark:limestone_pillar
[24Dec2025 19:08:42.617] [main/DEBUG] [quark-zeta/]: Registering to minecraft:block - quark:limestone_bricks_wall
[24Dec2025 19:08:42.617] [main/DEBUG] [quark-zeta/]: Registering to minecraft:block - quark:limestone_bricks_slab
[24Dec2025 19:08:42.617] [main/DEBUG] [quark-zeta/]: Registering to minecraft:block - quark:limestone_bricks_stairs
[24Dec2025 19:08:42.617] [main/DEBUG] [quark-zeta/]: Registering to minecraft:block - quark:jasper_bricks
[24Dec2025 19:08:42.617] [main/DEBUG] [quark-zeta/]: Registering to minecraft:block - quark:chiseled_jasper_bricks
[24Dec2025 19:08:42.618] [main/DEBUG] [quark-zeta/]: Registering to minecraft:block - quark:jasper_pillar
[24Dec2025 19:08:42.618] [main/DEBUG] [quark-zeta/]: Registering to minecraft:block - quark:jasper_bricks_wall
[24Dec2025 19:08:42.618] [main/DEBUG] [quark-zeta/]: Registering to minecraft:block - quark:jasper_bricks_slab
[24Dec2025 19:08:42.618] [main/DEBUG] [quark-zeta/]: Registering to minecraft:block - quark:jasper_bricks_stairs
[24Dec2025 19:08:42.618] [main/DEBUG] [quark-zeta/]: Registering to minecraft:block - quark:shale_bricks
[24Dec2025 19:08:42.618] [main/DEBUG] [quark-zeta/]: Registering to minecraft:block - quark:chiseled_shale_bricks
[24Dec2025 19:08:42.618] [main/DEBUG] [quark-zeta/]: Registering to minecraft:block - quark:shale_pillar
[24Dec2025 19:08:42.618] [main/DEBUG] [quark-zeta/]: Registering to minecraft:block - quark:shale_bricks_wall
[24Dec2025 19:08:42.618] [main/DEBUG] [quark-zeta/]: Registering to minecraft:block - quark:shale_bricks_slab
[24Dec2025 19:08:42.618] [main/DEBUG] [quark-zeta/]: Registering to minecraft:block - quark:shale_bricks_stairs
[24Dec2025 19:08:42.618] [main/DEBUG] [quark-zeta/]: Registering to minecraft:block - quark:myalite_bricks
[24Dec2025 19:08:42.618] [main/DEBUG] [quark-zeta/]: Registering to minecraft:block - quark:chiseled_myalite_bricks
[24Dec2025 19:08:42.618] [main/DEBUG] [quark-zeta/]: Registering to minecraft:block - quark:myalite_pillar
[24Dec2025 19:08:42.618] [main/DEBUG] [quark-zeta/]: Registering to minecraft:block - quark:myalite_bricks_wall
[24Dec2025 19:08:42.618] [main/DEBUG] [quark-zeta/]: Registering to minecraft:block - quark:myalite_bricks_slab
[24Dec2025 19:08:42.618] [main/DEBUG] [quark-zeta/]: Registering to minecraft:block - quark:myalite_bricks_stairs
[24Dec2025 19:08:42.618] [main/DEBUG] [quark-zeta/]: Registering to minecraft:block - quark:blue_blossom_hedge
[24Dec2025 19:08:42.618] [main/DEBUG] [quark-zeta/]: Registering to minecraft:block - quark:lavender_blossom_hedge
[24Dec2025 19:08:42.619] [main/DEBUG] [quark-zeta/]: Registering to minecraft:block - quark:orange_blossom_hedge
[24Dec2025 19:08:42.619] [main/DEBUG] [quark-zeta/]: Registering to minecraft:block - quark:yellow_blossom_hedge
[24Dec2025 19:08:42.619] [main/DEBUG] [quark-zeta/]: Registering to minecraft:block - quark:red_blossom_hedge
[24Dec2025 19:08:42.619] [main/DEBUG] [quark-zeta/]: Registering to minecraft:block - quark:ancient_hedge
[24Dec2025 19:08:42.619] [main/DEBUG] [quark-zeta/]: Registering to minecraft:block - quark:blue_blossom_leaf_carpet
[24Dec2025 19:08:42.619] [main/DEBUG] [quark-zeta/]: Registering to minecraft:block - quark:lavender_blossom_leaf_carpet
[24Dec2025 19:08:42.619] [main/DEBUG] [quark-zeta/]: Registering to minecraft:block - quark:orange_blossom_leaf_carpet
[24Dec2025 19:08:42.619] [main/DEBUG] [quark-zeta/]: Registering to minecraft:block - quark:yellow_blossom_leaf_carpet
[24Dec2025 19:08:42.619] [main/DEBUG] [quark-zeta/]: Registering to minecraft:block - quark:red_blossom_leaf_carpet
[24Dec2025 19:08:42.619] [main/DEBUG] [quark-zeta/]: Registering to minecraft:block - quark:ancient_leaf_carpet
[24Dec2025 19:08:42.619] [main/DEBUG] [quark-zeta/]: Registering to minecraft:block - quark:acacia_vertical_slab
[24Dec2025 19:08:42.619] [main/DEBUG] [quark-zeta/]: Registering to minecraft:block - quark:andesite_vertical_slab
[24Dec2025 19:08:42.619] [main/DEBUG] [quark-zeta/]: Registering to minecraft:block - quark:birch_vertical_slab
[24Dec2025 19:08:42.619] [main/DEBUG] [quark-zeta/]: Registering to minecraft:block - quark:brick_vertical_slab
[24Dec2025 19:08:42.619] [main/DEBUG] [quark-zeta/]: Registering to minecraft:block - quark:cobblestone_vertical_slab
[24Dec2025 19:08:42.620] [main/DEBUG] [quark-zeta/]: Registering to minecraft:block - quark:cut_red_sandstone_vertical_slab
[24Dec2025 19:08:42.620] [main/DEBUG] [quark-zeta/]: Registering to minecraft:block - quark:cut_sandstone_vertical_slab
[24Dec2025 19:08:42.620] [main/DEBUG] [quark-zeta/]: Registering to minecraft:block - quark:dark_oak_vertical_slab
[24Dec2025 19:08:42.620] [main/DEBUG] [quark-zeta/]: Registering to minecraft:block - quark:dark_prismarine_vertical_slab
[24Dec2025 19:08:42.620] [main/DEBUG] [quark-zeta/]: Registering to minecraft:block - quark:diorite_vertical_slab
[24Dec2025 19:08:42.620] [main/DEBUG] [quark-zeta/]: Registering to minecraft:block - quark:end_stone_brick_vertical_slab
[24Dec2025 19:08:42.620] [main/DEBUG] [quark-zeta/]: Registering to minecraft:block - quark:granite_vertical_slab
[24Dec2025 19:08:42.620] [main/DEBUG] [quark-zeta/]: Registering to minecraft:block - quark:jungle_vertical_slab
[24Dec2025 19:08:42.620] [main/DEBUG] [quark-zeta/]: Registering to minecraft:block - quark:mossy_cobblestone_vertical_slab
[24Dec2025 19:08:42.620] [main/DEBUG] [quark-zeta/]: Registering to minecraft:block - quark:mossy_stone_brick_vertical_slab
[24Dec2025 19:08:42.620] [main/DEBUG] [quark-zeta/]: Registering to minecraft:block - quark:nether_brick_vertical_slab
[24Dec2025 19:08:42.620] [main/DEBUG] [quark-zeta/]: Registering to minecraft:block - quark:oak_vertical_slab
[24Dec2025 19:08:42.620] [main/DEBUG] [quark-zeta/]: Registering to minecraft:block - quark:polished_andesite_vertical_slab
[24Dec2025 19:08:42.620] [main/DEBUG] [quark-zeta/]: Registering to minecraft:block - quark:polished_diorite_vertical_slab
[24Dec2025 19:08:42.620] [main/DEBUG] [quark-zeta/]: Registering to minecraft:block - quark:polished_granite_vertical_slab
[24Dec2025 19:08:42.621] [main/DEBUG] [quark-zeta/]: Registering to minecraft:block - quark:prismarine_vertical_slab
[24Dec2025 19:08:42.621] [main/DEBUG] [quark-zeta/]: Registering to minecraft:block - quark:prismarine_brick_vertical_slab
[24Dec2025 19:08:42.621] [main/DEBUG] [quark-zeta/]: Registering to minecraft:block - quark:purpur_vertical_slab
[24Dec2025 19:08:42.621] [main/DEBUG] [quark-zeta/]: Registering to minecraft:block - quark:quartz_vertical_slab
[24Dec2025 19:08:42.621] [main/DEBUG] [quark-zeta/]: Registering to minecraft:block - quark:red_nether_brick_vertical_slab
[24Dec2025 19:08:42.621] [main/DEBUG] [quark-zeta/]: Registering to minecraft:block - quark:red_sandstone_vertical_slab
[24Dec2025 19:08:42.621] [main/DEBUG] [quark-zeta/]: Registering to minecraft:block - quark:sandstone_vertical_slab
[24Dec2025 19:08:42.621] [main/DEBUG] [quark-zeta/]: Registering to minecraft:block - quark:smooth_quartz_vertical_slab
[24Dec2025 19:08:42.621] [main/DEBUG] [quark-zeta/]: Registering to minecraft:block - quark:smooth_red_sandstone_vertical_slab
[24Dec2025 19:08:42.621] [main/DEBUG] [quark-zeta/]: Registering to minecraft:block - quark:smooth_sandstone_vertical_slab
[24Dec2025 19:08:42.621] [main/DEBUG] [quark-zeta/]: Registering to minecraft:block - quark:smooth_stone_vertical_slab
[24Dec2025 19:08:42.621] [main/DEBUG] [quark-zeta/]: Registering to minecraft:block - quark:spruce_vertical_slab
[24Dec2025 19:08:42.621] [main/DEBUG] [quark-zeta/]: Registering to minecraft:block - quark:stone_vertical_slab
[24Dec2025 19:08:42.621] [main/DEBUG] [quark-zeta/]: Registering to minecraft:block - quark:stone_brick_vertical_slab
[24Dec2025 19:08:42.621] [main/DEBUG] [quark-zeta/]: Registering to minecraft:block - quark:blackstone_vertical_slab
[24Dec2025 19:08:42.622] [main/DEBUG] [quark-zeta/]: Registering to minecraft:block - quark:polished_blackstone_vertical_slab
[24Dec2025 19:08:42.622] [main/DEBUG] [quark-zeta/]: Registering to minecraft:block - quark:polished_blackstone_brick_vertical_slab
[24Dec2025 19:08:42.622] [main/DEBUG] [quark-zeta/]: Registering to minecraft:block - quark:crimson_vertical_slab
[24Dec2025 19:08:42.622] [main/DEBUG] [quark-zeta/]: Registering to minecraft:block - quark:warped_vertical_slab
[24Dec2025 19:08:42.622] [main/DEBUG] [quark-zeta/]: Registering to minecraft:block - quark:cobbled_deepslate_vertical_slab
[24Dec2025 19:08:42.622] [main/DEBUG] [quark-zeta/]: Registering to minecraft:block - quark:polished_deepslate_vertical_slab
[24Dec2025 19:08:42.622] [main/DEBUG] [quark-zeta/]: Registering to minecraft:block - quark:deepslate_brick_vertical_slab
[24Dec2025 19:08:42.622] [main/DEBUG] [quark-zeta/]: Registering to minecraft:block - quark:deepslate_tile_vertical_slab
[24Dec2025 19:08:42.622] [main/DEBUG] [quark-zeta/]: Registering to minecraft:block - quark:mangrove_vertical_slab
[24Dec2025 19:08:42.622] [main/DEBUG] [quark-zeta/]: Registering to minecraft:block - quark:mud_brick_vertical_slab
[24Dec2025 19:08:42.622] [main/DEBUG] [quark-zeta/]: Registering to minecraft:block - quark:cherry_vertical_slab
[24Dec2025 19:08:42.622] [main/DEBUG] [quark-zeta/]: Registering to minecraft:block - quark:bamboo_vertical_slab
[24Dec2025 19:08:42.622] [main/DEBUG] [quark-zeta/]: Registering to minecraft:block - quark:bamboo_mosaic_vertical_slab
[24Dec2025 19:08:42.622] [main/DEBUG] [quark-zeta/]: Registering to minecraft:block - quark:cut_copper_vertical_slab
[24Dec2025 19:08:42.623] [main/DEBUG] [quark-zeta/]: Registering to minecraft:block - quark:waxed_cut_copper_vertical_slab
[24Dec2025 19:08:42.623] [main/DEBUG] [quark-zeta/]: Registering to minecraft:block - quark:exposed_cut_copper_vertical_slab
[24Dec2025 19:08:42.623] [main/DEBUG] [quark-zeta/]: Registering to minecraft:block - quark:waxed_exposed_cut_copper_vertical_slab
[24Dec2025 19:08:42.623] [main/DEBUG] [quark-zeta/]: Registering to minecraft:block - quark:weathered_cut_copper_vertical_slab
[24Dec2025 19:08:42.623] [main/DEBUG] [quark-zeta/]: Registering to minecraft:block - quark:waxed_weathered_cut_copper_vertical_slab
[24Dec2025 19:08:42.623] [main/DEBUG] [quark-zeta/]: Registering to minecraft:block - quark:oxidized_cut_copper_vertical_slab
[24Dec2025 19:08:42.623] [main/DEBUG] [quark-zeta/]: Registering to minecraft:block - quark:waxed_oxidized_cut_copper_vertical_slab
[24Dec2025 19:08:42.623] [main/DEBUG] [quark-zeta/]: Registering to minecraft:block - quark:ancient_planks_vertical_slab
[24Dec2025 19:08:42.623] [main/DEBUG] [quark-zeta/]: Registering to minecraft:block - quark:azalea_planks_vertical_slab
[24Dec2025 19:08:42.623] [main/DEBUG] [quark-zeta/]: Registering to minecraft:block - quark:blossom_planks_vertical_slab
[24Dec2025 19:08:42.623] [main/DEBUG] [quark-zeta/]: Registering to minecraft:block - quark:duskbound_block_vertical_slab
[24Dec2025 19:08:42.623] [main/DEBUG] [quark-zeta/]: Registering to minecraft:block - quark:iron_plate_vertical_slab
[24Dec2025 19:08:42.623] [main/DEBUG] [quark-zeta/]: Registering to minecraft:block - quark:rusty_iron_plate_vertical_slab
[24Dec2025 19:08:42.623] [main/DEBUG] [quark-zeta/]: Registering to minecraft:block - quark:midori_block_vertical_slab
[24Dec2025 19:08:42.623] [main/DEBUG] [quark-zeta/]: Registering to minecraft:block - quark:blue_nether_bricks_vertical_slab
[24Dec2025 19:08:42.624] [main/DEBUG] [quark-zeta/]: Registering to minecraft:block - quark:sandstone_bricks_vertical_slab
[24Dec2025 19:08:42.624] [main/DEBUG] [quark-zeta/]: Registering to minecraft:block - quark:red_sandstone_bricks_vertical_slab
[24Dec2025 19:08:42.624] [main/DEBUG] [quark-zeta/]: Registering to minecraft:block - quark:soul_sandstone_bricks_vertical_slab
[24Dec2025 19:08:42.624] [main/DEBUG] [quark-zeta/]: Registering to minecraft:block - quark:cobblestone_bricks_vertical_slab
[24Dec2025 19:08:42.624] [main/DEBUG] [quark-zeta/]: Registering to minecraft:block - quark:mossy_cobblestone_bricks_vertical_slab
[24Dec2025 19:08:42.624] [main/DEBUG] [quark-zeta/]: Registering to minecraft:block - quark:blackstone_bricks_vertical_slab
[24Dec2025 19:08:42.624] [main/DEBUG] [quark-zeta/]: Registering to minecraft:block - quark:dirt_bricks_vertical_slab
[24Dec2025 19:08:42.624] [main/DEBUG] [quark-zeta/]: Registering to minecraft:block - quark:netherrack_bricks_vertical_slab
[24Dec2025 19:08:42.624] [main/DEBUG] [quark-zeta/]: Registering to minecraft:block - quark:limestone_vertical_slab
[24Dec2025 19:08:42.624] [main/DEBUG] [quark-zeta/]: Registering to minecraft:block - quark:polished_limestone_vertical_slab
[24Dec2025 19:08:42.624] [main/DEBUG] [quark-zeta/]: Registering to minecraft:block - quark:jasper_vertical_slab
[24Dec2025 19:08:42.624] [main/DEBUG] [quark-zeta/]: Registering to minecraft:block - quark:polished_jasper_vertical_slab
[24Dec2025 19:08:42.624] [main/DEBUG] [quark-zeta/]: Registering to minecraft:block - quark:shale_vertical_slab
[24Dec2025 19:08:42.624] [main/DEBUG] [quark-zeta/]: Registering to minecraft:block - quark:polished_shale_vertical_slab
[24Dec2025 19:08:42.625] [main/DEBUG] [quark-zeta/]: Registering to minecraft:block - quark:myalite_vertical_slab
[24Dec2025 19:08:42.625] [main/DEBUG] [quark-zeta/]: Registering to minecraft:block - quark:polished_myalite_vertical_slab
[24Dec2025 19:08:42.625] [main/DEBUG] [quark-zeta/]: Registering to minecraft:block - quark:permafrost_vertical_slab
[24Dec2025 19:08:42.625] [main/DEBUG] [quark-zeta/]: Registering to minecraft:block - quark:permafrost_bricks_vertical_slab
[24Dec2025 19:08:42.625] [main/DEBUG] [quark-zeta/]: Registering to minecraft:block - quark:raw_iron_bricks_vertical_slab
[24Dec2025 19:08:42.625] [main/DEBUG] [quark-zeta/]: Registering to minecraft:block - quark:raw_gold_bricks_vertical_slab
[24Dec2025 19:08:42.625] [main/DEBUG] [quark-zeta/]: Registering to minecraft:block - quark:raw_copper_bricks_vertical_slab
[24Dec2025 19:08:42.625] [main/DEBUG] [quark-zeta/]: Registering to minecraft:block - quark:shingles_vertical_slab
[24Dec2025 19:08:42.625] [main/DEBUG] [quark-zeta/]: Registering to minecraft:block - quark:white_shingles_vertical_slab
[24Dec2025 19:08:42.625] [main/DEBUG] [quark-zeta/]: Registering to minecraft:block - quark:orange_shingles_vertical_slab
[24Dec2025 19:08:42.625] [main/DEBUG] [quark-zeta/]: Registering to minecraft:block - quark:magenta_shingles_vertical_slab
[24Dec2025 19:08:42.625] [main/DEBUG] [quark-zeta/]: Registering to minecraft:block - quark:light_blue_shingles_vertical_slab
[24Dec2025 19:08:42.625] [main/DEBUG] [quark-zeta/]: Registering to minecraft:block - quark:yellow_shingles_vertical_slab
[24Dec2025 19:08:42.625] [main/DEBUG] [quark-zeta/]: Registering to minecraft:block - quark:lime_shingles_vertical_slab
[24Dec2025 19:08:42.626] [main/DEBUG] [quark-zeta/]: Registering to minecraft:block - quark:pink_shingles_vertical_slab
[24Dec2025 19:08:42.626] [main/DEBUG] [quark-zeta/]: Registering to minecraft:block - quark:gray_shingles_vertical_slab
[24Dec2025 19:08:42.626] [main/DEBUG] [quark-zeta/]: Registering to minecraft:block - quark:light_gray_shingles_vertical_slab
[24Dec2025 19:08:42.626] [main/DEBUG] [quark-zeta/]: Registering to minecraft:block - quark:cyan_shingles_vertical_slab
[24Dec2025 19:08:42.626] [main/DEBUG] [quark-zeta/]: Registering to minecraft:block - quark:purple_shingles_vertical_slab
[24Dec2025 19:08:42.626] [main/DEBUG] [quark-zeta/]: Registering to minecraft:block - quark:blue_shingles_vertical_slab
[24Dec2025 19:08:42.626] [main/DEBUG] [quark-zeta/]: Registering to minecraft:block - quark:brown_shingles_vertical_slab
[24Dec2025 19:08:42.626] [main/DEBUG] [quark-zeta/]: Registering to minecraft:block - quark:green_shingles_vertical_slab
[24Dec2025 19:08:42.626] [main/DEBUG] [quark-zeta/]: Registering to minecraft:block - quark:red_shingles_vertical_slab
[24Dec2025 19:08:42.626] [main/DEBUG] [quark-zeta/]: Registering to minecraft:block - quark:black_shingles_vertical_slab
[24Dec2025 19:08:42.626] [main/DEBUG] [quark-zeta/]: Registering to minecraft:block - quark:soul_sandstone_vertical_slab
[24Dec2025 19:08:42.626] [main/DEBUG] [quark-zeta/]: Registering to minecraft:block - quark:cut_soul_sandstone_vertical_slab
[24Dec2025 19:08:42.626] [main/DEBUG] [quark-zeta/]: Registering to minecraft:block - quark:smooth_soul_sandstone_vertical_slab
[24Dec2025 19:08:42.626] [main/DEBUG] [quark-zeta/]: Registering to minecraft:block - quark:thatch_vertical_slab
[24Dec2025 19:08:42.626] [main/DEBUG] [quark-zeta/]: Registering to minecraft:block - quark:calcite_vertical_slab
[24Dec2025 19:08:42.626] [main/DEBUG] [quark-zeta/]: Registering to minecraft:block - quark:polished_calcite_vertical_slab
[24Dec2025 19:08:42.627] [main/DEBUG] [quark-zeta/]: Registering to minecraft:block - quark:dripstone_block_vertical_slab
[24Dec2025 19:08:42.627] [main/DEBUG] [quark-zeta/]: Registering to minecraft:block - quark:polished_dripstone_vertical_slab
[24Dec2025 19:08:42.627] [main/DEBUG] [quark-zeta/]: Registering to minecraft:block - quark:tuff_vertical_slab
[24Dec2025 19:08:42.627] [main/DEBUG] [quark-zeta/]: Registering to minecraft:block - quark:polished_tuff_vertical_slab
[24Dec2025 19:08:42.627] [main/DEBUG] [quark-zeta/]: Registering to minecraft:block - quark:granite_bricks_vertical_slab
[24Dec2025 19:08:42.627] [main/DEBUG] [quark-zeta/]: Registering to minecraft:block - quark:diorite_bricks_vertical_slab
[24Dec2025 19:08:42.627] [main/DEBUG] [quark-zeta/]: Registering to minecraft:block - quark:andesite_bricks_vertical_slab
[24Dec2025 19:08:42.627] [main/DEBUG] [quark-zeta/]: Registering to minecraft:block - quark:calcite_bricks_vertical_slab
[24Dec2025 19:08:42.627] [main/DEBUG] [quark-zeta/]: Registering to minecraft:block - quark:dripstone_bricks_vertical_slab
[24Dec2025 19:08:42.627] [main/DEBUG] [quark-zeta/]: Registering to minecraft:block - quark:tuff_bricks_vertical_slab
[24Dec2025 19:08:42.627] [main/DEBUG] [quark-zeta/]: Registering to minecraft:block - quark:limestone_bricks_vertical_slab
[24Dec2025 19:08:42.627] [main/DEBUG] [quark-zeta/]: Registering to minecraft:block - quark:jasper_bricks_vertical_slab
[24Dec2025 19:08:42.627] [main/DEBUG] [quark-zeta/]: Registering to minecraft:block - quark:shale_bricks_vertical_slab
[24Dec2025 19:08:42.627] [main/DEBUG] [quark-zeta/]: Registering to minecraft:block - quark:myalite_bricks_vertical_slab
[24Dec2025 19:08:42.643] [main/DEBUG] [quark-zeta/]: Registering to minecraft:mob_effect - quark:resilience
[24Dec2025 19:08:42.652] [main/DEBUG] [quark-zeta/]: Registering to minecraft:particle_type - quark:attractor
[24Dec2025 19:08:42.652] [main/DEBUG] [quark-zeta/]: Registering to minecraft:particle_type - quark:repulsor
[24Dec2025 19:08:42.706] [main/DEBUG] [software.bernie.geckolib.GeckoLib/]: Registered SyncedAnimatable for class com.bobmowzie.mowziesmobs.server.item.ItemEarthrendGauntlet
[24Dec2025 19:08:42.706] [main/DEBUG] [software.bernie.geckolib.GeckoLib/]: Registered SyncedAnimatable for class com.bobmowzie.mowziesmobs.server.item.ItemSculptorStaff
[24Dec2025 19:08:42.758] [main/DEBUG] [quark-zeta/]: Registering to minecraft:item - quark:abacus
[24Dec2025 19:08:42.758] [main/DEBUG] [quark-zeta/]: Registering to minecraft:item - quark:music_disc_drips
[24Dec2025 19:08:42.758] [main/DEBUG] [quark-zeta/]: Registering to minecraft:item - quark:music_disc_ocean
[24Dec2025 19:08:42.758] [main/DEBUG] [quark-zeta/]: Registering to minecraft:item - quark:music_disc_rain
[24Dec2025 19:08:42.758] [main/DEBUG] [quark-zeta/]: Registering to minecraft:item - quark:music_disc_wind
[24Dec2025 19:08:42.758] [main/DEBUG] [quark-zeta/]: Registering to minecraft:item - quark:music_disc_fire
[24Dec2025 19:08:42.758] [main/DEBUG] [quark-zeta/]: Registering to minecraft:item - quark:music_disc_clock
[24Dec2025 19:08:42.758] [main/DEBUG] [quark-zeta/]: Registering to minecraft:item - quark:music_disc_crickets
[24Dec2025 19:08:42.758] [main/DEBUG] [quark-zeta/]: Registering to minecraft:item - quark:music_disc_chatter
[24Dec2025 19:08:42.759] [main/DEBUG] [quark-zeta/]: Registering to minecraft:item - quark:ancient_tome
[24Dec2025 19:08:42.759] [main/DEBUG] [quark-zeta/]: Registering to minecraft:item - quark:ancient_log
[24Dec2025 19:08:42.759] [main/DEBUG] [quark-zeta/]: Registering to minecraft:item - quark:hollow_ancient_log
[24Dec2025 19:08:42.759] [main/DEBUG] [quark-zeta/]: Registering to minecraft:item - quark:ancient_wood
[24Dec2025 19:08:42.759] [main/DEBUG] [quark-zeta/]: Registering to minecraft:item - quark:stripped_ancient_log
[24Dec2025 19:08:42.759] [main/DEBUG] [quark-zeta/]: Registering to minecraft:item - quark:stripped_ancient_wood
[24Dec2025 19:08:42.759] [main/DEBUG] [quark-zeta/]: Registering to minecraft:item - quark:ancient_planks
[24Dec2025 19:08:42.759] [main/DEBUG] [quark-zeta/]: Registering to minecraft:item - quark:vertical_ancient_planks
[24Dec2025 19:08:42.759] [main/DEBUG] [quark-zeta/]: Registering to minecraft:item - quark:ancient_planks_slab
[24Dec2025 19:08:42.759] [main/DEBUG] [quark-zeta/]: Registering to minecraft:item - quark:ancient_planks_stairs
[24Dec2025 19:08:42.759] [main/DEBUG] [quark-zeta/]: Registering to minecraft:item - quark:ancient_fence
[24Dec2025 19:08:42.759] [main/DEBUG] [quark-zeta/]: Registering to minecraft:item - quark:ancient_fence_gate
[24Dec2025 19:08:42.760] [main/DEBUG] [quark-zeta/]: Registering to minecraft:item - quark:ancient_door
[24Dec2025 19:08:42.760] [main/DEBUG] [quark-zeta/]: Registering to minecraft:item - quark:ancient_trapdoor
[24Dec2025 19:08:42.760] [main/DEBUG] [quark-zeta/]: Registering to minecraft:item - quark:ancient_pressure_plate
[24Dec2025 19:08:42.760] [main/DEBUG] [quark-zeta/]: Registering to minecraft:item - quark:ancient_button
[24Dec2025 19:08:42.760] [main/DEBUG] [quark-zeta/]: Registering to minecraft:item - quark:ancient_bookshelf
[24Dec2025 19:08:42.760] [main/DEBUG] [quark-zeta/]: Registering to minecraft:item - quark:ancient_ladder
[24Dec2025 19:08:42.760] [main/DEBUG] [quark-zeta/]: Registering to minecraft:item - quark:ancient_post
[24Dec2025 19:08:42.760] [main/DEBUG] [quark-zeta/]: Registering to minecraft:item - quark:stripped_ancient_post
[24Dec2025 19:08:42.760] [main/DEBUG] [quark-zeta/]: Registering to minecraft:item - quark:ancient_chest
[24Dec2025 19:08:42.760] [main/DEBUG] [quark-zeta/]: Registering to minecraft:item - quark:ancient_trapped_chest
[24Dec2025 19:08:42.760] [main/DEBUG] [quark-zeta/]: Registering to minecraft:item - quark:ancient_sign
[24Dec2025 19:08:42.760] [main/DEBUG] [quark-zeta/]: Registering to minecraft:item - quark:ancient_hanging_sign
[24Dec2025 19:08:42.760] [main/DEBUG] [quark-zeta/]: Registering to minecraft:item - quark:ancient_boat
[24Dec2025 19:08:42.760] [main/DEBUG] [quark-zeta/]: Registering to minecraft:item - quark:ancient_chest_boat
[24Dec2025 19:08:42.760] [main/DEBUG] [quark-zeta/]: Registering to minecraft:item - quark:ancient_leaves
[24Dec2025 19:08:42.760] [main/DEBUG] [quark-zeta/]: Registering to minecraft:item - quark:ancient_sapling
[24Dec2025 19:08:42.760] [main/DEBUG] [quark-zeta/]: Registering to minecraft:item - quark:ancient_fruit
[24Dec2025 19:08:42.760] [main/DEBUG] [quark-zeta/]: Registering to minecraft:item - quark:azalea_log
[24Dec2025 19:08:42.760] [main/DEBUG] [quark-zeta/]: Registering to minecraft:item - quark:hollow_azalea_log
[24Dec2025 19:08:42.760] [main/DEBUG] [quark-zeta/]: Registering to minecraft:item - quark:azalea_wood
[24Dec2025 19:08:42.760] [main/DEBUG] [quark-zeta/]: Registering to minecraft:item - quark:stripped_azalea_log
[24Dec2025 19:08:42.760] [main/DEBUG] [quark-zeta/]: Registering to minecraft:item - quark:stripped_azalea_wood
[24Dec2025 19:08:42.760] [main/DEBUG] [quark-zeta/]: Registering to minecraft:item - quark:azalea_planks
[24Dec2025 19:08:42.761] [main/DEBUG] [quark-zeta/]: Registering to minecraft:item - quark:vertical_azalea_planks
[24Dec2025 19:08:42.761] [main/DEBUG] [quark-zeta/]: Registering to minecraft:item - quark:azalea_planks_slab
[24Dec2025 19:08:42.761] [main/DEBUG] [quark-zeta/]: Registering to minecraft:item - quark:azalea_planks_stairs
[24Dec2025 19:08:42.761] [main/DEBUG] [quark-zeta/]: Registering to minecraft:item - quark:azalea_fence
[24Dec2025 19:08:42.761] [main/DEBUG] [quark-zeta/]: Registering to minecraft:item - quark:azalea_fence_gate
[24Dec2025 19:08:42.761] [main/DEBUG] [quark-zeta/]: Registering to minecraft:item - quark:azalea_door
[24Dec2025 19:08:42.761] [main/DEBUG] [quark-zeta/]: Registering to minecraft:item - quark:azalea_trapdoor
[24Dec2025 19:08:42.761] [main/DEBUG] [quark-zeta/]: Registering to minecraft:item - quark:azalea_pressure_plate
[24Dec2025 19:08:42.761] [main/DEBUG] [quark-zeta/]: Registering to minecraft:item - quark:azalea_button
[24Dec2025 19:08:42.761] [main/DEBUG] [quark-zeta/]: Registering to minecraft:item - quark:azalea_bookshelf
[24Dec2025 19:08:42.761] [main/DEBUG] [quark-zeta/]: Registering to minecraft:item - quark:azalea_ladder
[24Dec2025 19:08:42.761] [main/DEBUG] [quark-zeta/]: Registering to minecraft:item - quark:azalea_post
[24Dec2025 19:08:42.761] [main/DEBUG] [quark-zeta/]: Registering to minecraft:item - quark:stripped_azalea_post
[24Dec2025 19:08:42.761] [main/DEBUG] [quark-zeta/]: Registering to minecraft:item - quark:azalea_chest
[24Dec2025 19:08:42.761] [main/DEBUG] [quark-zeta/]: Registering to minecraft:item - quark:azalea_trapped_chest
[24Dec2025 19:08:42.761] [main/DEBUG] [quark-zeta/]: Registering to minecraft:item - quark:azalea_sign
[24Dec2025 19:08:42.761] [main/DEBUG] [quark-zeta/]: Registering to minecraft:item - quark:azalea_hanging_sign
[24Dec2025 19:08:42.761] [main/DEBUG] [quark-zeta/]: Registering to minecraft:item - quark:azalea_boat
[24Dec2025 19:08:42.761] [main/DEBUG] [quark-zeta/]: Registering to minecraft:item - quark:azalea_chest_boat
[24Dec2025 19:08:42.761] [main/DEBUG] [quark-zeta/]: Registering to minecraft:item - quark:backpack
[24Dec2025 19:08:42.761] [main/DEBUG] [quark-zeta/]: Registering to minecraft:item - quark:ravager_hide
[24Dec2025 19:08:42.761] [main/DEBUG] [quark-zeta/]: Registering to minecraft:item - quark:bonded_ravager_hide
[24Dec2025 19:08:42.761] [main/DEBUG] [quark-zeta/]: Registering to minecraft:item - quark:blossom_log
[24Dec2025 19:08:42.762] [main/DEBUG] [quark-zeta/]: Registering to minecraft:item - quark:hollow_blossom_log
[24Dec2025 19:08:42.762] [main/DEBUG] [quark-zeta/]: Registering to minecraft:item - quark:blossom_wood
[24Dec2025 19:08:42.762] [main/DEBUG] [quark-zeta/]: Registering to minecraft:item - quark:stripped_blossom_log
[24Dec2025 19:08:42.762] [main/DEBUG] [quark-zeta/]: Registering to minecraft:item - quark:stripped_blossom_wood
[24Dec2025 19:08:42.762] [main/DEBUG] [quark-zeta/]: Registering to minecraft:item - quark:blossom_planks
[24Dec2025 19:08:42.762] [main/DEBUG] [quark-zeta/]: Registering to minecraft:item - quark:vertical_blossom_planks
[24Dec2025 19:08:42.762] [main/DEBUG] [quark-zeta/]: Registering to minecraft:item - quark:blossom_planks_slab
[24Dec2025 19:08:42.762] [main/DEBUG] [quark-zeta/]: Registering to minecraft:item - quark:blossom_planks_stairs
[24Dec2025 19:08:42.762] [main/DEBUG] [quark-zeta/]: Registering to minecraft:item - quark:blossom_fence
[24Dec2025 19:08:42.762] [main/DEBUG] [quark-zeta/]: Registering to minecraft:item - quark:blossom_fence_gate
[24Dec2025 19:08:42.762] [main/DEBUG] [quark-zeta/]: Registering to minecraft:item - quark:blossom_door
[24Dec2025 19:08:42.762] [main/DEBUG] [quark-zeta/]: Registering to minecraft:item - quark:blossom_trapdoor
[24Dec2025 19:08:42.762] [main/DEBUG] [quark-zeta/]: Registering to minecraft:item - quark:blossom_pressure_plate
[24Dec2025 19:08:42.762] [main/DEBUG] [quark-zeta/]: Registering to minecraft:item - quark:blossom_button
[24Dec2025 19:08:42.762] [main/DEBUG] [quark-zeta/]: Registering to minecraft:item - quark:blossom_bookshelf
[24Dec2025 19:08:42.762] [main/DEBUG] [quark-zeta/]: Registering to minecraft:item - quark:blossom_ladder
[24Dec2025 19:08:42.762] [main/DEBUG] [quark-zeta/]: Registering to minecraft:item - quark:blossom_post
[24Dec2025 19:08:42.762] [main/DEBUG] [quark-zeta/]: Registering to minecraft:item - quark:stripped_blossom_post
[24Dec2025 19:08:42.762] [main/DEBUG] [quark-zeta/]: Registering to minecraft:item - quark:blossom_chest
[24Dec2025 19:08:42.762] [main/DEBUG] [quark-zeta/]: Registering to minecraft:item - quark:blossom_trapped_chest
[24Dec2025 19:08:42.762] [main/DEBUG] [quark-zeta/]: Registering to minecraft:item - quark:blossom_sign
[24Dec2025 19:08:42.762] [main/DEBUG] [quark-zeta/]: Registering to minecraft:item - quark:blossom_hanging_sign
[24Dec2025 19:08:42.762] [main/DEBUG] [quark-zeta/]: Registering to minecraft:item - quark:blossom_boat
[24Dec2025 19:08:42.762] [main/DEBUG] [quark-zeta/]: Registering to minecraft:item - quark:blossom_chest_boat
[24Dec2025 19:08:42.763] [main/DEBUG] [quark-zeta/]: Registering to minecraft:item - quark:blue_blossom_leaves
[24Dec2025 19:08:42.763] [main/DEBUG] [quark-zeta/]: Registering to minecraft:item - quark:blue_blossom_sapling
[24Dec2025 19:08:42.763] [main/DEBUG] [quark-zeta/]: Registering to minecraft:item - quark:lavender_blossom_leaves
[24Dec2025 19:08:42.763] [main/DEBUG] [quark-zeta/]: Registering to minecraft:item - quark:lavender_blossom_sapling
[24Dec2025 19:08:42.763] [main/DEBUG] [quark-zeta/]: Registering to minecraft:item - quark:orange_blossom_leaves
[24Dec2025 19:08:42.763] [main/DEBUG] [quark-zeta/]: Registering to minecraft:item - quark:orange_blossom_sapling
[24Dec2025 19:08:42.763] [main/DEBUG] [quark-zeta/]: Registering to minecraft:item - quark:yellow_blossom_leaves
[24Dec2025 19:08:42.763] [main/DEBUG] [quark-zeta/]: Registering to minecraft:item - quark:yellow_blossom_sapling
[24Dec2025 19:08:42.763] [main/DEBUG] [quark-zeta/]: Registering to minecraft:item - quark:red_blossom_leaves
[24Dec2025 19:08:42.763] [main/DEBUG] [quark-zeta/]: Registering to minecraft:item - quark:red_blossom_sapling
[24Dec2025 19:08:42.763] [main/DEBUG] [quark-zeta/]: Registering to minecraft:item - quark:cloud
[24Dec2025 19:08:42.763] [main/DEBUG] [quark-zeta/]: Registering to minecraft:item - quark:bottled_cloud
[24Dec2025 19:08:42.763] [main/DEBUG] [quark-zeta/]: Registering to minecraft:item - quark:stone_lamp
[24Dec2025 19:08:42.763] [main/DEBUG] [quark-zeta/]: Registering to minecraft:item - quark:stone_brick_lamp
[24Dec2025 19:08:42.763] [main/DEBUG] [quark-zeta/]: Registering to minecraft:item - quark:chorus_weeds
[24Dec2025 19:08:42.763] [main/DEBUG] [quark-zeta/]: Registering to minecraft:item - quark:chorus_twist
[24Dec2025 19:08:42.763] [main/DEBUG] [quark-zeta/]: Registering to minecraft:item - quark:chute
[24Dec2025 19:08:42.763] [main/DEBUG] [quark-zeta/]: Registering to minecraft:item - quark:smithing_template_rune
[24Dec2025 19:08:42.763] [main/DEBUG] [quark-zeta/]: Registering to minecraft:item - quark:charcoal_block
[24Dec2025 19:08:42.763] [main/DEBUG] [quark-zeta/]: Registering to minecraft:item - quark:sugar_cane_block
[24Dec2025 19:08:42.763] [main/DEBUG] [quark-zeta/]: Registering to minecraft:item - quark:cactus_block
[24Dec2025 19:08:42.763] [main/DEBUG] [quark-zeta/]: Registering to minecraft:item - quark:chorus_fruit_block
[24Dec2025 19:08:42.763] [main/DEBUG] [quark-zeta/]: Registering to minecraft:item - quark:stick_block
[24Dec2025 19:08:42.763] [main/DEBUG] [quark-zeta/]: Registering to minecraft:item - quark:golden_apple_crate
[24Dec2025 19:08:42.764] [main/DEBUG] [quark-zeta/]: Registering to minecraft:item - quark:apple_crate
[24Dec2025 19:08:42.764] [main/DEBUG] [quark-zeta/]: Registering to minecraft:item - quark:potato_crate
[24Dec2025 19:08:42.764] [main/DEBUG] [quark-zeta/]: Registering to minecraft:item - quark:carrot_crate
[24Dec2025 19:08:42.764] [main/DEBUG] [quark-zeta/]: Registering to minecraft:item - quark:golden_carrot_crate
[24Dec2025 19:08:42.764] [main/DEBUG] [quark-zeta/]: Registering to minecraft:item - quark:beetroot_crate
[24Dec2025 19:08:42.764] [main/DEBUG] [quark-zeta/]: Registering to minecraft:item - quark:cocoa_beans_sack
[24Dec2025 19:08:42.764] [main/DEBUG] [quark-zeta/]: Registering to minecraft:item - quark:nether_wart_sack
[24Dec2025 19:08:42.764] [main/DEBUG] [quark-zeta/]: Registering to minecraft:item - quark:gunpowder_sack
[24Dec2025 19:08:42.764] [main/DEBUG] [quark-zeta/]: Registering to minecraft:item - quark:berry_sack
[24Dec2025 19:08:42.764] [main/DEBUG] [quark-zeta/]: Registering to minecraft:item - quark:glowberry_sack
[24Dec2025 19:08:42.764] [main/DEBUG] [quark-zeta/]: Registering to minecraft:item - quark:blaze_lantern
[24Dec2025 19:08:42.764] [main/DEBUG] [quark-zeta/]: Registering to minecraft:item - quark:bonded_leather
[24Dec2025 19:08:42.764] [main/DEBUG] [quark-zeta/]: Registering to minecraft:item - quark:bonded_rabbit_hide
[24Dec2025 19:08:42.764] [main/DEBUG] [quark-zeta/]: Registering to minecraft:item - quark:red_corundum
[24Dec2025 19:08:42.764] [main/DEBUG] [quark-zeta/]: Registering to minecraft:item - quark:waxed_red_corundum
[24Dec2025 19:08:42.764] [main/DEBUG] [quark-zeta/]: Registering to minecraft:item - quark:red_corundum_pane
[24Dec2025 19:08:42.764] [main/DEBUG] [quark-zeta/]: Registering to minecraft:item - quark:red_corundum_cluster
[24Dec2025 19:08:42.764] [main/DEBUG] [quark-zeta/]: Registering to minecraft:item - quark:orange_corundum
[24Dec2025 19:08:42.764] [main/DEBUG] [quark-zeta/]: Registering to minecraft:item - quark:waxed_orange_corundum
[24Dec2025 19:08:42.764] [main/DEBUG] [quark-zeta/]: Registering to minecraft:item - quark:orange_corundum_pane
[24Dec2025 19:08:42.765] [main/DEBUG] [quark-zeta/]: Registering to minecraft:item - quark:orange_corundum_cluster
[24Dec2025 19:08:42.765] [main/DEBUG] [quark-zeta/]: Registering to minecraft:item - quark:yellow_corundum
[24Dec2025 19:08:42.765] [main/DEBUG] [quark-zeta/]: Registering to minecraft:item - quark:waxed_yellow_corundum
[24Dec2025 19:08:42.765] [main/DEBUG] [quark-zeta/]: Registering to minecraft:item - quark:yellow_corundum_pane
[24Dec2025 19:08:42.765] [main/DEBUG] [quark-zeta/]: Registering to minecraft:item - quark:yellow_corundum_cluster
[24Dec2025 19:08:42.765] [main/DEBUG] [quark-zeta/]: Registering to minecraft:item - quark:green_corundum
[24Dec2025 19:08:42.765] [main/DEBUG] [quark-zeta/]: Registering to minecraft:item - quark:waxed_green_corundum
[24Dec2025 19:08:42.765] [main/DEBUG] [quark-zeta/]: Registering to minecraft:item - quark:green_corundum_pane
[24Dec2025 19:08:42.765] [main/DEBUG] [quark-zeta/]: Registering to minecraft:item - quark:green_corundum_cluster
[24Dec2025 19:08:42.765] [main/DEBUG] [quark-zeta/]: Registering to minecraft:item - quark:blue_corundum
[24Dec2025 19:08:42.765] [main/DEBUG] [quark-zeta/]: Registering to minecraft:item - quark:waxed_blue_corundum
[24Dec2025 19:08:42.765] [main/DEBUG] [quark-zeta/]: Registering to minecraft:item - quark:blue_corundum_pane
[24Dec2025 19:08:42.765] [main/DEBUG] [quark-zeta/]: Registering to minecraft:item - quark:blue_corundum_cluster
[24Dec2025 19:08:42.765] [main/DEBUG] [quark-zeta/]: Registering to minecraft:item - quark:indigo_corundum
[24Dec2025 19:08:42.765] [main/DEBUG] [quark-zeta/]: Registering to minecraft:item - quark:waxed_indigo_corundum
[24Dec2025 19:08:42.765] [main/DEBUG] [quark-zeta/]: Registering to minecraft:item - quark:indigo_corundum_pane
[24Dec2025 19:08:42.765] [main/DEBUG] [quark-zeta/]: Registering to minecraft:item - quark:indigo_corundum_cluster
[24Dec2025 19:08:42.765] [main/DEBUG] [quark-zeta/]: Registering to minecraft:item - quark:violet_corundum
[24Dec2025 19:08:42.765] [main/DEBUG] [quark-zeta/]: Registering to minecraft:item - quark:waxed_violet_corundum
[24Dec2025 19:08:42.765] [main/DEBUG] [quark-zeta/]: Registering to minecraft:item - quark:violet_corundum_pane
[24Dec2025 19:08:42.766] [main/DEBUG] [quark-zeta/]: Registering to minecraft:item - quark:violet_corundum_cluster
[24Dec2025 19:08:42.766] [main/DEBUG] [quark-zeta/]: Registering to minecraft:item - quark:white_corundum
[24Dec2025 19:08:42.766] [main/DEBUG] [quark-zeta/]: Registering to minecraft:item - quark:waxed_white_corundum
[24Dec2025 19:08:42.766] [main/DEBUG] [quark-zeta/]: Registering to minecraft:item - quark:white_corundum_pane
[24Dec2025 19:08:42.766] [main/DEBUG] [quark-zeta/]: Registering to minecraft:item - quark:white_corundum_cluster
[24Dec2025 19:08:42.766] [main/DEBUG] [quark-zeta/]: Registering to minecraft:item - quark:black_corundum
[24Dec2025 19:08:42.766] [main/DEBUG] [quark-zeta/]: Registering to minecraft:item - quark:waxed_black_corundum
[24Dec2025 19:08:42.766] [main/DEBUG] [quark-zeta/]: Registering to minecraft:item - quark:black_corundum_pane
[24Dec2025 19:08:42.766] [main/DEBUG] [quark-zeta/]: Registering to minecraft:item - quark:black_corundum_cluster
[24Dec2025 19:08:42.766] [main/DEBUG] [quark-zeta/]: Registering to minecraft:item - quark:crab_leg
[24Dec2025 19:08:42.766] [main/DEBUG] [quark-zeta/]: Registering to minecraft:item - quark:cooked_crab_leg
[24Dec2025 19:08:42.766] [main/DEBUG] [quark-zeta/]: Registering to minecraft:item - quark:crab_shell
[24Dec2025 19:08:42.766] [main/DEBUG] [quark-zeta/]: Registering to minecraft:item - quark:crab_bucket
[24Dec2025 19:08:42.766] [main/DEBUG] [quark-zeta/]: Registering to minecraft:item - quark:crab_spawn_egg
[24Dec2025 19:08:42.766] [main/DEBUG] [quark-zeta/]: Registering to minecraft:item - quark:crafter
[24Dec2025 19:08:42.766] [main/DEBUG] [quark-zeta/]: Registering to minecraft:item - quark:crate
[24Dec2025 19:08:42.766] [main/DEBUG] [quark-zeta/]: Registering to minecraft:item - quark:dragon_scale
[24Dec2025 19:08:42.766] [main/DEBUG] [quark-zeta/]: Registering to minecraft:item - quark:duskbound_block
[24Dec2025 19:08:42.766] [main/DEBUG] [quark-zeta/]: Registering to minecraft:item - quark:duskbound_lantern
[24Dec2025 19:08:42.766] [main/DEBUG] [quark-zeta/]: Registering to minecraft:item - quark:duskbound_block_slab
[24Dec2025 19:08:42.766] [main/DEBUG] [quark-zeta/]: Registering to minecraft:item - quark:duskbound_block_stairs
[24Dec2025 19:08:42.766] [main/DEBUG] [quark-zeta/]: Registering to minecraft:item - quark:ender_watcher
[24Dec2025 19:08:42.767] [main/DEBUG] [quark-zeta/]: Registering to minecraft:item - quark:music_disc_endermosh
[24Dec2025 19:08:42.767] [main/DEBUG] [quark-zeta/]: Registering to minecraft:item - quark:feeding_trough
[24Dec2025 19:08:42.767] [main/DEBUG] [quark-zeta/]: Registering to minecraft:item - quark:forgotten_hat
[24Dec2025 19:08:42.767] [main/DEBUG] [quark-zeta/]: Registering to minecraft:item - quark:forgotten_spawn_egg
[24Dec2025 19:08:42.767] [main/DEBUG] [quark-zeta/]: Registering to minecraft:item - quark:foxhound_spawn_egg
[24Dec2025 19:08:42.767] [main/DEBUG] [quark-zeta/]: Registering to minecraft:item - quark:framed_glass
[24Dec2025 19:08:42.767] [main/DEBUG] [quark-zeta/]: Registering to minecraft:item - quark:framed_glass_pane
[24Dec2025 19:08:42.767] [main/DEBUG] [quark-zeta/]: Registering to minecraft:item - quark:white_framed_glass
[24Dec2025 19:08:42.767] [main/DEBUG] [quark-zeta/]: Registering to minecraft:item - quark:light_gray_framed_glass
[24Dec2025 19:08:42.767] [main/DEBUG] [quark-zeta/]: Registering to minecraft:item - quark:gray_framed_glass
[24Dec2025 19:08:42.767] [main/DEBUG] [quark-zeta/]: Registering to minecraft:item - quark:black_framed_glass
[24Dec2025 19:08:42.767] [main/DEBUG] [quark-zeta/]: Registering to minecraft:item - quark:brown_framed_glass
[24Dec2025 19:08:42.767] [main/DEBUG] [quark-zeta/]: Registering to minecraft:item - quark:red_framed_glass
[24Dec2025 19:08:42.767] [main/DEBUG] [quark-zeta/]: Registering to minecraft:item - quark:orange_framed_glass
[24Dec2025 19:08:42.767] [main/DEBUG] [quark-zeta/]: Registering to minecraft:item - quark:yellow_framed_glass
[24Dec2025 19:08:42.767] [main/DEBUG] [quark-zeta/]: Registering to minecraft:item - quark:lime_framed_glass
[24Dec2025 19:08:42.767] [main/DEBUG] [quark-zeta/]: Registering to minecraft:item - quark:green_framed_glass
[24Dec2025 19:08:42.767] [main/DEBUG] [quark-zeta/]: Registering to minecraft:item - quark:cyan_framed_glass
[24Dec2025 19:08:42.767] [main/DEBUG] [quark-zeta/]: Registering to minecraft:item - quark:light_blue_framed_glass
[24Dec2025 19:08:42.767] [main/DEBUG] [quark-zeta/]: Registering to minecraft:item - quark:blue_framed_glass
[24Dec2025 19:08:42.768] [main/DEBUG] [quark-zeta/]: Registering to minecraft:item - quark:purple_framed_glass
[24Dec2025 19:08:42.768] [main/DEBUG] [quark-zeta/]: Registering to minecraft:item - quark:magenta_framed_glass
[24Dec2025 19:08:42.768] [main/DEBUG] [quark-zeta/]: Registering to minecraft:item - quark:pink_framed_glass
[24Dec2025 19:08:42.768] [main/DEBUG] [quark-zeta/]: Registering to minecraft:item - quark:white_framed_glass_pane
[24Dec2025 19:08:42.768] [main/DEBUG] [quark-zeta/]: Registering to minecraft:item - quark:light_gray_framed_glass_pane
[24Dec2025 19:08:42.768] [main/DEBUG] [quark-zeta/]: Registering to minecraft:item - quark:gray_framed_glass_pane
[24Dec2025 19:08:42.768] [main/DEBUG] [quark-zeta/]: Registering to minecraft:item - quark:black_framed_glass_pane
[24Dec2025 19:08:42.768] [main/DEBUG] [quark-zeta/]: Registering to minecraft:item - quark:brown_framed_glass_pane
[24Dec2025 19:08:42.768] [main/DEBUG] [quark-zeta/]: Registering to minecraft:item - quark:red_framed_glass_pane
[24Dec2025 19:08:42.768] [main/DEBUG] [quark-zeta/]: Registering to minecraft:item - quark:orange_framed_glass_pane
[24Dec2025 19:08:42.768] [main/DEBUG] [quark-zeta/]: Registering to minecraft:item - quark:yellow_framed_glass_pane
[24Dec2025 19:08:42.768] [main/DEBUG] [quark-zeta/]: Registering to minecraft:item - quark:lime_framed_glass_pane
[24Dec2025 19:08:42.768] [main/DEBUG] [quark-zeta/]: Registering to minecraft:item - quark:green_framed_glass_pane
[24Dec2025 19:08:42.768] [main/DEBUG] [quark-zeta/]: Registering to minecraft:item - quark:cyan_framed_glass_pane
[24Dec2025 19:08:42.768] [main/DEBUG] [quark-zeta/]: Registering to minecraft:item - quark:light_blue_framed_glass_pane
[24Dec2025 19:08:42.768] [main/DEBUG] [quark-zeta/]: Registering to minecraft:item - quark:blue_framed_glass_pane
[24Dec2025 19:08:42.768] [main/DEBUG] [quark-zeta/]: Registering to minecraft:item - quark:purple_framed_glass_pane
[24Dec2025 19:08:42.768] [main/DEBUG] [quark-zeta/]: Registering to minecraft:item - quark:magenta_framed_glass_pane
[24Dec2025 19:08:42.768] [main/DEBUG] [quark-zeta/]: Registering to minecraft:item - quark:pink_framed_glass_pane
[24Dec2025 19:08:42.768] [main/DEBUG] [quark-zeta/]: Registering to minecraft:item - quark:glass_item_frame
[24Dec2025 19:08:42.768] [main/DEBUG] [quark-zeta/]: Registering to minecraft:item - quark:glowing_glass_item_frame
[24Dec2025 19:08:42.768] [main/DEBUG] [quark-zeta/]: Registering to minecraft:item - quark:dirty_glass
[24Dec2025 19:08:42.768] [main/DEBUG] [quark-zeta/]: Registering to minecraft:item - quark:dirty_glass_pane
[24Dec2025 19:08:42.769] [main/DEBUG] [quark-zeta/]: Registering to minecraft:item - quark:clear_shard
[24Dec2025 19:08:42.769] [main/DEBUG] [quark-zeta/]: Registering to minecraft:item - quark:dirty_shard
[24Dec2025 19:08:42.769] [main/DEBUG] [quark-zeta/]: Registering to minecraft:item - quark:white_shard
[24Dec2025 19:08:42.769] [main/DEBUG] [quark-zeta/]: Registering to minecraft:item - quark:light_gray_shard
[24Dec2025 19:08:42.769] [main/DEBUG] [quark-zeta/]: Registering to minecraft:item - quark:gray_shard
[24Dec2025 19:08:42.769] [main/DEBUG] [quark-zeta/]: Registering to minecraft:item - quark:black_shard
[24Dec2025 19:08:42.769] [main/DEBUG] [quark-zeta/]: Registering to minecraft:item - quark:brown_shard
[24Dec2025 19:08:42.769] [main/DEBUG] [quark-zeta/]: Registering to minecraft:item - quark:red_shard
[24Dec2025 19:08:42.769] [main/DEBUG] [quark-zeta/]: Registering to minecraft:item - quark:orange_shard
[24Dec2025 19:08:42.769] [main/DEBUG] [quark-zeta/]: Registering to minecraft:item - quark:yellow_shard
[24Dec2025 19:08:42.769] [main/DEBUG] [quark-zeta/]: Registering to minecraft:item - quark:lime_shard
[24Dec2025 19:08:42.769] [main/DEBUG] [quark-zeta/]: Registering to minecraft:item - quark:green_shard
[24Dec2025 19:08:42.769] [main/DEBUG] [quark-zeta/]: Registering to minecraft:item - quark:cyan_shard
[24Dec2025 19:08:42.769] [main/DEBUG] [quark-zeta/]: Registering to minecraft:item - quark:light_blue_shard
[24Dec2025 19:08:42.769] [main/DEBUG] [quark-zeta/]: Registering to minecraft:item - quark:blue_shard
[24Dec2025 19:08:42.769] [main/DEBUG] [quark-zeta/]: Registering to minecraft:item - quark:purple_shard
[24Dec2025 19:08:42.769] [main/DEBUG] [quark-zeta/]: Registering to minecraft:item - quark:magenta_shard
[24Dec2025 19:08:42.769] [main/DEBUG] [quark-zeta/]: Registering to minecraft:item - quark:pink_shard
[24Dec2025 19:08:42.769] [main/DEBUG] [quark-zeta/]: Registering to minecraft:item - quark:glow_shroom
[24Dec2025 19:08:42.769] [main/DEBUG] [quark-zeta/]: Registering to minecraft:item - quark:glow_shroom_block
[24Dec2025 19:08:42.769] [main/DEBUG] [quark-zeta/]: Registering to minecraft:item - quark:glow_shroom_stem
[24Dec2025 19:08:42.769] [main/DEBUG] [quark-zeta/]: Registering to minecraft:item - quark:glow_shroom_ring
[24Dec2025 19:08:42.769] [main/DEBUG] [quark-zeta/]: Registering to minecraft:item - quark:glow_lichen_growth
[24Dec2025 19:08:42.769] [main/DEBUG] [quark-zeta/]: Registering to minecraft:item - quark:gold_bars
[24Dec2025 19:08:42.769] [main/DEBUG] [quark-zeta/]: Registering to minecraft:item - quark:grate
[24Dec2025 19:08:42.769] [main/DEBUG] [quark-zeta/]: Registering to minecraft:item - quark:gravisand
[24Dec2025 19:08:42.770] [main/DEBUG] [quark-zeta/]: Registering to minecraft:item - quark:oak_hedge
[24Dec2025 19:08:42.770] [main/DEBUG] [quark-zeta/]: Registering to minecraft:item - quark:spruce_hedge
[24Dec2025 19:08:42.770] [main/DEBUG] [quark-zeta/]: Registering to minecraft:item - quark:birch_hedge
[24Dec2025 19:08:42.770] [main/DEBUG] [quark-zeta/]: Registering to minecraft:item - quark:jungle_hedge
[24Dec2025 19:08:42.770] [main/DEBUG] [quark-zeta/]: Registering to minecraft:item - quark:acacia_hedge
[24Dec2025 19:08:42.770] [main/DEBUG] [quark-zeta/]: Registering to minecraft:item - quark:dark_oak_hedge
[24Dec2025 19:08:42.770] [main/DEBUG] [quark-zeta/]: Registering to minecraft:item - quark:mangrove_hedge
[24Dec2025 19:08:42.770] [main/DEBUG] [quark-zeta/]: Registering to minecraft:item - quark:cherry_hedge
[24Dec2025 19:08:42.770] [main/DEBUG] [quark-zeta/]: Registering to minecraft:item - quark:azalea_hedge
[24Dec2025 19:08:42.770] [main/DEBUG] [quark-zeta/]: Registering to minecraft:item - quark:flowering_azalea_hedge
[24Dec2025 19:08:42.770] [main/DEBUG] [quark-zeta/]: Registering to minecraft:item - quark:hollow_oak_log
[24Dec2025 19:08:42.770] [main/DEBUG] [quark-zeta/]: Registering to minecraft:item - quark:hollow_spruce_log
[24Dec2025 19:08:42.770] [main/DEBUG] [quark-zeta/]: Registering to minecraft:item - quark:hollow_birch_log
[24Dec2025 19:08:42.770] [main/DEBUG] [quark-zeta/]: Registering to minecraft:item - quark:hollow_jungle_log
[24Dec2025 19:08:42.770] [main/DEBUG] [quark-zeta/]: Registering to minecraft:item - quark:hollow_acacia_log
[24Dec2025 19:08:42.770] [main/DEBUG] [quark-zeta/]: Registering to minecraft:item - quark:hollow_dark_oak_log
[24Dec2025 19:08:42.770] [main/DEBUG] [quark-zeta/]: Registering to minecraft:item - quark:hollow_crimson_stem
[24Dec2025 19:08:42.771] [main/DEBUG] [quark-zeta/]: Registering to minecraft:item - quark:hollow_warped_stem
[24Dec2025 19:08:42.771] [main/DEBUG] [quark-zeta/]: Registering to minecraft:item - quark:hollow_mangrove_log
[24Dec2025 19:08:42.771] [main/DEBUG] [quark-zeta/]: Registering to minecraft:item - quark:hollow_cherry_log
[24Dec2025 19:08:42.771] [main/DEBUG] [quark-zeta/]: Registering to minecraft:item - quark:iron_plate
[24Dec2025 19:08:42.771] [main/DEBUG] [quark-zeta/]: Registering to minecraft:item - quark:rusty_iron_plate
[24Dec2025 19:08:42.771] [main/DEBUG] [quark-zeta/]: Registering to minecraft:item - quark:iron_pillar
[24Dec2025 19:08:42.771] [main/DEBUG] [quark-zeta/]: Registering to minecraft:item - quark:iron_plate_slab
[24Dec2025 19:08:42.771] [main/DEBUG] [quark-zeta/]: Registering to minecraft:item - quark:iron_plate_stairs
[24Dec2025 19:08:42.771] [main/DEBUG] [quark-zeta/]: Registering to minecraft:item - quark:rusty_iron_plate_slab
[24Dec2025 19:08:42.771] [main/DEBUG] [quark-zeta/]: Registering to minecraft:item - quark:rusty_iron_plate_stairs
[24Dec2025 19:08:42.771] [main/DEBUG] [quark-zeta/]: Registering to minecraft:item - quark:iron_ladder
[24Dec2025 19:08:42.771] [main/DEBUG] [quark-zeta/]: Registering to minecraft:item - quark:iron_rod
[24Dec2025 19:08:42.771] [main/DEBUG] [quark-zeta/]: Registering to minecraft:item - quark:paper_lantern
[24Dec2025 19:08:42.771] [main/DEBUG] [quark-zeta/]: Registering to minecraft:item - quark:paper_lantern_sakura
[24Dec2025 19:08:42.771] [main/DEBUG] [quark-zeta/]: Registering to minecraft:item - quark:paper_wall
[24Dec2025 19:08:42.771] [main/DEBUG] [quark-zeta/]: Registering to minecraft:item - quark:paper_wall_big
[24Dec2025 19:08:42.771] [main/DEBUG] [quark-zeta/]: Registering to minecraft:item - quark:paper_wall_sakura
[24Dec2025 19:08:42.771] [main/DEBUG] [quark-zeta/]: Registering to minecraft:item - quark:bamboo_mat
[24Dec2025 19:08:42.771] [main/DEBUG] [quark-zeta/]: Registering to minecraft:item - quark:bamboo_mat_carpet
[24Dec2025 19:08:42.771] [main/DEBUG] [quark-zeta/]: Registering to minecraft:item - quark:oak_leaf_carpet
[24Dec2025 19:08:42.772] [main/DEBUG] [quark-zeta/]: Registering to minecraft:item - quark:spruce_leaf_carpet
[24Dec2025 19:08:42.772] [main/DEBUG] [quark-zeta/]: Registering to minecraft:item - quark:birch_leaf_carpet
[24Dec2025 19:08:42.772] [main/DEBUG] [quark-zeta/]: Registering to minecraft:item - quark:jungle_leaf_carpet
[24Dec2025 19:08:42.772] [main/DEBUG] [quark-zeta/]: Registering to minecraft:item - quark:acacia_leaf_carpet
[24Dec2025 19:08:42.772] [main/DEBUG] [quark-zeta/]: Registering to minecraft:item - quark:dark_oak_leaf_carpet
[24Dec2025 19:08:42.772] [main/DEBUG] [quark-zeta/]: Registering to minecraft:item - quark:mangrove_leaf_carpet
[24Dec2025 19:08:42.772] [main/DEBUG] [quark-zeta/]: Registering to minecraft:item - quark:cherry_leaf_carpet
[24Dec2025 19:08:42.772] [main/DEBUG] [quark-zeta/]: Registering to minecraft:item - quark:azalea_leaf_carpet
[24Dec2025 19:08:42.772] [main/DEBUG] [quark-zeta/]: Registering to minecraft:item - quark:flowering_azalea_leaf_carpet
[24Dec2025 19:08:42.772] [main/DEBUG] [quark-zeta/]: Registering to minecraft:item - quark:magnet
[24Dec2025 19:08:42.772] [main/DEBUG] [quark-zeta/]: Registering to minecraft:item - quark:magnetized_block
[24Dec2025 19:08:42.772] [main/DEBUG] [quark-zeta/]: Registering to minecraft:item - quark:matrix_enchanter
[24Dec2025 19:08:42.772] [main/DEBUG] [quark-zeta/]: Registering to minecraft:item - quark:iron_button
[24Dec2025 19:08:42.772] [main/DEBUG] [quark-zeta/]: Registering to minecraft:item - quark:gold_button
[24Dec2025 19:08:42.772] [main/DEBUG] [quark-zeta/]: Registering to minecraft:item - quark:moss_paste
[24Dec2025 19:08:42.772] [main/DEBUG] [quark-zeta/]: Registering to minecraft:item - quark:midori_block
[24Dec2025 19:08:42.772] [main/DEBUG] [quark-zeta/]: Registering to minecraft:item - quark:midori_pillar
[24Dec2025 19:08:42.772] [main/DEBUG] [quark-zeta/]: Registering to minecraft:item - quark:midori_block_slab
[24Dec2025 19:08:42.772] [main/DEBUG] [quark-zeta/]: Registering to minecraft:item - quark:midori_block_stairs
[24Dec2025 19:08:42.772] [main/DEBUG] [quark-zeta/]: Registering to minecraft:item - quark:monster_box
[24Dec2025 19:08:42.772] [main/DEBUG] [quark-zeta/]: Registering to minecraft:item - quark:blue_nether_bricks
[24Dec2025 19:08:42.772] [main/DEBUG] [quark-zeta/]: Registering to minecraft:item - quark:blue_nether_bricks_wall
[24Dec2025 19:08:42.772] [main/DEBUG] [quark-zeta/]: Registering to minecraft:item - quark:blue_nether_bricks_slab
[24Dec2025 19:08:42.772] [main/DEBUG] [quark-zeta/]: Registering to minecraft:item - quark:blue_nether_bricks_stairs
[24Dec2025 19:08:42.772] [main/DEBUG] [quark-zeta/]: Registering to minecraft:item - quark:sandstone_bricks
[24Dec2025 19:08:42.773] [main/DEBUG] [quark-zeta/]: Registering to minecraft:item - quark:sandstone_bricks_wall
[24Dec2025 19:08:42.773] [main/DEBUG] [quark-zeta/]: Registering to minecraft:item - quark:sandstone_bricks_slab
[24Dec2025 19:08:42.773] [main/DEBUG] [quark-zeta/]: Registering to minecraft:item - quark:sandstone_bricks_stairs
[24Dec2025 19:08:42.773] [main/DEBUG] [quark-zeta/]: Registering to minecraft:item - quark:red_sandstone_bricks
[24Dec2025 19:08:42.773] [main/DEBUG] [quark-zeta/]: Registering to minecraft:item - quark:red_sandstone_bricks_wall
[24Dec2025 19:08:42.773] [main/DEBUG] [quark-zeta/]: Registering to minecraft:item - quark:red_sandstone_bricks_slab
[24Dec2025 19:08:42.773] [main/DEBUG] [quark-zeta/]: Registering to minecraft:item - quark:red_sandstone_bricks_stairs
[24Dec2025 19:08:42.773] [main/DEBUG] [quark-zeta/]: Registering to minecraft:item - quark:soul_sandstone_bricks
[24Dec2025 19:08:42.773] [main/DEBUG] [quark-zeta/]: Registering to minecraft:item - quark:soul_sandstone_bricks_wall
[24Dec2025 19:08:42.773] [main/DEBUG] [quark-zeta/]: Registering to minecraft:item - quark:soul_sandstone_bricks_slab
[24Dec2025 19:08:42.773] [main/DEBUG] [quark-zeta/]: Registering to minecraft:item - quark:soul_sandstone_bricks_stairs
[24Dec2025 19:08:42.773] [main/DEBUG] [quark-zeta/]: Registering to minecraft:item - quark:cobblestone_bricks
[24Dec2025 19:08:42.773] [main/DEBUG] [quark-zeta/]: Registering to minecraft:item - quark:cobblestone_bricks_wall
[24Dec2025 19:08:42.773] [main/DEBUG] [quark-zeta/]: Registering to minecraft:item - quark:cobblestone_bricks_slab
[24Dec2025 19:08:42.773] [main/DEBUG] [quark-zeta/]: Registering to minecraft:item - quark:cobblestone_bricks_stairs
[24Dec2025 19:08:42.773] [main/DEBUG] [quark-zeta/]: Registering to minecraft:item - quark:mossy_cobblestone_bricks
[24Dec2025 19:08:42.773] [main/DEBUG] [quark-zeta/]: Registering to minecraft:item - quark:mossy_cobblestone_bricks_wall
[24Dec2025 19:08:42.773] [main/DEBUG] [quark-zeta/]: Registering to minecraft:item - quark:mossy_cobblestone_bricks_slab
[24Dec2025 19:08:42.773] [main/DEBUG] [quark-zeta/]: Registering to minecraft:item - quark:mossy_cobblestone_bricks_stairs
[24Dec2025 19:08:42.773] [main/DEBUG] [quark-zeta/]: Registering to minecraft:item - quark:blackstone_bricks
[24Dec2025 19:08:42.774] [main/DEBUG] [quark-zeta/]: Registering to minecraft:item - quark:blackstone_bricks_wall
[24Dec2025 19:08:42.774] [main/DEBUG] [quark-zeta/]: Registering to minecraft:item - quark:blackstone_bricks_slab
[24Dec2025 19:08:42.774] [main/DEBUG] [quark-zeta/]: Registering to minecraft:item - quark:blackstone_bricks_stairs
[24Dec2025 19:08:42.774] [main/DEBUG] [quark-zeta/]: Registering to minecraft:item - quark:dirt_bricks
[24Dec2025 19:08:42.774] [main/DEBUG] [quark-zeta/]: Registering to minecraft:item - quark:dirt_bricks_wall
[24Dec2025 19:08:42.774] [main/DEBUG] [quark-zeta/]: Registering to minecraft:item - quark:dirt_bricks_slab
[24Dec2025 19:08:42.774] [main/DEBUG] [quark-zeta/]: Registering to minecraft:item - quark:dirt_bricks_stairs
[24Dec2025 19:08:42.774] [main/DEBUG] [quark-zeta/]: Registering to minecraft:item - quark:netherrack_bricks
[24Dec2025 19:08:42.774] [main/DEBUG] [quark-zeta/]: Registering to minecraft:item - quark:netherrack_bricks_wall
[24Dec2025 19:08:42.774] [main/DEBUG] [quark-zeta/]: Registering to minecraft:item - quark:netherrack_bricks_slab
[24Dec2025 19:08:42.774] [main/DEBUG] [quark-zeta/]: Registering to minecraft:item - quark:netherrack_bricks_stairs
[24Dec2025 19:08:42.774] [main/DEBUG] [quark-zeta/]: Registering to minecraft:item - quark:carved_mud_bricks
[24Dec2025 19:08:42.774] [main/DEBUG] [quark-zeta/]: Registering to minecraft:item - quark:mud_pillar
[24Dec2025 19:08:42.774] [main/DEBUG] [quark-zeta/]: Registering to minecraft:item - quark:mud_brick_lattice
[24Dec2025 19:08:42.774] [main/DEBUG] [quark-zeta/]: Registering to minecraft:item - quark:nether_brick_fence_gate
[24Dec2025 19:08:42.774] [main/DEBUG] [quark-zeta/]: Registering to minecraft:item - quark:limestone
[24Dec2025 19:08:42.774] [main/DEBUG] [quark-zeta/]: Registering to minecraft:item - quark:polished_limestone
[24Dec2025 19:08:42.774] [main/DEBUG] [quark-zeta/]: Registering to minecraft:item - quark:limestone_wall
[24Dec2025 19:08:42.774] [main/DEBUG] [quark-zeta/]: Registering to minecraft:item - quark:limestone_slab
[24Dec2025 19:08:42.774] [main/DEBUG] [quark-zeta/]: Registering to minecraft:item - quark:limestone_stairs
[24Dec2025 19:08:42.774] [main/DEBUG] [quark-zeta/]: Registering to minecraft:item - quark:polished_limestone_slab
[24Dec2025 19:08:42.774] [main/DEBUG] [quark-zeta/]: Registering to minecraft:item - quark:polished_limestone_stairs
[24Dec2025 19:08:42.774] [main/DEBUG] [quark-zeta/]: Registering to minecraft:item - quark:jasper
[24Dec2025 19:08:42.775] [main/DEBUG] [quark-zeta/]: Registering to minecraft:item - quark:polished_jasper
[24Dec2025 19:08:42.775] [main/DEBUG] [quark-zeta/]: Registering to minecraft:item - quark:jasper_wall
[24Dec2025 19:08:42.775] [main/DEBUG] [quark-zeta/]: Registering to minecraft:item - quark:jasper_slab
[24Dec2025 19:08:42.775] [main/DEBUG] [quark-zeta/]: Registering to minecraft:item - quark:jasper_stairs
[24Dec2025 19:08:42.775] [main/DEBUG] [quark-zeta/]: Registering to minecraft:item - quark:polished_jasper_slab
[24Dec2025 19:08:42.775] [main/DEBUG] [quark-zeta/]: Registering to minecraft:item - quark:polished_jasper_stairs
[24Dec2025 19:08:42.775] [main/DEBUG] [quark-zeta/]: Registering to minecraft:item - quark:shale
[24Dec2025 19:08:42.775] [main/DEBUG] [quark-zeta/]: Registering to minecraft:item - quark:polished_shale
[24Dec2025 19:08:42.775] [main/DEBUG] [quark-zeta/]: Registering to minecraft:item - quark:shale_wall
[24Dec2025 19:08:42.775] [main/DEBUG] [quark-zeta/]: Registering to minecraft:item - quark:shale_slab
[24Dec2025 19:08:42.775] [main/DEBUG] [quark-zeta/]: Registering to minecraft:item - quark:shale_stairs
[24Dec2025 19:08:42.775] [main/DEBUG] [quark-zeta/]: Registering to minecraft:item - quark:polished_shale_slab
[24Dec2025 19:08:42.775] [main/DEBUG] [quark-zeta/]: Registering to minecraft:item - quark:polished_shale_stairs
[24Dec2025 19:08:42.775] [main/DEBUG] [quark-zeta/]: Registering to minecraft:item - quark:myalite
[24Dec2025 19:08:42.775] [main/DEBUG] [quark-zeta/]: Registering to minecraft:item - quark:polished_myalite
[24Dec2025 19:08:42.775] [main/DEBUG] [quark-zeta/]: Registering to minecraft:item - quark:myalite_wall
[24Dec2025 19:08:42.775] [main/DEBUG] [quark-zeta/]: Registering to minecraft:item - quark:myalite_slab
[24Dec2025 19:08:42.775] [main/DEBUG] [quark-zeta/]: Registering to minecraft:item - quark:myalite_stairs
[24Dec2025 19:08:42.775] [main/DEBUG] [quark-zeta/]: Registering to minecraft:item - quark:polished_myalite_slab
[24Dec2025 19:08:42.775] [main/DEBUG] [quark-zeta/]: Registering to minecraft:item - quark:polished_myalite_stairs
[24Dec2025 19:08:42.775] [main/DEBUG] [quark-zeta/]: Registering to minecraft:item - quark:obsidian_pressure_plate
[24Dec2025 19:08:42.775] [main/DEBUG] [quark-zeta/]: Registering to minecraft:item - quark:egg_parrot_red_blue
[24Dec2025 19:08:42.775] [main/DEBUG] [quark-zeta/]: Registering to minecraft:item - quark:egg_parrot_blue
[24Dec2025 19:08:42.776] [main/DEBUG] [quark-zeta/]: Registering to minecraft:item - quark:egg_parrot_green
[24Dec2025 19:08:42.776] [main/DEBUG] [quark-zeta/]: Registering to minecraft:item - quark:egg_parrot_yellow_blue
[24Dec2025 19:08:42.776] [main/DEBUG] [quark-zeta/]: Registering to minecraft:item - quark:egg_parrot_gray
[24Dec2025 19:08:42.776] [main/DEBUG] [quark-zeta/]: Registering to minecraft:item - quark:pathfinders_quill
[24Dec2025 19:08:42.776] [main/DEBUG] [quark-zeta/]: Registering to minecraft:item - quark:permafrost
[24Dec2025 19:08:42.776] [main/DEBUG] [quark-zeta/]: Registering to minecraft:item - quark:permafrost_wall
[24Dec2025 19:08:42.776] [main/DEBUG] [quark-zeta/]: Registering to minecraft:item - quark:permafrost_slab
[24Dec2025 19:08:42.776] [main/DEBUG] [quark-zeta/]: Registering to minecraft:item - quark:permafrost_stairs
[24Dec2025 19:08:42.776] [main/DEBUG] [quark-zeta/]: Registering to minecraft:item - quark:permafrost_bricks
[24Dec2025 19:08:42.776] [main/DEBUG] [quark-zeta/]: Registering to minecraft:item - quark:permafrost_bricks_wall
[24Dec2025 19:08:42.776] [main/DEBUG] [quark-zeta/]: Registering to minecraft:item - quark:permafrost_bricks_slab
[24Dec2025 19:08:42.776] [main/DEBUG] [quark-zeta/]: Registering to minecraft:item - quark:permafrost_bricks_stairs
[24Dec2025 19:08:42.776] [main/DEBUG] [quark-zeta/]: Registering to minecraft:item - quark:pickarang
[24Dec2025 19:08:42.776] [main/DEBUG] [quark-zeta/]: Registering to minecraft:item - quark:flamerang
[24Dec2025 19:08:42.776] [main/DEBUG] [quark-zeta/]: Registering to minecraft:item - quark:pipe
[24Dec2025 19:08:42.776] [main/DEBUG] [quark-zeta/]: Registering to minecraft:item - quark:encased_pipe
[24Dec2025 19:08:42.776] [main/DEBUG] [quark-zeta/]: Registering to minecraft:item - quark:red_crystal_lamp
[24Dec2025 19:08:42.776] [main/DEBUG] [quark-zeta/]: Registering to minecraft:item - quark:orange_crystal_lamp
[24Dec2025 19:08:42.776] [main/DEBUG] [quark-zeta/]: Registering to minecraft:item - quark:yellow_crystal_lamp
[24Dec2025 19:08:42.776] [main/DEBUG] [quark-zeta/]: Registering to minecraft:item - quark:green_crystal_lamp
[24Dec2025 19:08:42.776] [main/DEBUG] [quark-zeta/]: Registering to minecraft:item - quark:blue_crystal_lamp
[24Dec2025 19:08:42.776] [main/DEBUG] [quark-zeta/]: Registering to minecraft:item - quark:indigo_crystal_lamp
[24Dec2025 19:08:42.776] [main/DEBUG] [quark-zeta/]: Registering to minecraft:item - quark:violet_crystal_lamp
[24Dec2025 19:08:42.776] [main/DEBUG] [quark-zeta/]: Registering to minecraft:item - quark:white_crystal_lamp
[24Dec2025 19:08:42.776] [main/DEBUG] [quark-zeta/]: Registering to minecraft:item - quark:black_crystal_lamp
[24Dec2025 19:08:42.777] [main/DEBUG] [quark-zeta/]: Registering to minecraft:item - quark:raw_iron_bricks
[24Dec2025 19:08:42.777] [main/DEBUG] [quark-zeta/]: Registering to minecraft:item - quark:raw_gold_bricks
[24Dec2025 19:08:42.777] [main/DEBUG] [quark-zeta/]: Registering to minecraft:item - quark:raw_copper_bricks
[24Dec2025 19:08:42.777] [main/DEBUG] [quark-zeta/]: Registering to minecraft:item - quark:raw_iron_bricks_wall
[24Dec2025 19:08:42.777] [main/DEBUG] [quark-zeta/]: Registering to minecraft:item - quark:raw_iron_bricks_slab
[24Dec2025 19:08:42.777] [main/DEBUG] [quark-zeta/]: Registering to minecraft:item - quark:raw_iron_bricks_stairs
[24Dec2025 19:08:42.777] [main/DEBUG] [quark-zeta/]: Registering to minecraft:item - quark:raw_gold_bricks_wall
[24Dec2025 19:08:42.777] [main/DEBUG] [quark-zeta/]: Registering to minecraft:item - quark:raw_gold_bricks_slab
[24Dec2025 19:08:42.777] [main/DEBUG] [quark-zeta/]: Registering to minecraft:item - quark:raw_gold_bricks_stairs
[24Dec2025 19:08:42.777] [main/DEBUG] [quark-zeta/]: Registering to minecraft:item - quark:raw_copper_bricks_wall
[24Dec2025 19:08:42.777] [main/DEBUG] [quark-zeta/]: Registering to minecraft:item - quark:raw_copper_bricks_slab
[24Dec2025 19:08:42.777] [main/DEBUG] [quark-zeta/]: Registering to minecraft:item - quark:raw_copper_bricks_stairs
[24Dec2025 19:08:42.777] [main/DEBUG] [quark-zeta/]: Registering to minecraft:item - quark:redstone_randomizer
[24Dec2025 19:08:42.777] [main/DEBUG] [quark-zeta/]: Registering to minecraft:item - quark:rope
[24Dec2025 19:08:42.777] [main/DEBUG] [quark-zeta/]: Registering to minecraft:item - quark:seed_pouch
[24Dec2025 19:08:42.777] [main/DEBUG] [quark-zeta/]: Registering to minecraft:item - quark:cut_vine
[24Dec2025 19:08:42.777] [main/DEBUG] [quark-zeta/]: Registering to minecraft:item - quark:shiba_spawn_egg
[24Dec2025 19:08:42.777] [main/DEBUG] [quark-zeta/]: Registering to minecraft:item - quark:shingles
[24Dec2025 19:08:42.777] [main/DEBUG] [quark-zeta/]: Registering to minecraft:item - quark:shingles_slab
[24Dec2025 19:08:42.777] [main/DEBUG] [quark-zeta/]: Registering to minecraft:item - quark:shingles_stairs
[24Dec2025 19:08:42.777] [main/DEBUG] [quark-zeta/]: Registering to minecraft:item - quark:white_shingles
[24Dec2025 19:08:42.777] [main/DEBUG] [quark-zeta/]: Registering to minecraft:item - quark:white_shingles_slab
[24Dec2025 19:08:42.778] [main/DEBUG] [quark-zeta/]: Registering to minecraft:item - quark:white_shingles_stairs
[24Dec2025 19:08:42.778] [main/DEBUG] [quark-zeta/]: Registering to minecraft:item - quark:orange_shingles
[24Dec2025 19:08:42.778] [main/DEBUG] [quark-zeta/]: Registering to minecraft:item - quark:orange_shingles_slab
[24Dec2025 19:08:42.778] [main/DEBUG] [quark-zeta/]: Registering to minecraft:item - quark:orange_shingles_stairs
[24Dec2025 19:08:42.778] [main/DEBUG] [quark-zeta/]: Registering to minecraft:item - quark:magenta_shingles
[24Dec2025 19:08:42.778] [main/DEBUG] [quark-zeta/]: Registering to minecraft:item - quark:magenta_shingles_slab
[24Dec2025 19:08:42.778] [main/DEBUG] [quark-zeta/]: Registering to minecraft:item - quark:magenta_shingles_stairs
[24Dec2025 19:08:42.778] [main/DEBUG] [quark-zeta/]: Registering to minecraft:item - quark:light_blue_shingles
[24Dec2025 19:08:42.778] [main/DEBUG] [quark-zeta/]: Registering to minecraft:item - quark:light_blue_shingles_slab
[24Dec2025 19:08:42.778] [main/DEBUG] [quark-zeta/]: Registering to minecraft:item - quark:light_blue_shingles_stairs
[24Dec2025 19:08:42.778] [main/DEBUG] [quark-zeta/]: Registering to minecraft:item - quark:yellow_shingles
[24Dec2025 19:08:42.778] [main/DEBUG] [quark-zeta/]: Registering to minecraft:item - quark:yellow_shingles_slab
[24Dec2025 19:08:42.778] [main/DEBUG] [quark-zeta/]: Registering to minecraft:item - quark:yellow_shingles_stairs
[24Dec2025 19:08:42.778] [main/DEBUG] [quark-zeta/]: Registering to minecraft:item - quark:lime_shingles
[24Dec2025 19:08:42.778] [main/DEBUG] [quark-zeta/]: Registering to minecraft:item - quark:lime_shingles_slab
[24Dec2025 19:08:42.778] [main/DEBUG] [quark-zeta/]: Registering to minecraft:item - quark:lime_shingles_stairs
[24Dec2025 19:08:42.778] [main/DEBUG] [quark-zeta/]: Registering to minecraft:item - quark:pink_shingles
[24Dec2025 19:08:42.778] [main/DEBUG] [quark-zeta/]: Registering to minecraft:item - quark:pink_shingles_slab
[24Dec2025 19:08:42.778] [main/DEBUG] [quark-zeta/]: Registering to minecraft:item - quark:pink_shingles_stairs
[24Dec2025 19:08:42.778] [main/DEBUG] [quark-zeta/]: Registering to minecraft:item - quark:gray_shingles
[24Dec2025 19:08:42.778] [main/DEBUG] [quark-zeta/]: Registering to minecraft:item - quark:gray_shingles_slab
[24Dec2025 19:08:42.778] [main/DEBUG] [quark-zeta/]: Registering to minecraft:item - quark:gray_shingles_stairs
[24Dec2025 19:08:42.778] [main/DEBUG] [quark-zeta/]: Registering to minecraft:item - quark:light_gray_shingles
[24Dec2025 19:08:42.779] [main/DEBUG] [quark-zeta/]: Registering to minecraft:item - quark:light_gray_shingles_slab
[24Dec2025 19:08:42.779] [main/DEBUG] [quark-zeta/]: Registering to minecraft:item - quark:light_gray_shingles_stairs
[24Dec2025 19:08:42.779] [main/DEBUG] [quark-zeta/]: Registering to minecraft:item - quark:cyan_shingles
[24Dec2025 19:08:42.779] [main/DEBUG] [quark-zeta/]: Registering to minecraft:item - quark:cyan_shingles_slab
[24Dec2025 19:08:42.779] [main/DEBUG] [quark-zeta/]: Registering to minecraft:item - quark:cyan_shingles_stairs
[24Dec2025 19:08:42.779] [main/DEBUG] [quark-zeta/]: Registering to minecraft:item - quark:purple_shingles
[24Dec2025 19:08:42.779] [main/DEBUG] [quark-zeta/]: Registering to minecraft:item - quark:purple_shingles_slab
[24Dec2025 19:08:42.779] [main/DEBUG] [quark-zeta/]: Registering to minecraft:item - quark:purple_shingles_stairs
[24Dec2025 19:08:42.779] [main/DEBUG] [quark-zeta/]: Registering to minecraft:item - quark:blue_shingles
[24Dec2025 19:08:42.779] [main/DEBUG] [quark-zeta/]: Registering to minecraft:item - quark:blue_shingles_slab
[24Dec2025 19:08:42.779] [main/DEBUG] [quark-zeta/]: Registering to minecraft:item - quark:blue_shingles_stairs
[24Dec2025 19:08:42.779] [main/DEBUG] [quark-zeta/]: Registering to minecraft:item - quark:brown_shingles
[24Dec2025 19:08:42.779] [main/DEBUG] [quark-zeta/]: Registering to minecraft:item - quark:brown_shingles_slab
[24Dec2025 19:08:42.779] [main/DEBUG] [quark-zeta/]: Registering to minecraft:item - quark:brown_shingles_stairs
[24Dec2025 19:08:42.779] [main/DEBUG] [quark-zeta/]: Registering to minecraft:item - quark:green_shingles
[24Dec2025 19:08:42.779] [main/DEBUG] [quark-zeta/]: Registering to minecraft:item - quark:green_shingles_slab
[24Dec2025 19:08:42.779] [main/DEBUG] [quark-zeta/]: Registering to minecraft:item - quark:green_shingles_stairs
[24Dec2025 19:08:42.779] [main/DEBUG] [quark-zeta/]: Registering to minecraft:item - quark:red_shingles
[24Dec2025 19:08:42.779] [main/DEBUG] [quark-zeta/]: Registering to minecraft:item - quark:red_shingles_slab
[24Dec2025 19:08:42.779] [main/DEBUG] [quark-zeta/]: Registering to minecraft:item - quark:red_shingles_stairs
[24Dec2025 19:08:42.779] [main/DEBUG] [quark-zeta/]: Registering to minecraft:item - quark:black_shingles
[24Dec2025 19:08:42.779] [main/DEBUG] [quark-zeta/]: Registering to minecraft:item - quark:black_shingles_slab
[24Dec2025 19:08:42.779] [main/DEBUG] [quark-zeta/]: Registering to minecraft:item - quark:black_shingles_stairs
[24Dec2025 19:08:42.780] [main/DEBUG] [quark-zeta/]: Registering to minecraft:item - quark:slime_in_a_bucket
[24Dec2025 19:08:42.780] [main/DEBUG] [quark-zeta/]: Registering to minecraft:item - quark:soul_sandstone
[24Dec2025 19:08:42.780] [main/DEBUG] [quark-zeta/]: Registering to minecraft:item - quark:soul_sandstone_wall
[24Dec2025 19:08:42.780] [main/DEBUG] [quark-zeta/]: Registering to minecraft:item - quark:soul_sandstone_slab
[24Dec2025 19:08:42.780] [main/DEBUG] [quark-zeta/]: Registering to minecraft:item - quark:soul_sandstone_stairs
[24Dec2025 19:08:42.780] [main/DEBUG] [quark-zeta/]: Registering to minecraft:item - quark:chiseled_soul_sandstone
[24Dec2025 19:08:42.780] [main/DEBUG] [quark-zeta/]: Registering to minecraft:item - quark:cut_soul_sandstone
[24Dec2025 19:08:42.780] [main/DEBUG] [quark-zeta/]: Registering to minecraft:item - quark:cut_soul_sandstone_slab
[24Dec2025 19:08:42.780] [main/DEBUG] [quark-zeta/]: Registering to minecraft:item - quark:smooth_soul_sandstone
[24Dec2025 19:08:42.780] [main/DEBUG] [quark-zeta/]: Registering to minecraft:item - quark:smooth_soul_sandstone_slab
[24Dec2025 19:08:42.780] [main/DEBUG] [quark-zeta/]: Registering to minecraft:item - quark:smooth_soul_sandstone_stairs
[24Dec2025 19:08:42.780] [main/DEBUG] [quark-zeta/]: Registering to minecraft:item - quark:dusky_myalite
[24Dec2025 19:08:42.780] [main/DEBUG] [quark-zeta/]: Registering to minecraft:item - quark:myalite_crystal
[24Dec2025 19:08:42.780] [main/DEBUG] [quark-zeta/]: Registering to minecraft:item - quark:diamond_heart
[24Dec2025 19:08:42.780] [main/DEBUG] [quark-zeta/]: Registering to minecraft:item - quark:stoneling_spawn_egg
[24Dec2025 19:08:42.780] [main/DEBUG] [quark-zeta/]: Registering to minecraft:item - quark:white_stool
[24Dec2025 19:08:42.780] [main/DEBUG] [quark-zeta/]: Registering to minecraft:item - quark:light_gray_stool
[24Dec2025 19:08:42.780] [main/DEBUG] [quark-zeta/]: Registering to minecraft:item - quark:gray_stool
[24Dec2025 19:08:42.780] [main/DEBUG] [quark-zeta/]: Registering to minecraft:item - quark:black_stool
[24Dec2025 19:08:42.780] [main/DEBUG] [quark-zeta/]: Registering to minecraft:item - quark:brown_stool
[24Dec2025 19:08:42.780] [main/DEBUG] [quark-zeta/]: Registering to minecraft:item - quark:red_stool
[24Dec2025 19:08:42.780] [main/DEBUG] [quark-zeta/]: Registering to minecraft:item - quark:orange_stool
[24Dec2025 19:08:42.780] [main/DEBUG] [quark-zeta/]: Registering to minecraft:item - quark:yellow_stool
[24Dec2025 19:08:42.780] [main/DEBUG] [quark-zeta/]: Registering to minecraft:item - quark:lime_stool
[24Dec2025 19:08:42.780] [main/DEBUG] [quark-zeta/]: Registering to minecraft:item - quark:green_stool
[24Dec2025 19:08:42.780] [main/DEBUG] [quark-zeta/]: Registering to minecraft:item - quark:cyan_stool
[24Dec2025 19:08:42.781] [main/DEBUG] [quark-zeta/]: Registering to minecraft:item - quark:light_blue_stool
[24Dec2025 19:08:42.781] [main/DEBUG] [quark-zeta/]: Registering to minecraft:item - quark:blue_stool
[24Dec2025 19:08:42.781] [main/DEBUG] [quark-zeta/]: Registering to minecraft:item - quark:purple_stool
[24Dec2025 19:08:42.781] [main/DEBUG] [quark-zeta/]: Registering to minecraft:item - quark:magenta_stool
[24Dec2025 19:08:42.781] [main/DEBUG] [quark-zeta/]: Registering to minecraft:item - quark:pink_stool
[24Dec2025 19:08:42.781] [main/DEBUG] [quark-zeta/]: Registering to minecraft:item - quark:sturdy_stone
[24Dec2025 19:08:42.781] [main/DEBUG] [quark-zeta/]: Registering to minecraft:item - quark:thatch
[24Dec2025 19:08:42.781] [main/DEBUG] [quark-zeta/]: Registering to minecraft:item - quark:thatch_slab
[24Dec2025 19:08:42.781] [main/DEBUG] [quark-zeta/]: Registering to minecraft:item - quark:thatch_stairs
[24Dec2025 19:08:42.781] [main/DEBUG] [quark-zeta/]: Registering to minecraft:item - quark:tiny_potato
[24Dec2025 19:08:42.781] [main/DEBUG] [quark-zeta/]: Registering to minecraft:item - quark:torch_arrow
[24Dec2025 19:08:42.781] [main/DEBUG] [quark-zeta/]: Registering to minecraft:item - quark:toretoise_spawn_egg
[24Dec2025 19:08:42.781] [main/DEBUG] [quark-zeta/]: Registering to minecraft:item - quark:trowel
[24Dec2025 19:08:42.781] [main/DEBUG] [quark-zeta/]: Registering to minecraft:item - quark:spruce_bookshelf
[24Dec2025 19:08:42.781] [main/DEBUG] [quark-zeta/]: Registering to minecraft:item - quark:birch_bookshelf
[24Dec2025 19:08:42.781] [main/DEBUG] [quark-zeta/]: Registering to minecraft:item - quark:jungle_bookshelf
[24Dec2025 19:08:42.781] [main/DEBUG] [quark-zeta/]: Registering to minecraft:item - quark:acacia_bookshelf
[24Dec2025 19:08:42.782] [main/DEBUG] [quark-zeta/]: Registering to minecraft:item - quark:dark_oak_bookshelf
[24Dec2025 19:08:42.782] [main/DEBUG] [quark-zeta/]: Registering to minecraft:item - quark:crimson_bookshelf
[24Dec2025 19:08:42.782] [main/DEBUG] [quark-zeta/]: Registering to minecraft:item - quark:warped_bookshelf
[24Dec2025 19:08:42.782] [main/DEBUG] [quark-zeta/]: Registering to minecraft:item - quark:mangrove_bookshelf
[24Dec2025 19:08:42.782] [main/DEBUG] [quark-zeta/]: Registering to minecraft:item - quark:bamboo_bookshelf
[24Dec2025 19:08:42.782] [main/DEBUG] [quark-zeta/]: Registering to minecraft:item - quark:cherry_bookshelf
[24Dec2025 19:08:42.782] [main/DEBUG] [quark-zeta/]: Registering to minecraft:item - quark:oak_chest
[24Dec2025 19:08:42.782] [main/DEBUG] [quark-zeta/]: Registering to minecraft:item - quark:oak_trapped_chest
[24Dec2025 19:08:42.782] [main/DEBUG] [quark-zeta/]: Registering to minecraft:item - quark:spruce_chest
[24Dec2025 19:08:42.782] [main/DEBUG] [quark-zeta/]: Registering to minecraft:item - quark:spruce_trapped_chest
[24Dec2025 19:08:42.782] [main/DEBUG] [quark-zeta/]: Registering to minecraft:item - quark:birch_chest
[24Dec2025 19:08:42.782] [main/DEBUG] [quark-zeta/]: Registering to minecraft:item - quark:birch_trapped_chest
[24Dec2025 19:08:42.782] [main/DEBUG] [quark-zeta/]: Registering to minecraft:item - quark:jungle_chest
[24Dec2025 19:08:42.782] [main/DEBUG] [quark-zeta/]: Registering to minecraft:item - quark:jungle_trapped_chest
[24Dec2025 19:08:42.782] [main/DEBUG] [quark-zeta/]: Registering to minecraft:item - quark:acacia_chest
[24Dec2025 19:08:42.782] [main/DEBUG] [quark-zeta/]: Registering to minecraft:item - quark:acacia_trapped_chest
[24Dec2025 19:08:42.782] [main/DEBUG] [quark-zeta/]: Registering to minecraft:item - quark:dark_oak_chest
[24Dec2025 19:08:42.782] [main/DEBUG] [quark-zeta/]: Registering to minecraft:item - quark:dark_oak_trapped_chest
[24Dec2025 19:08:42.782] [main/DEBUG] [quark-zeta/]: Registering to minecraft:item - quark:crimson_chest
[24Dec2025 19:08:42.782] [main/DEBUG] [quark-zeta/]: Registering to minecraft:item - quark:crimson_trapped_chest
[24Dec2025 19:08:42.782] [main/DEBUG] [quark-zeta/]: Registering to minecraft:item - quark:warped_chest
[24Dec2025 19:08:42.782] [main/DEBUG] [quark-zeta/]: Registering to minecraft:item - quark:warped_trapped_chest
[24Dec2025 19:08:42.782] [main/DEBUG] [quark-zeta/]: Registering to minecraft:item - quark:mangrove_chest
[24Dec2025 19:08:42.782] [main/DEBUG] [quark-zeta/]: Registering to minecraft:item - quark:mangrove_trapped_chest
[24Dec2025 19:08:42.782] [main/DEBUG] [quark-zeta/]: Registering to minecraft:item - quark:bamboo_chest
[24Dec2025 19:08:42.782] [main/DEBUG] [quark-zeta/]: Registering to minecraft:item - quark:bamboo_trapped_chest
[24Dec2025 19:08:42.782] [main/DEBUG] [quark-zeta/]: Registering to minecraft:item - quark:cherry_chest
[24Dec2025 19:08:42.782] [main/DEBUG] [quark-zeta/]: Registering to minecraft:item - quark:cherry_trapped_chest
[24Dec2025 19:08:42.782] [main/DEBUG] [quark-zeta/]: Registering to minecraft:item - quark:nether_brick_chest
[24Dec2025 19:08:42.782] [main/DEBUG] [quark-zeta/]: Registering to minecraft:item - quark:nether_brick_trapped_chest
[24Dec2025 19:08:42.783] [main/DEBUG] [quark-zeta/]: Registering to minecraft:item - quark:purpur_chest
[24Dec2025 19:08:42.783] [main/DEBUG] [quark-zeta/]: Registering to minecraft:item - quark:purpur_trapped_chest
[24Dec2025 19:08:42.783] [main/DEBUG] [quark-zeta/]: Registering to minecraft:item - quark:prismarine_chest
[24Dec2025 19:08:42.783] [main/DEBUG] [quark-zeta/]: Registering to minecraft:item - quark:prismarine_trapped_chest
[24Dec2025 19:08:42.783] [main/DEBUG] [quark-zeta/]: Registering to minecraft:item - quark:deepslate_furnace
[24Dec2025 19:08:42.783] [main/DEBUG] [quark-zeta/]: Registering to minecraft:item - quark:blackstone_furnace
[24Dec2025 19:08:42.783] [main/DEBUG] [quark-zeta/]: Registering to minecraft:item - quark:spruce_ladder
[24Dec2025 19:08:42.783] [main/DEBUG] [quark-zeta/]: Registering to minecraft:item - quark:birch_ladder
[24Dec2025 19:08:42.783] [main/DEBUG] [quark-zeta/]: Registering to minecraft:item - quark:jungle_ladder
[24Dec2025 19:08:42.783] [main/DEBUG] [quark-zeta/]: Registering to minecraft:item - quark:acacia_ladder
[24Dec2025 19:08:42.783] [main/DEBUG] [quark-zeta/]: Registering to minecraft:item - quark:dark_oak_ladder
[24Dec2025 19:08:42.783] [main/DEBUG] [quark-zeta/]: Registering to minecraft:item - quark:crimson_ladder
[24Dec2025 19:08:42.783] [main/DEBUG] [quark-zeta/]: Registering to minecraft:item - quark:warped_ladder
[24Dec2025 19:08:42.783] [main/DEBUG] [quark-zeta/]: Registering to minecraft:item - quark:mangrove_ladder
[24Dec2025 19:08:42.783] [main/DEBUG] [quark-zeta/]: Registering to minecraft:item - quark:bamboo_ladder
[24Dec2025 19:08:42.783] [main/DEBUG] [quark-zeta/]: Registering to minecraft:item - quark:cherry_ladder
[24Dec2025 19:08:42.783] [main/DEBUG] [quark-zeta/]: Registering to minecraft:item - quark:hammer
[24Dec2025 19:08:42.783] [main/DEBUG] [quark-zeta/]: Registering to minecraft:item - quark:vertical_oak_planks
[24Dec2025 19:08:42.783] [main/DEBUG] [quark-zeta/]: Registering to minecraft:item - quark:vertical_spruce_planks
[24Dec2025 19:08:42.783] [main/DEBUG] [quark-zeta/]: Registering to minecraft:item - quark:vertical_birch_planks
[24Dec2025 19:08:42.783] [main/DEBUG] [quark-zeta/]: Registering to minecraft:item - quark:vertical_jungle_planks
[24Dec2025 19:08:42.783] [main/DEBUG] [quark-zeta/]: Registering to minecraft:item - quark:vertical_acacia_planks
[24Dec2025 19:08:42.783] [main/DEBUG] [quark-zeta/]: Registering to minecraft:item - quark:vertical_dark_oak_planks
[24Dec2025 19:08:42.783] [main/DEBUG] [quark-zeta/]: Registering to minecraft:item - quark:vertical_crimson_planks
[24Dec2025 19:08:42.783] [main/DEBUG] [quark-zeta/]: Registering to minecraft:item - quark:vertical_warped_planks
[24Dec2025 19:08:42.784] [main/DEBUG] [quark-zeta/]: Registering to minecraft:item - quark:vertical_mangrove_planks
[24Dec2025 19:08:42.784] [main/DEBUG] [quark-zeta/]: Registering to minecraft:item - quark:vertical_bamboo_planks
[24Dec2025 19:08:42.784] [main/DEBUG] [quark-zeta/]: Registering to minecraft:item - quark:vertical_cherry_planks
[24Dec2025 19:08:42.784] [main/DEBUG] [quark-zeta/]: Registering to minecraft:item - quark:oak_post
[24Dec2025 19:08:42.784] [main/DEBUG] [quark-zeta/]: Registering to minecraft:item - quark:stripped_oak_post
[24Dec2025 19:08:42.784] [main/DEBUG] [quark-zeta/]: Registering to minecraft:item - quark:spruce_post
[24Dec2025 19:08:42.784] [main/DEBUG] [quark-zeta/]: Registering to minecraft:item - quark:stripped_spruce_post
[24Dec2025 19:08:42.784] [main/DEBUG] [quark-zeta/]: Registering to minecraft:item - quark:birch_post
[24Dec2025 19:08:42.784] [main/DEBUG] [quark-zeta/]: Registering to minecraft:item - quark:stripped_birch_post
[24Dec2025 19:08:42.784] [main/DEBUG] [quark-zeta/]: Registering to minecraft:item - quark:jungle_post
[24Dec2025 19:08:42.784] [main/DEBUG] [quark-zeta/]: Registering to minecraft:item - quark:stripped_jungle_post
[24Dec2025 19:08:42.784] [main/DEBUG] [quark-zeta/]: Registering to minecraft:item - quark:acacia_post
[24Dec2025 19:08:42.784] [main/DEBUG] [quark-zeta/]: Registering to minecraft:item - quark:stripped_acacia_post
[24Dec2025 19:08:42.784] [main/DEBUG] [quark-zeta/]: Registering to minecraft:item - quark:dark_oak_post
[24Dec2025 19:08:42.784] [main/DEBUG] [quark-zeta/]: Registering to minecraft:item - quark:stripped_dark_oak_post
[24Dec2025 19:08:42.784] [main/DEBUG] [quark-zeta/]: Registering to minecraft:item - quark:crimson_post
[24Dec2025 19:08:42.784] [main/DEBUG] [quark-zeta/]: Registering to minecraft:item - quark:stripped_crimson_post
[24Dec2025 19:08:42.784] [main/DEBUG] [quark-zeta/]: Registering to minecraft:item - quark:warped_post
[24Dec2025 19:08:42.784] [main/DEBUG] [quark-zeta/]: Registering to minecraft:item - quark:stripped_warped_post
[24Dec2025 19:08:42.784] [main/DEBUG] [quark-zeta/]: Registering to minecraft:item - quark:mangrove_post
[24Dec2025 19:08:42.784] [main/DEBUG] [quark-zeta/]: Registering to minecraft:item - quark:stripped_mangrove_post
[24Dec2025 19:08:42.784] [main/DEBUG] [quark-zeta/]: Registering to minecraft:item - quark:bamboo_post
[24Dec2025 19:08:42.784] [main/DEBUG] [quark-zeta/]: Registering to minecraft:item - quark:stripped_bamboo_post
[24Dec2025 19:08:42.784] [main/DEBUG] [quark-zeta/]: Registering to minecraft:item - quark:cherry_post
[24Dec2025 19:08:42.784] [main/DEBUG] [quark-zeta/]: Registering to minecraft:item - quark:stripped_cherry_post
[24Dec2025 19:08:42.785] [main/DEBUG] [quark-zeta/]: Registering to minecraft:item - quark:soul_bead
[24Dec2025 19:08:42.785] [main/DEBUG] [quark-zeta/]: Registering to minecraft:item - quark:wraith_spawn_egg
[24Dec2025 19:08:42.785] [main/DEBUG] [quark-zeta/]: Registering to minecraft:item - quark:polished_calcite
[24Dec2025 19:08:42.785] [main/DEBUG] [quark-zeta/]: Registering to minecraft:item - quark:calcite_wall
[24Dec2025 19:08:42.785] [main/DEBUG] [quark-zeta/]: Registering to minecraft:item - quark:calcite_slab
[24Dec2025 19:08:42.785] [main/DEBUG] [quark-zeta/]: Registering to minecraft:item - quark:calcite_stairs
[24Dec2025 19:08:42.785] [main/DEBUG] [quark-zeta/]: Registering to minecraft:item - quark:polished_calcite_slab
[24Dec2025 19:08:42.785] [main/DEBUG] [quark-zeta/]: Registering to minecraft:item - quark:polished_calcite_stairs
[24Dec2025 19:08:42.785] [main/DEBUG] [quark-zeta/]: Registering to minecraft:item - quark:polished_dripstone
[24Dec2025 19:08:42.785] [main/DEBUG] [quark-zeta/]: Registering to minecraft:item - quark:dripstone_block_wall
[24Dec2025 19:08:42.785] [main/DEBUG] [quark-zeta/]: Registering to minecraft:item - quark:dripstone_block_slab
[24Dec2025 19:08:42.785] [main/DEBUG] [quark-zeta/]: Registering to minecraft:item - quark:dripstone_block_stairs
[24Dec2025 19:08:42.785] [main/DEBUG] [quark-zeta/]: Registering to minecraft:item - quark:polished_dripstone_slab
[24Dec2025 19:08:42.785] [main/DEBUG] [quark-zeta/]: Registering to minecraft:item - quark:polished_dripstone_stairs
[24Dec2025 19:08:42.785] [main/DEBUG] [quark-zeta/]: Registering to minecraft:item - quark:polished_tuff
[24Dec2025 19:08:42.785] [main/DEBUG] [quark-zeta/]: Registering to minecraft:item - quark:tuff_wall
[24Dec2025 19:08:42.785] [main/DEBUG] [quark-zeta/]: Registering to minecraft:item - quark:tuff_slab
[24Dec2025 19:08:42.785] [main/DEBUG] [quark-zeta/]: Registering to minecraft:item - quark:tuff_stairs
[24Dec2025 19:08:42.785] [main/DEBUG] [quark-zeta/]: Registering to minecraft:item - quark:polished_tuff_slab
[24Dec2025 19:08:42.785] [main/DEBUG] [quark-zeta/]: Registering to minecraft:item - quark:polished_tuff_stairs
[24Dec2025 19:08:42.785] [main/DEBUG] [quark-zeta/]: Registering to minecraft:item - quark:granite_bricks
[24Dec2025 19:08:42.785] [main/DEBUG] [quark-zeta/]: Registering to minecraft:item - quark:chiseled_granite_bricks
[24Dec2025 19:08:42.785] [main/DEBUG] [quark-zeta/]: Registering to minecraft:item - quark:granite_pillar
[24Dec2025 19:08:42.785] [main/DEBUG] [quark-zeta/]: Registering to minecraft:item - quark:granite_bricks_wall
[24Dec2025 19:08:42.786] [main/DEBUG] [quark-zeta/]: Registering to minecraft:item - quark:granite_bricks_slab
[24Dec2025 19:08:42.786] [main/DEBUG] [quark-zeta/]: Registering to minecraft:item - quark:granite_bricks_stairs
[24Dec2025 19:08:42.786] [main/DEBUG] [quark-zeta/]: Registering to minecraft:item - quark:diorite_bricks
[24Dec2025 19:08:42.786] [main/DEBUG] [quark-zeta/]: Registering to minecraft:item - quark:chiseled_diorite_bricks
[24Dec2025 19:08:42.786] [main/DEBUG] [quark-zeta/]: Registering to minecraft:item - quark:diorite_pillar
[24Dec2025 19:08:42.786] [main/DEBUG] [quark-zeta/]: Registering to minecraft:item - quark:diorite_bricks_wall
[24Dec2025 19:08:42.786] [main/DEBUG] [quark-zeta/]: Registering to minecraft:item - quark:diorite_bricks_slab
[24Dec2025 19:08:42.786] [main/DEBUG] [quark-zeta/]: Registering to minecraft:item - quark:diorite_bricks_stairs
[24Dec2025 19:08:42.786] [main/DEBUG] [quark-zeta/]: Registering to minecraft:item - quark:andesite_bricks
[24Dec2025 19:08:42.786] [main/DEBUG] [quark-zeta/]: Registering to minecraft:item - quark:chiseled_andesite_bricks
[24Dec2025 19:08:42.786] [main/DEBUG] [quark-zeta/]: Registering to minecraft:item - quark:andesite_pillar
[24Dec2025 19:08:42.786] [main/DEBUG] [quark-zeta/]: Registering to minecraft:item - quark:andesite_bricks_wall
[24Dec2025 19:08:42.786] [main/DEBUG] [quark-zeta/]: Registering to minecraft:item - quark:andesite_bricks_slab
[24Dec2025 19:08:42.786] [main/DEBUG] [quark-zeta/]: Registering to minecraft:item - quark:andesite_bricks_stairs
[24Dec2025 19:08:42.786] [main/DEBUG] [quark-zeta/]: Registering to minecraft:item - quark:calcite_bricks
[24Dec2025 19:08:42.786] [main/DEBUG] [quark-zeta/]: Registering to minecraft:item - quark:chiseled_calcite_bricks
[24Dec2025 19:08:42.786] [main/DEBUG] [quark-zeta/]: Registering to minecraft:item - quark:calcite_pillar
[24Dec2025 19:08:42.786] [main/DEBUG] [quark-zeta/]: Registering to minecraft:item - quark:calcite_bricks_wall
[24Dec2025 19:08:42.786] [main/DEBUG] [quark-zeta/]: Registering to minecraft:item - quark:calcite_bricks_slab
[24Dec2025 19:08:42.786] [main/DEBUG] [quark-zeta/]: Registering to minecraft:item - quark:calcite_bricks_stairs
[24Dec2025 19:08:42.786] [main/DEBUG] [quark-zeta/]: Registering to minecraft:item - quark:dripstone_bricks
[24Dec2025 19:08:42.786] [main/DEBUG] [quark-zeta/]: Registering to minecraft:item - quark:chiseled_dripstone_bricks
[24Dec2025 19:08:42.786] [main/DEBUG] [quark-zeta/]: Registering to minecraft:item - quark:dripstone_pillar
[24Dec2025 19:08:42.786] [main/DEBUG] [quark-zeta/]: Registering to minecraft:item - quark:dripstone_bricks_wall
[24Dec2025 19:08:42.787] [main/DEBUG] [quark-zeta/]: Registering to minecraft:item - quark:dripstone_bricks_slab
[24Dec2025 19:08:42.787] [main/DEBUG] [quark-zeta/]: Registering to minecraft:item - quark:dripstone_bricks_stairs
[24Dec2025 19:08:42.787] [main/DEBUG] [quark-zeta/]: Registering to minecraft:item - quark:tuff_bricks
[24Dec2025 19:08:42.787] [main/DEBUG] [quark-zeta/]: Registering to minecraft:item - quark:chiseled_tuff_bricks
[24Dec2025 19:08:42.787] [main/DEBUG] [quark-zeta/]: Registering to minecraft:item - quark:tuff_pillar
[24Dec2025 19:08:42.787] [main/DEBUG] [quark-zeta/]: Registering to minecraft:item - quark:tuff_bricks_wall
[24Dec2025 19:08:42.787] [main/DEBUG] [quark-zeta/]: Registering to minecraft:item - quark:tuff_bricks_slab
[24Dec2025 19:08:42.787] [main/DEBUG] [quark-zeta/]: Registering to minecraft:item - quark:tuff_bricks_stairs
[24Dec2025 19:08:42.787] [main/DEBUG] [quark-zeta/]: Registering to minecraft:item - quark:limestone_bricks
[24Dec2025 19:08:42.787] [main/DEBUG] [quark-zeta/]: Registering to minecraft:item - quark:chiseled_limestone_bricks
[24Dec2025 19:08:42.787] [main/DEBUG] [quark-zeta/]: Registering to minecraft:item - quark:limestone_pillar
[24Dec2025 19:08:42.787] [main/DEBUG] [quark-zeta/]: Registering to minecraft:item - quark:limestone_bricks_wall
[24Dec2025 19:08:42.787] [main/DEBUG] [quark-zeta/]: Registering to minecraft:item - quark:limestone_bricks_slab
[24Dec2025 19:08:42.787] [main/DEBUG] [quark-zeta/]: Registering to minecraft:item - quark:limestone_bricks_stairs
[24Dec2025 19:08:42.787] [main/DEBUG] [quark-zeta/]: Registering to minecraft:item - quark:jasper_bricks
[24Dec2025 19:08:42.787] [main/DEBUG] [quark-zeta/]: Registering to minecraft:item - quark:chiseled_jasper_bricks
[24Dec2025 19:08:42.787] [main/DEBUG] [quark-zeta/]: Registering to minecraft:item - quark:jasper_pillar
[24Dec2025 19:08:42.787] [main/DEBUG] [quark-zeta/]: Registering to minecraft:item - quark:jasper_bricks_wall
[24Dec2025 19:08:42.787] [main/DEBUG] [quark-zeta/]: Registering to minecraft:item - quark:jasper_bricks_slab
[24Dec2025 19:08:42.787] [main/DEBUG] [quark-zeta/]: Registering to minecraft:item - quark:jasper_bricks_stairs
[24Dec2025 19:08:42.787] [main/DEBUG] [quark-zeta/]: Registering to minecraft:item - quark:shale_bricks
[24Dec2025 19:08:42.787] [main/DEBUG] [quark-zeta/]: Registering to minecraft:item - quark:chiseled_shale_bricks
[24Dec2025 19:08:42.787] [main/DEBUG] [quark-zeta/]: Registering to minecraft:item - quark:shale_pillar
[24Dec2025 19:08:42.787] [main/DEBUG] [quark-zeta/]: Registering to minecraft:item - quark:shale_bricks_wall
[24Dec2025 19:08:42.788] [main/DEBUG] [quark-zeta/]: Registering to minecraft:item - quark:shale_bricks_slab
[24Dec2025 19:08:42.788] [main/DEBUG] [quark-zeta/]: Registering to minecraft:item - quark:shale_bricks_stairs
[24Dec2025 19:08:42.788] [main/DEBUG] [quark-zeta/]: Registering to minecraft:item - quark:myalite_bricks
[24Dec2025 19:08:42.788] [main/DEBUG] [quark-zeta/]: Registering to minecraft:item - quark:chiseled_myalite_bricks
[24Dec2025 19:08:42.788] [main/DEBUG] [quark-zeta/]: Registering to minecraft:item - quark:myalite_pillar
[24Dec2025 19:08:42.788] [main/DEBUG] [quark-zeta/]: Registering to minecraft:item - quark:myalite_bricks_wall
[24Dec2025 19:08:42.788] [main/DEBUG] [quark-zeta/]: Registering to minecraft:item - quark:myalite_bricks_slab
[24Dec2025 19:08:42.788] [main/DEBUG] [quark-zeta/]: Registering to minecraft:item - quark:myalite_bricks_stairs
[24Dec2025 19:08:42.788] [main/DEBUG] [quark-zeta/]: Registering to minecraft:item - quark:blue_blossom_hedge
[24Dec2025 19:08:42.788] [main/DEBUG] [quark-zeta/]: Registering to minecraft:item - quark:lavender_blossom_hedge
[24Dec2025 19:08:42.788] [main/DEBUG] [quark-zeta/]: Registering to minecraft:item - quark:orange_blossom_hedge
[24Dec2025 19:08:42.788] [main/DEBUG] [quark-zeta/]: Registering to minecraft:item - quark:yellow_blossom_hedge
[24Dec2025 19:08:42.788] [main/DEBUG] [quark-zeta/]: Registering to minecraft:item - quark:red_blossom_hedge
[24Dec2025 19:08:42.788] [main/DEBUG] [quark-zeta/]: Registering to minecraft:item - quark:ancient_hedge
[24Dec2025 19:08:42.788] [main/DEBUG] [quark-zeta/]: Registering to minecraft:item - quark:blue_blossom_leaf_carpet
[24Dec2025 19:08:42.788] [main/DEBUG] [quark-zeta/]: Registering to minecraft:item - quark:lavender_blossom_leaf_carpet
[24Dec2025 19:08:42.788] [main/DEBUG] [quark-zeta/]: Registering to minecraft:item - quark:orange_blossom_leaf_carpet
[24Dec2025 19:08:42.788] [main/DEBUG] [quark-zeta/]: Registering to minecraft:item - quark:yellow_blossom_leaf_carpet
[24Dec2025 19:08:42.788] [main/DEBUG] [quark-zeta/]: Registering to minecraft:item - quark:red_blossom_leaf_carpet
[24Dec2025 19:08:42.788] [main/DEBUG] [quark-zeta/]: Registering to minecraft:item - quark:ancient_leaf_carpet
[24Dec2025 19:08:42.788] [main/DEBUG] [quark-zeta/]: Registering to minecraft:item - quark:acacia_vertical_slab
[24Dec2025 19:08:42.788] [main/DEBUG] [quark-zeta/]: Registering to minecraft:item - quark:andesite_vertical_slab
[24Dec2025 19:08:42.789] [main/DEBUG] [quark-zeta/]: Registering to minecraft:item - quark:birch_vertical_slab
[24Dec2025 19:08:42.789] [main/DEBUG] [quark-zeta/]: Registering to minecraft:item - quark:brick_vertical_slab
[24Dec2025 19:08:42.789] [main/DEBUG] [quark-zeta/]: Registering to minecraft:item - quark:cobblestone_vertical_slab
[24Dec2025 19:08:42.789] [main/DEBUG] [quark-zeta/]: Registering to minecraft:item - quark:cut_red_sandstone_vertical_slab
[24Dec2025 19:08:42.789] [main/DEBUG] [quark-zeta/]: Registering to minecraft:item - quark:cut_sandstone_vertical_slab
[24Dec2025 19:08:42.789] [main/DEBUG] [quark-zeta/]: Registering to minecraft:item - quark:dark_oak_vertical_slab
[24Dec2025 19:08:42.789] [main/DEBUG] [quark-zeta/]: Registering to minecraft:item - quark:dark_prismarine_vertical_slab
[24Dec2025 19:08:42.789] [main/DEBUG] [quark-zeta/]: Registering to minecraft:item - quark:diorite_vertical_slab
[24Dec2025 19:08:42.789] [main/DEBUG] [quark-zeta/]: Registering to minecraft:item - quark:end_stone_brick_vertical_slab
[24Dec2025 19:08:42.789] [main/DEBUG] [quark-zeta/]: Registering to minecraft:item - quark:granite_vertical_slab
[24Dec2025 19:08:42.789] [main/DEBUG] [quark-zeta/]: Registering to minecraft:item - quark:jungle_vertical_slab
[24Dec2025 19:08:42.789] [main/DEBUG] [quark-zeta/]: Registering to minecraft:item - quark:mossy_cobblestone_vertical_slab
[24Dec2025 19:08:42.789] [main/DEBUG] [quark-zeta/]: Registering to minecraft:item - quark:mossy_stone_brick_vertical_slab
[24Dec2025 19:08:42.789] [main/DEBUG] [quark-zeta/]: Registering to minecraft:item - quark:nether_brick_vertical_slab
[24Dec2025 19:08:42.789] [main/DEBUG] [quark-zeta/]: Registering to minecraft:item - quark:oak_vertical_slab
[24Dec2025 19:08:42.789] [main/DEBUG] [quark-zeta/]: Registering to minecraft:item - quark:polished_andesite_vertical_slab
[24Dec2025 19:08:42.789] [main/DEBUG] [quark-zeta/]: Registering to minecraft:item - quark:polished_diorite_vertical_slab
[24Dec2025 19:08:42.789] [main/DEBUG] [quark-zeta/]: Registering to minecraft:item - quark:polished_granite_vertical_slab
[24Dec2025 19:08:42.789] [main/DEBUG] [quark-zeta/]: Registering to minecraft:item - quark:prismarine_vertical_slab
[24Dec2025 19:08:42.789] [main/DEBUG] [quark-zeta/]: Registering to minecraft:item - quark:prismarine_brick_vertical_slab
[24Dec2025 19:08:42.789] [main/DEBUG] [quark-zeta/]: Registering to minecraft:item - quark:purpur_vertical_slab
[24Dec2025 19:08:42.789] [main/DEBUG] [quark-zeta/]: Registering to minecraft:item - quark:quartz_vertical_slab
[24Dec2025 19:08:42.789] [main/DEBUG] [quark-zeta/]: Registering to minecraft:item - quark:red_nether_brick_vertical_slab
[24Dec2025 19:08:42.790] [main/DEBUG] [quark-zeta/]: Registering to minecraft:item - quark:red_sandstone_vertical_slab
[24Dec2025 19:08:42.790] [main/DEBUG] [quark-zeta/]: Registering to minecraft:item - quark:sandstone_vertical_slab
[24Dec2025 19:08:42.790] [main/DEBUG] [quark-zeta/]: Registering to minecraft:item - quark:smooth_quartz_vertical_slab
[24Dec2025 19:08:42.790] [main/DEBUG] [quark-zeta/]: Registering to minecraft:item - quark:smooth_red_sandstone_vertical_slab
[24Dec2025 19:08:42.790] [main/DEBUG] [quark-zeta/]: Registering to minecraft:item - quark:smooth_sandstone_vertical_slab
[24Dec2025 19:08:42.790] [main/DEBUG] [quark-zeta/]: Registering to minecraft:item - quark:smooth_stone_vertical_slab
[24Dec2025 19:08:42.790] [main/DEBUG] [quark-zeta/]: Registering to minecraft:item - quark:spruce_vertical_slab
[24Dec2025 19:08:42.790] [main/DEBUG] [quark-zeta/]: Registering to minecraft:item - quark:stone_vertical_slab
[24Dec2025 19:08:42.790] [main/DEBUG] [quark-zeta/]: Registering to minecraft:item - quark:stone_brick_vertical_slab
[24Dec2025 19:08:42.790] [main/DEBUG] [quark-zeta/]: Registering to minecraft:item - quark:blackstone_vertical_slab
[24Dec2025 19:08:42.790] [main/DEBUG] [quark-zeta/]: Registering to minecraft:item - quark:polished_blackstone_vertical_slab
[24Dec2025 19:08:42.790] [main/DEBUG] [quark-zeta/]: Registering to minecraft:item - quark:polished_blackstone_brick_vertical_slab
[24Dec2025 19:08:42.790] [main/DEBUG] [quark-zeta/]: Registering to minecraft:item - quark:crimson_vertical_slab
[24Dec2025 19:08:42.879] [main/DEBUG] [quark-zeta/]: Registering to minecraft:item - quark:warped_vertical_slab
[24Dec2025 19:08:42.880] [main/DEBUG] [quark-zeta/]: Registering to minecraft:item - quark:cobbled_deepslate_vertical_slab
[24Dec2025 19:08:42.880] [main/DEBUG] [quark-zeta/]: Registering to minecraft:item - quark:polished_deepslate_vertical_slab
[24Dec2025 19:08:42.880] [main/DEBUG] [quark-zeta/]: Registering to minecraft:item - quark:deepslate_brick_vertical_slab
[24Dec2025 19:08:42.880] [main/DEBUG] [quark-zeta/]: Registering to minecraft:item - quark:deepslate_tile_vertical_slab
[24Dec2025 19:08:42.880] [main/DEBUG] [quark-zeta/]: Registering to minecraft:item - quark:mangrove_vertical_slab
[24Dec2025 19:08:42.880] [main/DEBUG] [quark-zeta/]: Registering to minecraft:item - quark:mud_brick_vertical_slab
[24Dec2025 19:08:42.880] [main/DEBUG] [quark-zeta/]: Registering to minecraft:item - quark:cherry_vertical_slab
[24Dec2025 19:08:42.880] [main/DEBUG] [quark-zeta/]: Registering to minecraft:item - quark:bamboo_vertical_slab
[24Dec2025 19:08:42.880] [main/DEBUG] [quark-zeta/]: Registering to minecraft:item - quark:bamboo_mosaic_vertical_slab
[24Dec2025 19:08:42.880] [main/DEBUG] [quark-zeta/]: Registering to minecraft:item - quark:cut_copper_vertical_slab
[24Dec2025 19:08:42.880] [main/DEBUG] [quark-zeta/]: Registering to minecraft:item - quark:waxed_cut_copper_vertical_slab
[24Dec2025 19:08:42.880] [main/DEBUG] [quark-zeta/]: Registering to minecraft:item - quark:exposed_cut_copper_vertical_slab
[24Dec2025 19:08:42.880] [main/DEBUG] [quark-zeta/]: Registering to minecraft:item - quark:waxed_exposed_cut_copper_vertical_slab
[24Dec2025 19:08:42.880] [main/DEBUG] [quark-zeta/]: Registering to minecraft:item - quark:weathered_cut_copper_vertical_slab
[24Dec2025 19:08:42.880] [main/DEBUG] [quark-zeta/]: Registering to minecraft:item - quark:waxed_weathered_cut_copper_vertical_slab
[24Dec2025 19:08:42.880] [main/DEBUG] [quark-zeta/]: Registering to minecraft:item - quark:oxidized_cut_copper_vertical_slab
[24Dec2025 19:08:42.880] [main/DEBUG] [quark-zeta/]: Registering to minecraft:item - quark:waxed_oxidized_cut_copper_vertical_slab
[24Dec2025 19:08:42.880] [main/DEBUG] [quark-zeta/]: Registering to minecraft:item - quark:ancient_planks_vertical_slab
[24Dec2025 19:08:42.881] [main/DEBUG] [quark-zeta/]: Registering to minecraft:item - quark:azalea_planks_vertical_slab
[24Dec2025 19:08:42.881] [main/DEBUG] [quark-zeta/]: Registering to minecraft:item - quark:blossom_planks_vertical_slab
[24Dec2025 19:08:42.881] [main/DEBUG] [quark-zeta/]: Registering to minecraft:item - quark:duskbound_block_vertical_slab
[24Dec2025 19:08:42.881] [main/DEBUG] [quark-zeta/]: Registering to minecraft:item - quark:iron_plate_vertical_slab
[24Dec2025 19:08:42.881] [main/DEBUG] [quark-zeta/]: Registering to minecraft:item - quark:rusty_iron_plate_vertical_slab
[24Dec2025 19:08:42.881] [main/DEBUG] [quark-zeta/]: Registering to minecraft:item - quark:midori_block_vertical_slab
[24Dec2025 19:08:42.881] [main/DEBUG] [quark-zeta/]: Registering to minecraft:item - quark:blue_nether_bricks_vertical_slab
[24Dec2025 19:08:42.881] [main/DEBUG] [quark-zeta/]: Registering to minecraft:item - quark:sandstone_bricks_vertical_slab
[24Dec2025 19:08:42.881] [main/DEBUG] [quark-zeta/]: Registering to minecraft:item - quark:red_sandstone_bricks_vertical_slab
[24Dec2025 19:08:42.881] [main/DEBUG] [quark-zeta/]: Registering to minecraft:item - quark:soul_sandstone_bricks_vertical_slab
[24Dec2025 19:08:42.881] [main/DEBUG] [quark-zeta/]: Registering to minecraft:item - quark:cobblestone_bricks_vertical_slab
[24Dec2025 19:08:42.881] [main/DEBUG] [quark-zeta/]: Registering to minecraft:item - quark:mossy_cobblestone_bricks_vertical_slab
[24Dec2025 19:08:42.881] [main/DEBUG] [quark-zeta/]: Registering to minecraft:item - quark:blackstone_bricks_vertical_slab
[24Dec2025 19:08:42.881] [main/DEBUG] [quark-zeta/]: Registering to minecraft:item - quark:dirt_bricks_vertical_slab
[24Dec2025 19:08:42.881] [main/DEBUG] [quark-zeta/]: Registering to minecraft:item - quark:netherrack_bricks_vertical_slab
[24Dec2025 19:08:42.881] [main/DEBUG] [quark-zeta/]: Registering to minecraft:item - quark:limestone_vertical_slab
[24Dec2025 19:08:42.881] [main/DEBUG] [quark-zeta/]: Registering to minecraft:item - quark:polished_limestone_vertical_slab
[24Dec2025 19:08:42.881] [main/DEBUG] [quark-zeta/]: Registering to minecraft:item - quark:jasper_vertical_slab
[24Dec2025 19:08:42.881] [main/DEBUG] [quark-zeta/]: Registering to minecraft:item - quark:polished_jasper_vertical_slab
[24Dec2025 19:08:42.882] [main/DEBUG] [quark-zeta/]: Registering to minecraft:item - quark:shale_vertical_slab
[24Dec2025 19:08:42.882] [main/DEBUG] [quark-zeta/]: Registering to minecraft:item - quark:polished_shale_vertical_slab
[24Dec2025 19:08:42.882] [main/DEBUG] [quark-zeta/]: Registering to minecraft:item - quark:myalite_vertical_slab
[24Dec2025 19:08:42.882] [main/DEBUG] [quark-zeta/]: Registering to minecraft:item - quark:polished_myalite_vertical_slab
[24Dec2025 19:08:42.882] [main/DEBUG] [quark-zeta/]: Registering to minecraft:item - quark:permafrost_vertical_slab
[24Dec2025 19:08:42.882] [main/DEBUG] [quark-zeta/]: Registering to minecraft:item - quark:permafrost_bricks_vertical_slab
[24Dec2025 19:08:42.882] [main/DEBUG] [quark-zeta/]: Registering to minecraft:item - quark:raw_iron_bricks_vertical_slab
[24Dec2025 19:08:42.882] [main/DEBUG] [quark-zeta/]: Registering to minecraft:item - quark:raw_gold_bricks_vertical_slab
[24Dec2025 19:08:42.882] [main/DEBUG] [quark-zeta/]: Registering to minecraft:item - quark:raw_copper_bricks_vertical_slab
[24Dec2025 19:08:42.882] [main/DEBUG] [quark-zeta/]: Registering to minecraft:item - quark:shingles_vertical_slab
[24Dec2025 19:08:42.882] [main/DEBUG] [quark-zeta/]: Registering to minecraft:item - quark:white_shingles_vertical_slab
[24Dec2025 19:08:42.882] [main/DEBUG] [quark-zeta/]: Registering to minecraft:item - quark:orange_shingles_vertical_slab
[24Dec2025 19:08:42.882] [main/DEBUG] [quark-zeta/]: Registering to minecraft:item - quark:magenta_shingles_vertical_slab
[24Dec2025 19:08:42.882] [main/DEBUG] [quark-zeta/]: Registering to minecraft:item - quark:light_blue_shingles_vertical_slab
[24Dec2025 19:08:42.882] [main/DEBUG] [quark-zeta/]: Registering to minecraft:item - quark:yellow_shingles_vertical_slab
[24Dec2025 19:08:42.882] [main/DEBUG] [quark-zeta/]: Registering to minecraft:item - quark:lime_shingles_vertical_slab
[24Dec2025 19:08:42.882] [main/DEBUG] [quark-zeta/]: Registering to minecraft:item - quark:pink_shingles_vertical_slab
[24Dec2025 19:08:42.882] [main/DEBUG] [quark-zeta/]: Registering to minecraft:item - quark:gray_shingles_vertical_slab
[24Dec2025 19:08:42.882] [main/DEBUG] [quark-zeta/]: Registering to minecraft:item - quark:light_gray_shingles_vertical_slab
[24Dec2025 19:08:42.882] [main/DEBUG] [quark-zeta/]: Registering to minecraft:item - quark:cyan_shingles_vertical_slab
[24Dec2025 19:08:42.882] [main/DEBUG] [quark-zeta/]: Registering to minecraft:item - quark:purple_shingles_vertical_slab
[24Dec2025 19:08:42.882] [main/DEBUG] [quark-zeta/]: Registering to minecraft:item - quark:blue_shingles_vertical_slab
[24Dec2025 19:08:42.882] [main/DEBUG] [quark-zeta/]: Registering to minecraft:item - quark:brown_shingles_vertical_slab
[24Dec2025 19:08:42.882] [main/DEBUG] [quark-zeta/]: Registering to minecraft:item - quark:green_shingles_vertical_slab
[24Dec2025 19:08:42.882] [main/DEBUG] [quark-zeta/]: Registering to minecraft:item - quark:red_shingles_vertical_slab
[24Dec2025 19:08:42.883] [main/DEBUG] [quark-zeta/]: Registering to minecraft:item - quark:black_shingles_vertical_slab
[24Dec2025 19:08:42.883] [main/DEBUG] [quark-zeta/]: Registering to minecraft:item - quark:soul_sandstone_vertical_slab
[24Dec2025 19:08:42.883] [main/DEBUG] [quark-zeta/]: Registering to minecraft:item - quark:cut_soul_sandstone_vertical_slab
[24Dec2025 19:08:42.883] [main/DEBUG] [quark-zeta/]: Registering to minecraft:item - quark:smooth_soul_sandstone_vertical_slab
[24Dec2025 19:08:42.883] [main/DEBUG] [quark-zeta/]: Registering to minecraft:item - quark:thatch_vertical_slab
[24Dec2025 19:08:42.883] [main/DEBUG] [quark-zeta/]: Registering to minecraft:item - quark:calcite_vertical_slab
[24Dec2025 19:08:42.883] [main/DEBUG] [quark-zeta/]: Registering to minecraft:item - quark:polished_calcite_vertical_slab
[24Dec2025 19:08:42.883] [main/DEBUG] [quark-zeta/]: Registering to minecraft:item - quark:dripstone_block_vertical_slab
[24Dec2025 19:08:42.883] [main/DEBUG] [quark-zeta/]: Registering to minecraft:item - quark:polished_dripstone_vertical_slab
[24Dec2025 19:08:42.883] [main/DEBUG] [quark-zeta/]: Registering to minecraft:item - quark:tuff_vertical_slab
[24Dec2025 19:08:42.883] [main/DEBUG] [quark-zeta/]: Registering to minecraft:item - quark:polished_tuff_vertical_slab
[24Dec2025 19:08:42.883] [main/DEBUG] [quark-zeta/]: Registering to minecraft:item - quark:granite_bricks_vertical_slab
[24Dec2025 19:08:42.883] [main/DEBUG] [quark-zeta/]: Registering to minecraft:item - quark:diorite_bricks_vertical_slab
[24Dec2025 19:08:42.883] [main/DEBUG] [quark-zeta/]: Registering to minecraft:item - quark:andesite_bricks_vertical_slab
[24Dec2025 19:08:42.883] [main/DEBUG] [quark-zeta/]: Registering to minecraft:item - quark:calcite_bricks_vertical_slab
[24Dec2025 19:08:42.883] [main/DEBUG] [quark-zeta/]: Registering to minecraft:item - quark:dripstone_bricks_vertical_slab
[24Dec2025 19:08:42.883] [main/DEBUG] [quark-zeta/]: Registering to minecraft:item - quark:tuff_bricks_vertical_slab
[24Dec2025 19:08:42.883] [main/DEBUG] [quark-zeta/]: Registering to minecraft:item - quark:limestone_bricks_vertical_slab
[24Dec2025 19:08:42.883] [main/DEBUG] [quark-zeta/]: Registering to minecraft:item - quark:jasper_bricks_vertical_slab
[24Dec2025 19:08:42.883] [main/DEBUG] [quark-zeta/]: Registering to minecraft:item - quark:shale_bricks_vertical_slab
[24Dec2025 19:08:42.883] [main/DEBUG] [quark-zeta/]: Registering to minecraft:item - quark:myalite_bricks_vertical_slab
[24Dec2025 19:08:42.963] [main/DEBUG] [quark-zeta/]: Registering to minecraft:entity_type - quark:quark_boat
[24Dec2025 19:08:42.963] [main/DEBUG] [quark-zeta/]: Registering to minecraft:entity_type - quark:quark_chest_boat
[24Dec2025 19:08:42.963] [main/DEBUG] [quark-zeta/]: Registering to minecraft:entity_type - quark:crab
[24Dec2025 19:08:42.963] [main/DEBUG] [quark-zeta/]: Registering to minecraft:entity_type - quark:dyed_item_frame
[24Dec2025 19:08:42.963] [main/DEBUG] [quark-zeta/]: Registering to minecraft:entity_type - quark:forgotten
[24Dec2025 19:08:42.963] [main/DEBUG] [quark-zeta/]: Registering to minecraft:entity_type - quark:foxhound
[24Dec2025 19:08:42.963] [main/DEBUG] [quark-zeta/]: Registering to minecraft:entity_type - quark:glass_frame
[24Dec2025 19:08:42.963] [main/DEBUG] [quark-zeta/]: Registering to minecraft:entity_type - quark:gravisand
[24Dec2025 19:08:42.963] [main/DEBUG] [quark-zeta/]: Registering to minecraft:entity_type - quark:parrot_egg
[24Dec2025 19:08:42.963] [main/DEBUG] [quark-zeta/]: Registering to minecraft:entity_type - quark:pickarang
[24Dec2025 19:08:42.963] [main/DEBUG] [quark-zeta/]: Registering to minecraft:entity_type - quark:flamerang
[24Dec2025 19:08:42.963] [main/DEBUG] [quark-zeta/]: Registering to minecraft:entity_type - quark:shiba
[24Dec2025 19:08:42.963] [main/DEBUG] [quark-zeta/]: Registering to minecraft:entity_type - quark:skull_pike
[24Dec2025 19:08:42.963] [main/DEBUG] [quark-zeta/]: Registering to minecraft:entity_type - quark:stoneling
[24Dec2025 19:08:42.963] [main/DEBUG] [quark-zeta/]: Registering to minecraft:entity_type - quark:stool
[24Dec2025 19:08:42.963] [main/DEBUG] [quark-zeta/]: Registering to minecraft:entity_type - quark:torch_arrow
[24Dec2025 19:08:42.963] [main/DEBUG] [quark-zeta/]: Registering to minecraft:entity_type - quark:toretoise
[24Dec2025 19:08:42.963] [main/DEBUG] [quark-zeta/]: Registering to minecraft:entity_type - quark:totem
[24Dec2025 19:08:42.963] [main/DEBUG] [quark-zeta/]: Registering to minecraft:entity_type - quark:wraith
[24Dec2025 19:08:42.963] [main/DEBUG] [quark-zeta/]: Registering to minecraft:entity_type - quark:soul_bead
[24Dec2025 19:08:42.967] [main/DEBUG] [quark-zeta/]: Registering to minecraft:potion - quark:resilience
[24Dec2025 19:08:42.967] [main/DEBUG] [quark-zeta/]: Registering to minecraft:potion - quark:long_resilience
[24Dec2025 19:08:42.967] [main/DEBUG] [quark-zeta/]: Registering to minecraft:potion - quark:strong_resilience
[24Dec2025 19:08:43.006] [main/DEBUG] [quark-zeta/]: Registering to minecraft:block_entity_type - quark:cloud
[24Dec2025 19:08:43.006] [main/DEBUG] [quark-zeta/]: Registering to minecraft:block_entity_type - quark:chute
[24Dec2025 19:08:43.006] [main/DEBUG] [quark-zeta/]: Registering to minecraft:block_entity_type - quark:crafter
[24Dec2025 19:08:43.006] [main/DEBUG] [quark-zeta/]: Registering to minecraft:block_entity_type - quark:crate
[24Dec2025 19:08:43.006] [main/DEBUG] [quark-zeta/]: Registering to minecraft:block_entity_type - quark:ender_watcher
[24Dec2025 19:08:43.006] [main/DEBUG] [quark-zeta/]: Registering to minecraft:block_entity_type - quark:feeding_trough
[24Dec2025 19:08:43.006] [main/DEBUG] [quark-zeta/]: Registering to minecraft:block_entity_type - quark:magnet
[24Dec2025 19:08:43.006] [main/DEBUG] [quark-zeta/]: Registering to minecraft:block_entity_type - quark:magnetized_block
[24Dec2025 19:08:43.006] [main/DEBUG] [quark-zeta/]: Registering to minecraft:block_entity_type - quark:matrix_enchanting
[24Dec2025 19:08:43.007] [main/DEBUG] [quark-zeta/]: Registering to minecraft:block_entity_type - quark:monster_box
[24Dec2025 19:08:43.007] [main/DEBUG] [quark-zeta/]: Registering to minecraft:block_entity_type - quark:pipe
[24Dec2025 19:08:43.007] [main/DEBUG] [quark-zeta/]: Registering to minecraft:block_entity_type - quark:tiny_potato
[24Dec2025 19:08:43.007] [main/DEBUG] [quark-zeta/]: Registering to minecraft:block_entity_type - quark:variant_furnace
[24Dec2025 19:08:43.007] [main/DEBUG] [quark-zeta/]: Registering to minecraft:block_entity_type - quark:variant_chest
[24Dec2025 19:08:43.007] [main/DEBUG] [quark-zeta/]: Registering to minecraft:block_entity_type - quark:variant_trapped_chest
[24Dec2025 19:08:43.028] [main/DEBUG] [quark-zeta/]: Registering to minecraft:menu - quark:backpack
[24Dec2025 19:08:43.028] [main/DEBUG] [quark-zeta/]: Registering to minecraft:menu - quark:crafter
[24Dec2025 19:08:43.028] [main/DEBUG] [quark-zeta/]: Registering to minecraft:menu - quark:crate
[24Dec2025 19:08:43.028] [main/DEBUG] [quark-zeta/]: Registering to minecraft:menu - quark:held_shulker_box
[24Dec2025 19:08:43.028] [main/DEBUG] [quark-zeta/]: Registering to minecraft:menu - quark:feeding_trough
[24Dec2025 19:08:43.028] [main/DEBUG] [quark-zeta/]: Registering to minecraft:menu - quark:matrix_enchanting
[24Dec2025 19:08:43.390] [main/DEBUG] [zeta/]: Registering to minecraft:recipe_serializer - zeta:dye_item
[24Dec2025 19:08:43.390] [main/DEBUG] [quark-zeta/]: Registering to minecraft:recipe_serializer - quark:dye_item
[24Dec2025 19:08:43.390] [main/DEBUG] [quark-zeta/]: Registering to minecraft:recipe_serializer - quark:exclusion
[24Dec2025 19:08:43.390] [main/DEBUG] [quark-zeta/]: Registering to minecraft:recipe_serializer - quark:smithing_rune
[24Dec2025 19:08:43.390] [main/DEBUG] [quark-zeta/]: Registering to minecraft:recipe_serializer - quark:elytra_duplication
[24Dec2025 19:08:43.390] [main/DEBUG] [quark-zeta/]: Registering to minecraft:recipe_serializer - quark:slab_to_block
[24Dec2025 19:08:43.390] [main/DEBUG] [quark-zeta/]: Registering to minecraft:recipe_serializer - quark:mixed_exclusion
[24Dec2025 19:08:43.398] [main/DEBUG] [quark-zeta/]: Registering to minecraft:villager_type - quark:beach
[24Dec2025 19:08:43.398] [main/DEBUG] [quark-zeta/]: Registering to minecraft:villager_type - quark:ocean
[24Dec2025 19:08:43.399] [main/DEBUG] [quark-zeta/]: Registering to minecraft:point_of_interest_type - quark:feeding_trough
[24Dec2025 19:08:43.425] [main/DEBUG] [zeta/]: Registering to minecraft:worldgen/feature - zeta:deferred_feature_raw_generation
[24Dec2025 19:08:43.426] [main/DEBUG] [zeta/]: Registering to minecraft:worldgen/feature - zeta:deferred_feature_lakes
[24Dec2025 19:08:43.426] [main/DEBUG] [zeta/]: Registering to minecraft:worldgen/feature - zeta:deferred_feature_local_modifications
[24Dec2025 19:08:43.426] [main/DEBUG] [zeta/]: Registering to minecraft:worldgen/feature - zeta:deferred_feature_underground_structures
[24Dec2025 19:08:43.426] [main/DEBUG] [zeta/]: Registering to minecraft:worldgen/feature - zeta:deferred_feature_surface_structures
[24Dec2025 19:08:43.426] [main/DEBUG] [zeta/]: Registering to minecraft:worldgen/feature - zeta:deferred_feature_strongholds
[24Dec2025 19:08:43.426] [main/DEBUG] [zeta/]: Registering to minecraft:worldgen/feature - zeta:deferred_feature_underground_ores
[24Dec2025 19:08:43.426] [main/DEBUG] [zeta/]: Registering to minecraft:worldgen/feature - zeta:deferred_feature_underground_decoration
[24Dec2025 19:08:43.426] [main/DEBUG] [zeta/]: Registering to minecraft:worldgen/feature - zeta:deferred_feature_fluid_springs
[24Dec2025 19:08:43.426] [main/DEBUG] [zeta/]: Registering to minecraft:worldgen/feature - zeta:deferred_feature_vegetal_decoration
[24Dec2025 19:08:43.426] [main/DEBUG] [zeta/]: Registering to minecraft:worldgen/feature - zeta:deferred_feature_top_layer_modification
[24Dec2025 19:08:43.426] [main/DEBUG] [quark-zeta/]: Registering to minecraft:worldgen/feature - quark:glow_shrooms
[24Dec2025 19:08:43.426] [main/DEBUG] [quark-zeta/]: Registering to minecraft:worldgen/feature - quark:glow_shrooms_extras
[24Dec2025 19:08:43.433] [main/DEBUG] [quark-zeta/]: Registering to minecraft:worldgen/foliage_placer_type - quark:offset_fancy_foliage_placer
[24Dec2025 19:08:43.434] [main/DEBUG] [quark-zeta/]: Registering to minecraft:worldgen/trunk_placer_type - quark:multi_foliage_straight_trunk_placer
[24Dec2025 19:08:43.438] [main/DEBUG] [quark-zeta/]: Registering to minecraft:worldgen/tree_decorator_type - quark:ancient_tree_topper_decorator
[24Dec2025 19:08:43.538] [main/DEBUG] [net.minecraftforge.fml.config.ConfigTracker/CONFIG]: Loading configs type COMMON
[24Dec2025 19:08:43.538] [main/DEBUG] [net.minecraftforge.fml.config.ConfigFileTypeHandler/CONFIG]: Built TOML config for /workspaces/chochigang/servidor_minecraft/config/farmersdelight-common.toml
[24Dec2025 19:08:43.540] [main/DEBUG] [net.minecraftforge.fml.config.ConfigFileTypeHandler/CONFIG]: Loaded TOML config file /workspaces/chochigang/servidor_minecraft/config/farmersdelight-common.toml
[24Dec2025 19:08:43.545] [main/DEBUG] [net.minecraftforge.fml.config.ConfigFileTypeHandler/CONFIG]: Watching TOML config file /workspaces/chochigang/servidor_minecraft/config/farmersdelight-common.toml for changes
[24Dec2025 19:08:43.546] [main/DEBUG] [net.minecraftforge.fml.config.ConfigFileTypeHandler/CONFIG]: Built TOML config for /workspaces/chochigang/servidor_minecraft/config/tconstruct-common.toml
[24Dec2025 19:08:43.547] [Thread-1/DEBUG] [net.minecraftforge.fml.config.ConfigFileTypeHandler/CONFIG]: Config file farmersdelight-common.toml changed, sending notifies
[24Dec2025 19:08:43.547] [main/DEBUG] [net.minecraftforge.fml.config.ConfigFileTypeHandler/CONFIG]: Loaded TOML config file /workspaces/chochigang/servidor_minecraft/config/tconstruct-common.toml
[24Dec2025 19:08:43.548] [main/DEBUG] [net.minecraftforge.fml.config.ConfigFileTypeHandler/CONFIG]: Watching TOML config file /workspaces/chochigang/servidor_minecraft/config/tconstruct-common.toml for changes
[24Dec2025 19:08:43.548] [Thread-1/DEBUG] [net.minecraftforge.fml.config.ConfigFileTypeHandler/CONFIG]: Config file farmersdelight-common.toml changed, sending notifies
[24Dec2025 19:08:43.549] [main/DEBUG] [net.minecraftforge.fml.config.ConfigFileTypeHandler/CONFIG]: Built TOML config for /workspaces/chochigang/servidor_minecraft/config/sophisticatedcore-common.toml
[24Dec2025 19:08:43.549] [Thread-1/DEBUG] [net.minecraftforge.fml.config.ConfigFileTypeHandler/CONFIG]: Config file tconstruct-common.toml changed, sending notifies
[24Dec2025 19:08:43.549] [main/DEBUG] [net.minecraftforge.fml.config.ConfigFileTypeHandler/CONFIG]: Loaded TOML config file /workspaces/chochigang/servidor_minecraft/config/sophisticatedcore-common.toml
[24Dec2025 19:08:43.549] [main/DEBUG] [net.minecraftforge.fml.config.ConfigFileTypeHandler/CONFIG]: Watching TOML config file /workspaces/chochigang/servidor_minecraft/config/sophisticatedcore-common.toml for changes
[24Dec2025 19:08:43.550] [main/DEBUG] [net.minecraftforge.fml.config.ConfigFileTypeHandler/CONFIG]: Built TOML config for /workspaces/chochigang/servidor_minecraft/config/mowziesmobs-common.toml
[24Dec2025 19:08:43.550] [Thread-1/DEBUG] [net.minecraftforge.fml.config.ConfigFileTypeHandler/CONFIG]: Config file tconstruct-common.toml changed, sending notifies
[24Dec2025 19:08:43.553] [main/DEBUG] [net.minecraftforge.fml.config.ConfigFileTypeHandler/CONFIG]: Loaded TOML config file /workspaces/chochigang/servidor_minecraft/config/mowziesmobs-common.toml
[24Dec2025 19:08:43.554] [main/DEBUG] [net.minecraftforge.fml.config.ConfigFileTypeHandler/CONFIG]: Watching TOML config file /workspaces/chochigang/servidor_minecraft/config/mowziesmobs-common.toml for changes
[24Dec2025 19:08:43.557] [Thread-1/DEBUG] [net.minecraftforge.fml.config.ConfigFileTypeHandler/CONFIG]: Config file mowziesmobs-common.toml changed, sending notifies
[24Dec2025 19:08:43.558] [main/DEBUG] [net.minecraftforge.fml.config.ConfigFileTypeHandler/CONFIG]: Built TOML config for /workspaces/chochigang/servidor_minecraft/config/CoroUtil/General.toml
[24Dec2025 19:08:43.558] [main/DEBUG] [net.minecraftforge.fml.config.ConfigFileTypeHandler/CONFIG]: Loaded TOML config file /workspaces/chochigang/servidor_minecraft/config/CoroUtil/General.toml
[24Dec2025 19:08:43.559] [main/DEBUG] [net.minecraftforge.fml.config.ConfigFileTypeHandler/CONFIG]: Watching TOML config file /workspaces/chochigang/servidor_minecraft/config/CoroUtil/General.toml for changes
[24Dec2025 19:08:43.559] [main/DEBUG] [net.minecraftforge.fml.config.ConfigFileTypeHandler/CONFIG]: Built TOML config for /workspaces/chochigang/servidor_minecraft/config/carryon-common.toml
[24Dec2025 19:08:43.560] [main/DEBUG] [net.minecraftforge.fml.config.ConfigFileTypeHandler/CONFIG]: Loaded TOML config file /workspaces/chochigang/servidor_minecraft/config/carryon-common.toml
[24Dec2025 19:08:43.560] [main/DEBUG] [net.minecraftforge.fml.config.ConfigFileTypeHandler/CONFIG]: Watching TOML config file /workspaces/chochigang/servidor_minecraft/config/carryon-common.toml for changes
[24Dec2025 19:08:43.564] [Thread-1/DEBUG] [net.minecraftforge.fml.config.ConfigFileTypeHandler/CONFIG]: Config file mowziesmobs-common.toml changed, sending notifies
[24Dec2025 19:08:43.618] [Thread-1/DEBUG] [net.minecraftforge.fml.config.ConfigFileTypeHandler/CONFIG]: Config file carryon-common.toml changed, sending notifies
[24Dec2025 19:08:43.619] [main/DEBUG] [net.minecraftforge.fml.config.ConfigFileTypeHandler/CONFIG]: Built TOML config for /workspaces/chochigang/servidor_minecraft/config/sophisticatedbackpacks-common.toml
[24Dec2025 19:08:43.619] [main/DEBUG] [net.minecraftforge.fml.config.ConfigFileTypeHandler/CONFIG]: Loaded TOML config file /workspaces/chochigang/servidor_minecraft/config/sophisticatedbackpacks-common.toml
[24Dec2025 19:08:43.619] [main/DEBUG] [net.minecraftforge.fml.config.ConfigFileTypeHandler/CONFIG]: Watching TOML config file /workspaces/chochigang/servidor_minecraft/config/sophisticatedbackpacks-common.toml for changes
[24Dec2025 19:08:43.619] [main/DEBUG] [net.minecraftforge.fml.config.ConfigFileTypeHandler/CONFIG]: Built TOML config for /workspaces/chochigang/servidor_minecraft/config/watut-common.toml
[24Dec2025 19:08:43.620] [main/DEBUG] [net.minecraftforge.fml.config.ConfigFileTypeHandler/CONFIG]: Loaded TOML config file /workspaces/chochigang/servidor_minecraft/config/watut-common.toml
[24Dec2025 19:08:43.620] [main/DEBUG] [net.minecraftforge.fml.config.ConfigFileTypeHandler/CONFIG]: Watching TOML config file /workspaces/chochigang/servidor_minecraft/config/watut-common.toml for changes
[24Dec2025 19:08:43.621] [main/DEBUG] [net.minecraftforge.fml.config.ConfigFileTypeHandler/CONFIG]: Built TOML config for /workspaces/chochigang/servidor_minecraft/config/watut-server.toml
[24Dec2025 19:08:43.621] [main/DEBUG] [net.minecraftforge.fml.config.ConfigFileTypeHandler/CONFIG]: Loaded TOML config file /workspaces/chochigang/servidor_minecraft/config/watut-server.toml
[24Dec2025 19:08:43.621] [main/DEBUG] [net.minecraftforge.fml.config.ConfigFileTypeHandler/CONFIG]: Watching TOML config file /workspaces/chochigang/servidor_minecraft/config/watut-server.toml for changes
[24Dec2025 19:08:43.622] [main/DEBUG] [net.minecraftforge.fml.config.ConfigFileTypeHandler/CONFIG]: Built TOML config for /workspaces/chochigang/servidor_minecraft/config/watut-client.toml
[24Dec2025 19:08:43.622] [main/DEBUG] [net.minecraftforge.fml.config.ConfigFileTypeHandler/CONFIG]: Loaded TOML config file /workspaces/chochigang/servidor_minecraft/config/watut-client.toml
[24Dec2025 19:08:43.622] [main/DEBUG] [net.minecraftforge.fml.config.ConfigFileTypeHandler/CONFIG]: Watching TOML config file /workspaces/chochigang/servidor_minecraft/config/watut-client.toml for changes
[24Dec2025 19:08:43.623] [main/DEBUG] [net.minecraftforge.fml.config.ConfigFileTypeHandler/CONFIG]: Built TOML config for /workspaces/chochigang/servidor_minecraft/config/zeta-common.toml
[24Dec2025 19:08:43.623] [main/DEBUG] [net.minecraftforge.fml.config.ConfigFileTypeHandler/CONFIG]: Loaded TOML config file /workspaces/chochigang/servidor_minecraft/config/zeta-common.toml
[24Dec2025 19:08:43.623] [main/DEBUG] [net.minecraftforge.fml.config.ConfigFileTypeHandler/CONFIG]: Watching TOML config file /workspaces/chochigang/servidor_minecraft/config/zeta-common.toml for changes
[24Dec2025 19:08:43.624] [main/DEBUG] [net.minecraftforge.fml.config.ConfigFileTypeHandler/CONFIG]: Built TOML config for /workspaces/chochigang/servidor_minecraft/config/quark-common.toml
[24Dec2025 19:08:43.630] [main/DEBUG] [net.minecraftforge.fml.config.ConfigFileTypeHandler/CONFIG]: Loaded TOML config file /workspaces/chochigang/servidor_minecraft/config/quark-common.toml
[24Dec2025 19:08:43.630] [main/DEBUG] [net.minecraftforge.fml.config.ConfigFileTypeHandler/CONFIG]: Watching TOML config file /workspaces/chochigang/servidor_minecraft/config/quark-common.toml for changes
[24Dec2025 19:08:43.661] [Thread-1/DEBUG] [net.minecraftforge.fml.config.ConfigFileTypeHandler/CONFIG]: Config file carryon-common.toml changed, sending notifies
[24Dec2025 19:08:43.705] [Thread-1/DEBUG] [net.minecraftforge.fml.config.ConfigFileTypeHandler/CONFIG]: Config file sophisticatedbackpacks-common.toml changed, sending notifies
[24Dec2025 19:08:43.706] [Thread-1/DEBUG] [net.minecraftforge.fml.config.ConfigFileTypeHandler/CONFIG]: Config file zeta-common.toml changed, sending notifies
[24Dec2025 19:08:43.706] [Thread-1/INFO] [zeta/]: About to refresh zeta's config, looking for better thread than 'Thread-1'...
[24Dec2025 19:08:43.707] [Thread-1/WARN] [zeta/]: Using thread 'Thread-1' instead of the server thread
[24Dec2025 19:08:43.707] [Thread-1/INFO] [zeta/]: zeta's config is 'BEFORE_INIT', ignoring config refresh. Current thread: Thread-1
[24Dec2025 19:08:43.731] [modloading-worker-0/INFO] [voicechat/]: [voicechat] Compatibility version 20
[24Dec2025 19:08:43.814] [modloading-worker-0/INFO] [voicechat/]: [voicechat] Loading plugins
[24Dec2025 19:08:43.820] [modloading-worker-0/INFO] [voicechat/]: [voicechat] Loaded 0 plugin(s)
[24Dec2025 19:08:43.820] [modloading-worker-0/INFO] [voicechat/]: [voicechat] Initializing plugins
[24Dec2025 19:08:43.821] [modloading-worker-0/INFO] [voicechat/]: [voicechat] Initialized 0 plugin(s)
[24Dec2025 19:08:43.831] [main/DEBUG] [net.minecraftforge.fml.DeferredWorkQueue/LOADING]: Dispatching synchronous work for work queue COMMON_SETUP: 26 jobs
[24Dec2025 19:08:43.887] [main/INFO] [zeta/]: Common setup: Performing initial refresh of zeta's config on thread 'main'
[24Dec2025 19:08:43.888] [main/INFO] [zeta/]: 'zeta' is enabling Zeta's piston structure resolver.
[24Dec2025 19:08:43.889] [main/INFO] [zeta/]: Waiting for server start before accepting filewatcher changes to zeta's config
[24Dec2025 19:08:43.889] [main/INFO] [quark-zeta/]: Common setup: Performing initial refresh of quark's config on thread 'main'
[24Dec2025 19:08:43.902] [main/INFO] [quark-zeta/]: Waiting for server start before accepting filewatcher changes to quark's config
[24Dec2025 19:08:43.923] [main/DEBUG] [net.minecraftforge.fml.DeferredWorkQueue/LOADING]: Synchronous work queue completed in 90.33 ms
[24Dec2025 19:08:43.926] [modloading-worker-0/INFO] [xaero.minimap.XaeroMinimap/]: Loading Xaero's Minimap - Stage 1/2 (Server)
[24Dec2025 19:08:43.927] [modloading-worker-0/INFO] [xaero.map.server.WorldMapServer/]: Loading Xaero's World Map - Stage 1/2 (Server)
[24Dec2025 19:08:43.928] [main/DEBUG] [net.minecraftforge.fml.DeferredWorkQueue/LOADING]: Dispatching synchronous work for work queue SIDED_SETUP: 2 jobs
[24Dec2025 19:08:43.928] [main/INFO] [xaero.map.server.WorldMapServer/]: Loading Xaero's World Map - Stage 2/2 (Server)
[24Dec2025 19:08:43.929] [main/INFO] [xaero.minimap.XaeroMinimap/]: Loading Xaero's Minimap - Stage 2/2 (Server)
[24Dec2025 19:08:43.930] [main/DEBUG] [net.minecraftforge.fml.DeferredWorkQueue/LOADING]: Synchronous work queue completed in 787.6 μs
[24Dec2025 19:08:44.009] [main/DEBUG] [net.minecraftforge.fml.DeferredWorkQueue/LOADING]: Dispatching synchronous work for work queue COMPLETE: 4 jobs
[24Dec2025 19:08:44.010] [main/DEBUG] [net.minecraftforge.fml.DeferredWorkQueue/LOADING]: Synchronous work queue completed in 247.3 μs
[24Dec2025 19:08:44.070] [Forge Version Check/INFO] [net.minecraftforge.fml.VersionChecker/]: [securitycraft] Starting version check at https://www.github.com/Geforce132/SecurityCraft/raw/master/Updates/Forge.json
[24Dec2025 19:08:44.466] [Forge Version Check/DEBUG] [net.minecraftforge.fml.VersionChecker/]: [securitycraft] Received version check data:
{
    "homepage": "https://www.curseforge.com/minecraft/mc-mods/security-craft/",
    "promos": {
        "1.7.10-latest": "v1.8.13",
        "1.7.10-recommended": "v1.8.13",
        "1.8-latest": "v1.8.12.1",
        "1.8-recommended": "v1.8.12.1",
        "1.8.8-latest": "v1.8.12.1",
        "1.8.8-recommended": "v1.8.12.1",
        "1.8.9-latest": "v1.8.12.1",
        "1.8.9-recommended": "v1.8.12.1",
        "1.9.4-latest": "v1.8.12",
        "1.9.4-recommended": "v1.8.12",
        "1.10.2-latest": "v1.8.12",
        "1.10.2-recommended": "v1.8.12",
        "1.11.2-latest": "v1.8.12.1",
        "1.11.2-recommended": "v1.8.12.1",
        "1.12-latest": "v1.8.8.1",
        "1.12-recommended": "v1.8.8.1",
        "1.12.1-latest": "v1.8.8.1",
        "1.12.1-recommended": "v1.8.8.1",
        "1.12.2-latest": "v1.10.1",
        "1.12.2-recommended": "v1.10.1",
        "1.13.2-latest": "v1.8.13",
        "1.13.2-recommended": "v1.8.13",
        "1.14.3-latest": "v1.8.12-beta2",
        "1.14.3-recommended": "v1.8.12-beta2",
        "1.14.4-latest": "v1.8.22.2",
        "1.14.4-recommended": "v1.8.22.2",
        "1.15.1-latest": "v1.8.15-beta2",
        "1.15.1-recommended": "v1.8.15-beta2",
        "1.15.2-latest": "v1.9.1",
        "1.15.2-recommended": "v1.9.1",
        "1.16.1-latest": "v1.8.19.3",
        "1.16.1-recommended": "v1.8.19.3",
        "1.16.2-latest": "v1.8.19.3",
        "1.16.2-recommended": "v1.8.19.3",
        "1.16.3-latest": "v1.8.21.1",
        "1.16.3-recommended": "v1.8.21.1",
        "1.16.4-latest": "v1.8.21.1",
        "1.16.4-recommended": "v1.8.21.1",
        "1.16.5-latest": "v1.10.1",
        "1.16.5-recommended": "v1.10.1",
        "1.17.1-latest": "1.9.5",
        "1.17.1-recommended": "1.9.5",
        "1.18.1-latest": "1.9.0.2-beta1",
        "1.18.1-recommended": "1.9.0.2-beta1",
        "1.18.2-latest": "1.10.1",
        "1.18.2-recommended": "1.10.1",
        "1.19-latest": "1.9.3.1",
        "1.19-recommended": "1.9.3.1",
        "1.19.1-latest": "1.9.3.1",
        "1.19.1-recommended": "1.9.3.1",
        "1.19.2-latest": "1.9.6.1",
        "1.19.2-recommended": "1.9.6.1",
        "1.19.3-latest": "1.9.8",
        "1.19.3-recommended": "1.9.8",
        "1.19.4-latest": "1.10.1",
        "1.19.4-recommended": "1.10.1",
        "1.20-latest": "1.9.7-beta2",
        "1.20-recommended": "1.9.7-beta2",
        "1.20.2-latest": "1.9.9",
        "1.20.2-recommended": "1.9.9",
        "1.20.4-latest": "1.10.1",
        "1.20.4-recommended": "1.10.1",
        "1.20.6-latest": "1.10.1",
        "1.20.6-recommended": "1.10.1",
        "1.21-latest": "1.9.10-beta7",
        "1.21-recommended": "1.9.10-beta7",
        "1.21.2-latest": "1.9.11-beta2",
        "1.21.2-recommended": "1.9.11-beta2",
        "1.21.3-latest": "1.10.1",
        "1.21.3-recommended": "1.10.1",
        "1.21.4-latest": "1.10.1",
        "1.21.4-recommended": "1.10.1",
        "1.21.5-latest": "1.10.1",
        "1.21.5-recommended": "1.10.1",
        "1.21.6-latest": "1.10-beta3",
        "1.21.6-recommended": "1.10-beta3",
        "1.21.7-latest": "1.10-beta1",
        "1.21.7-recommended": "1.10-beta1",

        "1.20.1-latest": "1.10.1",
        "1.20.1-recommended": "1.10.1",
        "1.21.1-latest": "1.10.1",
        "1.21.1-recommended": "1.10.1",
        "1.21.8-latest": "1.10.1",
        "1.21.8-recommended": "1.10.1",
        "1.21.10-latest": "1.10.1-beta1",
        "1.21.10-recommended": "1.10.1-beta1",
        "1.21.11-latest": "1.10.1-beta1",
        "1.21.11-recommended": "1.10.1-beta1"
    },
    "1.7.10": {
        "v1.8.13": "https://github.com/Geforce132/SecurityCraft/blob/eol/1.7.10/Changelog%20v1.8.x.md"
    },
    "1.8": {
        "v1.8.12": "https://github.com/Geforce132/SecurityCraft/blob/eol/1.8/Changelog%20v1.8.x.md"
    },
    "1.8.8": {
        "v1.8.12.1": "https://github.com/Geforce132/SecurityCraft/blob/eol/1.8.9/Changelog%20v1.8.x.md"
    },
    "1.8.9": {
        "v1.8.12.1": "https://github.com/Geforce132/SecurityCraft/blob/eol/1.8.9/Changelog%20v1.8.x.md"
    },
    "1.9.4": {
        "v1.8.12": "https://github.com/Geforce132/SecurityCraft/blob/eol/1.9.4/Changelog%20v1.8.x.md"
    },
    "1.10.2": {
        "v1.8.12": "https://github.com/Geforce132/SecurityCraft/blob/eol/1.10.2/Changelog%20v1.8.x.md"
    },
    "1.11.2": {
        "v1.8.12.1": "https://github.com/Geforce132/SecurityCraft/blob/eol/1.11.2/Changelog%20v1.8.x.md"
    },
    "1.12": {
        "v1.8.8.1": "https://github.com/Geforce132/SecurityCraft/blob/54061f84f188c33db291770e550c4c84a927194c/Changelog%20v1.8.x.md"
    },
    "1.12.1": {
        "v1.8.8.1": "https://github.com/Geforce132/SecurityCraft/blob/54061f84f188c33db291770e550c4c84a927194c/Changelog%20v1.8.x.md"
    },
    "1.12.2": {
        "v1.10.1": "https://github.com/Geforce132/SecurityCraft/blob/eol/1.12.2/Changelog.md"
    },
    "1.13.2": {
        "v1.8.13": "https://github.com/Geforce132/SecurityCraft/blob/eol/1.13.2/Changelog%20v1.8.x.md"
    },
    "1.14.3": {
        "v1.8.12-beta2": "https://github.com/Geforce132/SecurityCraft/blob/b20ce0945abdccb8f2b6abaea5d26c28d0a3b916/Changelog%20v1.8.x.md"
    },
    "1.14.4": {
        "v1.8.22.2": "https://github.com/Geforce132/SecurityCraft/blob/eol/1.14.4/Changelog%20v1.8.x.md"
    },
    "1.15.1": {
        "v1.8.15-beta2": "https://github.com/Geforce132/SecurityCraft/blob/04f414232af5250193ed610da93696a830584cc9/Changelog%20v1.8.x.md"
    },
    "1.15.2": {
        "v1.9.1": "https://github.com/Geforce132/SecurityCraft/blob/eol/1.15.2/Changelog.md"
    },
    "1.16.1": {
        "v1.8.19.3": "https://github.com/Geforce132/SecurityCraft/blob/eol/1.16.1/Changelog%20v1.8.x.md"
    },
    "1.16.2": {
        "v1.8.19.3": "https://github.com/Geforce132/SecurityCraft/blob/2c1c0868dd26f8870bae1b8c0d57041cab3ba897/Changelog%20v1.8.x.md"
    },
    "1.16.3": {
        "v1.8.21.1": "https://github.com/Geforce132/SecurityCraft/blob/44460188b9bf30b94f122ba362092cba5e76e0d2/Changelog%20v1.8.x.md"
    },
    "1.16.4": {
        "v1.8.21.1": "https://github.com/Geforce132/SecurityCraft/blob/44460188b9bf30b94f122ba362092cba5e76e0d2/Changelog%20v1.8.x.md"
    },
    "1.16.5": {
        "v1.10.1": "https://github.com/Geforce132/SecurityCraft/blob/eol/1.16.5/Changelog.md"
    },
    "1.17.1": {
        "1.9.5": "https://github.com/Geforce132/SecurityCraft/blob/eol/1.17.1/Changelog.md"
    },
    "1.18.1": {
        "1.9.0.2-beta1": "https://github.com/Geforce132/SecurityCraft/blob/eol/1.18.1/Changelog.md"
    },
    "1.18.2": {
        "1.10.1": "https://github.com/Geforce132/SecurityCraft/blob/eol/1.18.2/Changelog.md"
    },
    "1.19": {
        "1.9.3.1": "https://github.com/Geforce132/SecurityCraft/blob/eol/1.19/Changelog.md"
    },
    "1.19.1": {
        "1.9.3.1": "https://github.com/Geforce132/SecurityCraft/blob/c60edcc5881fc8ca4394bfeae3254ab0d693ab5e/Changelog.md"
    },
    "1.19.2": {
        "1.9.6.1": "https://github.com/Geforce132/SecurityCraft/blob/eol/1.19.2/Changelog.md"
    },
    "1.19.3": {
        "1.9.8": "https://github.com/Geforce132/SecurityCraft/blob/eol/1.19.3/Changelog.md"
    },
    "1.19.4": {
        "1.10.1": "https://github.com/Geforce132/SecurityCraft/blob/eol/1.19.4/Changelog.md"
    },
    "1.20": {
        "1.9.7-beta2": "https://github.com/Geforce132/SecurityCraft/blob/2e41d10948280cfdfe693e52c3580adf5f0cb18c/Changelog.md"
    },
    "1.20.2": {
        "1.9.9": "https://github.com/Geforce132/SecurityCraft/blob/eol/1.20.2/Changelog.md"
    },
    "1.20.4": {
        "1.10.1": "https://github.com/Geforce132/SecurityCraft/blob/eol/1.20.4/Changelog.md"
    },
    "1.20.6": {
        "1.10.1": "https://github.com/Geforce132/SecurityCraft/blob/eol/1.20.6/Changelog.md"
    },
    "1.21": {
        "1.9.10-beta7": "https://github.com/Geforce132/SecurityCraft/blob/a74d63ec9796e54c5bd8d22c18a320146560a753/Changelog.md"
    },
    "1.21.2": {
        "1.9.11-beta2": "https://github.com/Geforce132/SecurityCraft/blob/63c87ccbc661cecac0e75d54b81b571a3d17a29e/Changelog.md"
    },
    "1.21.3": {
        "1.10.1": "https://github.com/Geforce132/SecurityCraft/blob/eol/1.21.3/Changelog.md"
    },
    "1.21.4": {
        "1.10.1": "https://github.com/Geforce132/SecurityCraft/blob/eol/1.21.4/Changelog.md"
    },
    "1.21.5": {
        "1.10.1": "https://github.com/Geforce132/SecurityCraft/blob/eol/1.21.5/Changelog.md"
    },
    "1.21.6": {
        "1.10-beta3": "https://github.com/Geforce132/SecurityCraft/blob/eol/1.21.6/Changelog.md"
    },
    "1.21.7": {
        "1.10-beta1": "https://github.com/Geforce132/SecurityCraft/blob/eol/1.21.7/Changelog.md"
    },

    "1.20.1": {
        "1.10.1": "https://github.com/Geforce132/SecurityCraft/blob/1.20.1/Changelog.md"
    },
    "1.21.1": {
        "1.10.1": "https://github.com/Geforce132/SecurityCraft/blob/1.21.1/Changelog.md"
    },
    "1.21.8": {
        "1.10.1": "https://github.com/Geforce132/SecurityCraft/blob/1.21.8/Changelog.md"
    },
    "1.21.10": {
        "1.10.1-beta1": "https://github.com/Geforce132/SecurityCraft/blob/1.21.10/Changelog.md"
    },
    "1.21.11": {
        "1.10.1-beta1": "https://github.com/Geforce132/SecurityCraft/blob/1.21.11/Changelog.md"
    }
}
[24Dec2025 19:08:44.468] [Forge Version Check/INFO] [net.minecraftforge.fml.VersionChecker/]: [securitycraft] Found status: UP_TO_DATE Current: 1.10.1 Target: null
[24Dec2025 19:08:44.469] [Forge Version Check/INFO] [net.minecraftforge.fml.VersionChecker/]: [betterf3] Starting version check at https://api.modrinth.com/updates/betterf3/forge_updates.json
[24Dec2025 19:08:44.650] [Forge Version Check/DEBUG] [net.minecraftforge.fml.VersionChecker/]: [betterf3] Received version check data:
{"homepage":"https://modrinth.com/mod/betterf3","promos":{"1.16.5-recommended":"1.5.0","1.17.1-latest":"2.0.0","1.18-latest":"3.0.0","1.19.4-latest":"6.0.3","1.19-recommended":"4.0.1","1.17-recommended":"2.0.0","1.19-latest":"4.0.1","1.20.3-latest":"9.0.2","1.21.1-recommended":"11.0.3","1.19.2-recommended":"4.0.1","1.17-latest":"2.0.0","1.18.1-pre1-latest":"1.2.2","1.16.4-recommended":"1.5.0","1.20.2-recommended":"8.0.3","1.20.1-latest":"7.0.2","1.16.3-latest":"1.5.0","1.20-recommended":"7.0.2","1.20-latest":"7.0.2","1.16.4-latest":"1.5.0","1.16.3-recommended":"1.5.0","1.18.2-recommended":"3.0.0","1.16.1-recommended":"1.5.0","1.20.2-latest":"8.0.3","1.18.2-latest":"3.0.0","1.19.3-recommended":"5.1.1","1.18-recommended":"3.0.0","1.16-recommended":"1.5.0","1.20.1-recommended":"7.0.2","1.21.1-latest":"11.0.3","1.19.4-recommended":"6.0.3","1.19.1-recommended":"4.0.1","1.16-latest":"1.5.0","1.16.2-latest":"1.5.0","1.19.1-latest":"4.0.1","1.20.3-recommended":"9.0.2","1.18.1-recommended":"3.0.0","1.16.2-recommended":"1.5.0","1.18.1-pre1-recommended":"1.2.2","1.18.1-latest":"3.0.0","1.20.4-recommended":"9.0.2","1.17.1-recommended":"2.0.0","1.19.2-latest":"4.0.1","1.19.3-latest":"5.1.1","1.16.5-latest":"1.5.0","1.20.4-latest":"9.0.2","1.16.1-latest":"1.5.0"}}
[24Dec2025 19:08:44.651] [Forge Version Check/INFO] [net.minecraftforge.fml.VersionChecker/]: [betterf3] Found status: UP_TO_DATE Current: 7.0.2 Target: null
[24Dec2025 19:08:44.651] [Forge Version Check/INFO] [net.minecraftforge.fml.VersionChecker/]: [voicechat] Starting version check at https://update.maxhenkel.de/forge/voicechat
[24Dec2025 19:08:45.261] [Forge Version Check/DEBUG] [net.minecraftforge.fml.VersionChecker/]: [voicechat] Received version check data:
{"1.21":{"1.21-2.5.20":"Added Vietnamese translation"},"1.20":{"1.20-2.4.9":"Fixed group not getting deleted when disconnecting\nFixed group in LeaveGroupEvent always null\nFixed builtin resource pack format version"},"1.18":{"1.18-2.1.17":"Updated Forge\nFixed sound physics compatibility","1.18-2.1.22":"Fixed untranslated command feedback"},"1.19":{"1.19-2.4.8":"Added audio senders to the voice chat API"},"1.21.11":{"1.21.11-2.6.10":"Fixed volume abruptly increasing shortly after starting to speak"},"1.21.10":{"1.21.10-2.6.10":"Fixed volume abruptly increasing shortly after starting to speak"},"1.21.7":{"1.21.7-2.5.34":"Updated German translation"},"1.21.6":{"1.21.6-2.5.32":"Added \"Default microphone\" and \"Default speaker\" options\nFixed antivirus software detecting the jar as a trojan (This was a false positive)"},"1.21.9":{"1.21.9-2.6.4":"Updated to 1.21.9"},"1.21.8":{"1.21.8-2.6.10":"Fixed volume abruptly increasing shortly after starting to speak"},"1.20.4":{"1.20.4-2.5.22":"Updated Traditional Chinese translation\nAdded Portuguese translation\nUpdated Ukrainian translation","1.20.4-2.4.32":"Fixed compatibility with Sound Physics Remastered\nUpdated French translation"},"1.21.3":{"1.21.3-2.5.31":"Improved handling of invalid bind addresses\nFixed bind_address being used in LAN worlds\nUpdated Swedish translation"},"promos":{"1.18.1-latest":"1.18.1-2.2.52","1.21.4-latest":"1.21.4-2.6.10","1.21.3-latest":"1.21.3-2.5.31","1.18.2-latest":"1.18.2-2.6.10","1.19.3-recommended":"1.19.3-2.4.11","1.20-recommended":"1.20-2.4.9","1.19.1-recommended":"1.19.1-2.4.8","1.21.5-latest":"1.21.5-2.6.10","1.21.1-latest":"1.21.1-2.6.10","1.21.6-latest":"1.21.6-2.5.32","1.12.2-latest":"1.12.2-2.6.10","1.19.4-recommended":"1.19.4-2.4.32","1.12.2-recommended":"1.12.2-2.6.6","1.19-latest":"1.19-2.4.8","1.17.1-recommended":"1.17.1-2.4.32","1.19.2-recommended":"1.19.2-2.6.6","1.21.9-latest":"1.21.9-2.6.4","1.18-latest":"1.18-2.1.22","1.21.8-latest":"1.21.8-2.6.10","1.20.4-recommended":"1.20.4-2.4.32","1.21.7-latest":"1.21.7-2.5.34","1.21-latest":"1.21-2.5.20","1.16.5-recommended":"1.16.5-2.6.6","1.16.4-recommended":"1.16.4-1.1.7","1.20.1-recommended":"1.20.1-2.6.6","1.16.3-recommended":"1.16.3-1.0.1","1.15.2-latest":"1.15.2-1.0.2","1.20.2-recommended":"1.20.2-2.4.32","1.20-latest":"1.20-2.4.9","1.18.2-recommended":"1.18.2-2.6.6","1.17.1-latest":"1.17.1-2.5.12","1.21.11-latest":"1.21.11-2.6.10","1.21.10-latest":"1.21.10-2.6.10","1.18.1-recommended":"1.18.1-2.2.52","1.20.1-latest":"1.20.1-2.6.10","1.16.3-latest":"1.16.3-1.0.1","1.20.2-latest":"1.20.2-2.5.12","1.16.4-latest":"1.16.4-1.1.7","1.19.2-latest":"1.19.2-2.6.10","1.19.4-latest":"1.19.4-2.5.12","1.19.3-latest":"1.19.3-2.4.11","1.16.5-latest":"1.16.5-2.6.10","1.19-recommended":"1.19-2.4.8","1.18-recommended":"1.18-2.1.17","1.15.2-recommended":"1.15.2-1.0.2","1.20.4-latest":"1.20.4-2.5.22","1.19.1-latest":"1.19.1-2.4.8","1.20.6-latest":"1.20.6-2.5.22"},"1.20.6":{"1.20.6-2.5.22":"Updated Traditional Chinese translation\nAdded Portuguese translation\nUpdated Ukrainian translation"},"1.21.5":{"1.21.5-2.6.10":"Fixed volume abruptly increasing shortly after starting to speak"},"1.21.4":{"1.21.4-2.6.10":"Fixed volume abruptly increasing shortly after starting to speak"},"1.20.2":{"1.20.2-2.4.32":"Fixed compatibility with Sound Physics Remastered\nUpdated French translation","1.20.2-2.5.12":"Improved cloth config GUI translations"},"1.21.1":{"1.21.1-2.6.10":"Fixed volume abruptly increasing shortly after starting to speak"},"1.20.1":{"1.20.1-2.6.10":"Fixed volume abruptly increasing shortly after starting to speak","1.20.1-2.6.6":"Fixed filters not working for static audio channels"},"1.16.4":{"1.16.4-1.1.7":"Fixed ConcurrentModificationException when client times out"},"1.19.1":{"1.19.1-2.4.8":"Added audio senders to the voice chat API"},"1.18.2":{"1.18.2-2.6.6":"Fixed filters not working for static audio channels","1.18.2-2.6.10":"Fixed volume abruptly increasing shortly after starting to speak"},"1.16.5":{"1.16.5-2.6.6":"Fixed filters not working for static audio channels","1.16.5-2.6.10":"Fixed volume abruptly increasing shortly after starting to speak"},"1.19.2":{"1.19.2-2.6.10":"Fixed volume abruptly increasing shortly after starting to speak","1.19.2-2.6.6":"Fixed filters not working for static audio channels"},"1.19.3":{"1.19.3-2.4.11":"Added config accessors to the API"},"1.19.4":{"1.19.4-2.4.32":"Fixed compatibility with Sound Physics Remastered\nUpdated French translation","1.19.4-2.5.12":"Improved cloth config GUI translations"},"1.15.2":{"1.15.2-1.0.2":"Fix crash on servers"},"1.17.1":{"1.17.1-2.4.32":"Fixed compatibility with Sound Physics Remastered\nUpdated French translation","1.17.1-2.5.12":"Improved cloth config GUI translations"},"1.16.3":{"1.16.3-1.0.1":"Fixed voice chat not working on servers with port"},"1.18.1":{"1.18.1-2.2.52":"Improved service loader compatibility\nFixed issues with QuestCraft\nFixed disconnected state being controlled by the client"},"1.12.2":{"1.12.2-2.6.6":"Fixed filters not working for static audio channels","1.12.2-2.6.10":"Fixed volume abruptly increasing shortly after starting to speak"},"homepage":"https://modrepo.de/minecraft/voicechat"}
[24Dec2025 19:08:45.262] [Forge Version Check/INFO] [net.minecraftforge.fml.VersionChecker/]: [voicechat] Found status: UP_TO_DATE Current: 1.20.1-2.6.6 Target: null
[24Dec2025 19:08:45.262] [Forge Version Check/INFO] [net.minecraftforge.fml.VersionChecker/]: [forge] Starting version check at https://files.minecraftforge.net/net/minecraftforge/forge/promotions_slim.json
[24Dec2025 19:08:45.381] [Forge Version Check/DEBUG] [net.minecraftforge.fml.VersionChecker/]: [forge] Received version check data:
{
  "homepage": "https://files.minecraftforge.net/net/minecraftforge/forge/",
  "promos": {
    "1.1-latest": "1.3.4.29",
    "1.2.3-latest": "1.4.1.64",
    "1.2.4-latest": "2.0.0.68",
    "1.2.5-latest": "3.4.9.171",
    "1.3.2-latest": "4.3.5.318",
    "1.4.0-latest": "5.0.0.326",
    "1.4.1-latest": "6.0.0.329",
    "1.4.2-latest": "6.0.1.355",
    "1.4.3-latest": "6.2.1.358",
    "1.4.4-latest": "6.3.0.378",
    "1.4.5-latest": "6.4.2.448",
    "1.4.6-latest": "6.5.0.489",
    "1.4.7-latest": "6.6.2.534",
    "1.5-latest": "7.7.0.598",
    "1.5.1-latest": "7.7.2.682",
    "1.5.2-latest": "7.8.1.738",
    "1.5.2-recommended": "7.8.1.738",
    "1.6.1-latest": "8.9.0.775",
    "1.6.2-latest": "9.10.1.871",
    "1.6.2-recommended": "9.10.1.871",
    "1.6.3-latest": "9.11.0.878",
    "1.6.4-latest": "9.11.1.1345",
    "1.6.4-recommended": "9.11.1.1345",
    "1.7.2-latest": "10.12.2.1161",
    "1.7.2-recommended": "10.12.2.1161",
    "1.7.10-latest": "10.13.4.1614",
    "1.7.10-recommended": "10.13.4.1614",
    "1.8-latest": "11.14.4.1577",
    "1.8-recommended": "11.14.4.1563",
    "1.8.8-latest": "11.15.0.1655",
    "1.8.9-latest": "11.15.1.2318",
    "1.8.9-recommended": "11.15.1.2318",
    "1.9-latest": "12.16.1.1938",
    "1.9-recommended": "12.16.1.1887",
    "1.9.4-latest": "12.17.0.2317",
    "1.9.4-recommended": "12.17.0.2317",
    "1.10-latest": "12.18.0.2000",
    "1.10.2-latest": "12.18.3.2511",
    "1.10.2-recommended": "12.18.3.2511",
    "1.11-latest": "13.19.1.2199",
    "1.11-recommended": "13.19.1.2189",
    "1.11.2-latest": "13.20.1.2588",
    "1.11.2-recommended": "13.20.1.2588",
    "1.12-latest": "14.21.1.2443",
    "1.12-recommended": "14.21.1.2387",
    "1.12.1-latest": "14.22.1.2485",
    "1.12.1-recommended": "14.22.1.2478",
    "1.12.2-latest": "14.23.5.2864",
    "1.12.2-recommended": "14.23.5.2859",
    "1.13.2-latest": "25.0.223",
    "1.14.2-latest": "26.0.63",
    "1.14.3-latest": "27.0.60",
    "1.14.4-latest": "28.2.27",
    "1.14.4-recommended": "28.2.26",
    "1.15-latest": "29.0.4",
    "1.15.1-latest": "30.0.51",
    "1.15.2-latest": "31.2.60",
    "1.15.2-recommended": "31.2.57",
    "1.16.1-latest": "32.0.108",
    "1.16.2-latest": "33.0.61",
    "1.16.3-latest": "34.1.42",
    "1.16.3-recommended": "34.1.0",
    "1.16.4-latest": "35.1.37",
    "1.16.4-recommended": "35.1.4",
    "1.16.5-latest": "36.2.42",
    "1.16.5-recommended": "36.2.34",
    "1.17.1-latest": "37.1.1",
    "1.17.1-recommended": "37.1.1",
    "1.18-latest": "38.0.17",
    "1.18.1-latest": "39.1.2",
    "1.18.1-recommended": "39.1.0",
    "1.18.2-recommended": "40.3.0",
    "1.18.2-latest": "40.3.12",
    "1.19-latest": "41.1.0",
    "1.19-recommended": "41.1.0",
    "1.19.1-latest": "42.0.9",
    "1.19.2-recommended": "43.5.0",
    "1.19.2-latest": "43.5.2",
    "1.19.3-latest": "44.1.23",
    "1.19.3-recommended": "44.1.0",
    "1.19.4-recommended": "45.4.0",
    "1.19.4-latest": "45.4.3",
    "1.20-latest": "46.0.14",
    "1.20.1-recommended": "47.4.10",
    "1.20.1-latest": "47.4.13",
    "1.20.2-latest": "48.1.0",
    "1.20.2-recommended": "48.1.0",
    "1.20.3-latest": "49.0.2",
    "1.20.4-latest": "49.2.4",
    "1.20.4-recommended": "49.2.0",
    "1.20.6-latest": "50.2.4",
    "1.20.6-recommended": "50.2.0",
    "1.21-latest": "51.0.33",
    "1.21.1-latest": "52.1.8",
    "1.21.1-recommended": "52.1.0",
    "1.21.3-latest": "53.1.6",
    "1.21.3-recommended": "53.1.0",
    "1.21.4-latest": "54.1.11",
    "1.21.4-recommended": "54.1.0",
    "1.21.5-latest": "55.1.4",
    "1.21.5-recommended": "55.1.0",
    "1.21.6-latest": "56.0.9",
    "1.21.7-latest": "57.0.3",
    "1.21.8-latest": "58.1.11",
    "1.21.8-recommended": "58.1.0",
    "1.21.9-latest": "59.0.5",
    "1.21.10-latest": "60.1.5",
    "1.21.10-recommended": "60.1.0",
    "1.21.11-latest": "61.0.3"
  }
}
[24Dec2025 19:08:45.382] [Forge Version Check/INFO] [net.minecraftforge.fml.VersionChecker/]: [forge] Found status: OUTDATED Current: 47.3.7 Target: 47.4.10
[24Dec2025 19:08:49.408] [main/INFO] [com.mojang.authlib.yggdrasil.YggdrasilAuthenticationService/]: Environment: authHost='https://authserver.mojang.com', accountsHost='https://api.mojang.com', sessionHost='https://sessionserver.mojang.com', servicesHost='https://api.minecraftservices.com', name='PROD'
[24Dec2025 19:08:53.731] [main/WARN] [net.minecraft.server.packs.VanillaPackResourcesBuilder/]: Assets URL 'union:/workspaces/chochigang/servidor_minecraft/libraries/net/minecraft/server/1.20.1-20230612.114412/server-1.20.1-20230612.114412-srg.jar%23147!/assets/.mcassetsroot' uses unexpected schema
[24Dec2025 19:08:53.731] [main/WARN] [net.minecraft.server.packs.VanillaPackResourcesBuilder/]: Assets URL 'union:/workspaces/chochigang/servidor_minecraft/libraries/net/minecraft/server/1.20.1-20230612.114412/server-1.20.1-20230612.114412-srg.jar%23147!/data/.mcassetsroot' uses unexpected schema
[24Dec2025 19:08:53.777] [main/DEBUG] [net.minecraftforge.server.ServerLifecycleHooks/CORE]: Generating PackInfo named mod:tconstruct for mod file /workspaces/chochigang/servidor_minecraft/mods/TConstruct-1.20.1-3.10.2.92.jar
[24Dec2025 19:08:53.777] [main/DEBUG] [net.minecraftforge.server.ServerLifecycleHooks/CORE]: Generating PackInfo named mod:farmersdelight for mod file /workspaces/chochigang/servidor_minecraft/mods/FarmersDelight-1.20.1-1.2.9.jar
[24Dec2025 19:08:53.777] [main/DEBUG] [net.minecraftforge.server.ServerLifecycleHooks/CORE]: Generating PackInfo named mod:mowziesmobs for mod file /workspaces/chochigang/servidor_minecraft/mods/mowziesmobs-1.7.3.jar
[24Dec2025 19:08:53.777] [main/DEBUG] [net.minecraftforge.server.ServerLifecycleHooks/CORE]: Generating PackInfo named mod:geckolib for mod file /workspaces/chochigang/servidor_minecraft/mods/geckolib-forge-1.20.1-4.4.2.jar
[24Dec2025 19:08:53.778] [main/DEBUG] [net.minecraftforge.server.ServerLifecycleHooks/CORE]: Generating PackInfo named mod:do_a_barrel_roll for mod file /workspaces/chochigang/servidor_minecraft/mods/do_a_barrel_roll-forge-3.5.6+1.20.1.jar
[24Dec2025 19:08:53.778] [main/DEBUG] [net.minecraftforge.server.ServerLifecycleHooks/CORE]: Generating PackInfo named mod:chunky for mod file /workspaces/chochigang/servidor_minecraft/mods/Chunky-1.3.146.jar
[24Dec2025 19:08:53.778] [main/DEBUG] [net.minecraftforge.server.ServerLifecycleHooks/CORE]: Generating PackInfo named mod:jei for mod file /workspaces/chochigang/servidor_minecraft/mods/jei-1.20.1-forge-15.20.0.112.jar
[24Dec2025 19:08:53.778] [main/DEBUG] [net.minecraftforge.server.ServerLifecycleHooks/CORE]: Generating PackInfo named mod:sophisticatedcore for mod file /workspaces/chochigang/servidor_minecraft/mods/sophisticatedcore-1.20.1-1.2.109.1270.jar
[24Dec2025 19:08:53.779] [main/DEBUG] [net.minecraftforge.server.ServerLifecycleHooks/CORE]: Generating PackInfo named mod:mantle for mod file /workspaces/chochigang/servidor_minecraft/mods/Mantle-1.20.1-1.11.79.jar
[24Dec2025 19:08:53.779] [main/DEBUG] [net.minecraftforge.server.ServerLifecycleHooks/CORE]: Generating PackInfo named mod:xaerominimap for mod file /workspaces/chochigang/servidor_minecraft/mods/Xaeros_Minimap_25.2.10_Forge_1.20.jar
[24Dec2025 19:08:53.779] [main/DEBUG] [net.minecraftforge.server.ServerLifecycleHooks/CORE]: Generating PackInfo named mod:xaeroworldmap for mod file /workspaces/chochigang/servidor_minecraft/mods/XaerosWorldMap_1.39.12_Forge_1.20.jar
[24Dec2025 19:08:53.779] [main/DEBUG] [net.minecraftforge.server.ServerLifecycleHooks/CORE]: Generating PackInfo named mod:securitycraft for mod file /workspaces/chochigang/servidor_minecraft/mods/[1.20.1] SecurityCraft v1.10.1.jar
[24Dec2025 19:08:53.780] [main/DEBUG] [net.minecraftforge.server.ServerLifecycleHooks/CORE]: Generating PackInfo named mod:mixinextras for mod file 
[24Dec2025 19:08:53.780] [main/DEBUG] [net.minecraftforge.server.ServerLifecycleHooks/CORE]: Generating PackInfo named mod:sophisticatedbackpacks for mod file /workspaces/chochigang/servidor_minecraft/mods/sophisticatedbackpacks-1.20.1-3.24.13.1433.jar
[24Dec2025 19:08:53.780] [main/DEBUG] [net.minecraftforge.server.ServerLifecycleHooks/CORE]: Generating PackInfo named mod:coroutil for mod file /workspaces/chochigang/servidor_minecraft/mods/coroutil-forge-1.20.1-1.3.7.jar
[24Dec2025 19:08:53.780] [main/DEBUG] [net.minecraftforge.server.ServerLifecycleHooks/CORE]: Generating PackInfo named mod:carryon for mod file /workspaces/chochigang/servidor_minecraft/mods/carryon-forge-1.20.1-2.1.2.7.jar
[24Dec2025 19:08:53.780] [main/DEBUG] [net.minecraftforge.server.ServerLifecycleHooks/CORE]: Generating PackInfo named mod:betterf3 for mod file /workspaces/chochigang/servidor_minecraft/mods/BetterF3-7.0.2-Forge-1.20.1.jar
[24Dec2025 19:08:53.781] [main/DEBUG] [net.minecraftforge.server.ServerLifecycleHooks/CORE]: Generating PackInfo named mod:watut for mod file /workspaces/chochigang/servidor_minecraft/mods/watut-forge-1.20.1-1.2.3.jar
[24Dec2025 19:08:53.781] [main/DEBUG] [net.minecraftforge.server.ServerLifecycleHooks/CORE]: Generating PackInfo named mod:cloth_config for mod file /workspaces/chochigang/servidor_minecraft/mods/cloth-config-11.1.136-forge.jar
[24Dec2025 19:08:53.782] [main/DEBUG] [net.minecraftforge.server.ServerLifecycleHooks/CORE]: Generating PackInfo named mod:voicechat for mod file /workspaces/chochigang/servidor_minecraft/mods/voicechat-forge-1.20.1-2.6.6.jar
[24Dec2025 19:08:53.782] [main/DEBUG] [net.minecraftforge.server.ServerLifecycleHooks/CORE]: Generating PackInfo named mod:forge for mod file /workspaces/chochigang/servidor_minecraft/libraries/net/minecraftforge/forge/1.20.1-47.3.7/forge-1.20.1-47.3.7-universal.jar
[24Dec2025 19:08:53.782] [main/DEBUG] [net.minecraftforge.server.ServerLifecycleHooks/CORE]: Generating PackInfo named mod:zeta for mod file /workspaces/chochigang/servidor_minecraft/mods/Zeta-1.0-28.jar
[24Dec2025 19:08:53.782] [main/DEBUG] [net.minecraftforge.server.ServerLifecycleHooks/CORE]: Generating PackInfo named mod:quark for mod file /workspaces/chochigang/servidor_minecraft/mods/Quark-4.0-462.jar
[24Dec2025 19:08:53.783] [main/DEBUG] [net.minecraftforge.server.ServerLifecycleHooks/CORE]: Generating PackInfo named mod:embeddium for mod file /workspaces/chochigang/servidor_minecraft/mods/embeddium-0.3.31+mc1.20.1.jar
[24Dec2025 19:08:53.783] [main/DEBUG] [net.minecraftforge.server.ServerLifecycleHooks/CORE]: Generating PackInfo named mod:ironchest for mod file /workspaces/chochigang/servidor_minecraft/mods/ironchest-1.20.1-14.4.4.jar
[24Dec2025 19:08:54.331] [main/DEBUG] [mixin/]: Mixing OverworldBiomeBuilderMixin from quark.mixins.json into net.minecraft.world.level.biome.OverworldBiomeBuilder
[24Dec2025 19:08:54.633] [main/DEBUG] [mixin/]: Mixing CommandManagerMixin from do_a_barrel_roll.mixins.json into net.minecraft.commands.Commands
[24Dec2025 19:08:54.780] [main/DEBUG] [net.minecraftforge.coremod.transformer.CoreModBaseTransformer/COREMOD]: Transforming net/minecraft/server/commands/SummonCommand
[24Dec2025 19:08:55.000] [main/DEBUG] [mixin/]: Mixing ServerAdvancementManagerMixin from quark.mixins.json into net.minecraft.server.ServerAdvancementManager
[24Dec2025 19:08:55.412] [Worker-Main-1/DEBUG] [net.minecraftforge.coremod.transformer.CoreModBaseTransformer/COREMOD]: Transforming net/minecraft/world/entity/raid/Raid
[24Dec2025 19:08:55.510] [Worker-Main-3/INFO] [Mantle/]: Loaded 20 loot table injectors injecting into 18 tables in 25.934761 ms
[24Dec2025 19:08:55.577] [Worker-Main-1/DEBUG] [Mantle/]: Injecting into 1 pools in the table minecraft:chests/bastion_treasure
[24Dec2025 19:08:55.626] [Worker-Main-1/DEBUG] [Mantle/]: Injecting into 1 pools in the table minecraft:chests/nether_bridge
[24Dec2025 19:08:55.675] [Worker-Main-1/DEBUG] [Mantle/]: Injecting into 1 pools in the table minecraft:gameplay/hero_of_the_village/toolsmith_gift
[24Dec2025 19:08:55.693] [Worker-Main-1/DEBUG] [Mantle/]: Injecting into 1 pools in the table minecraft:chests/igloo_chest
[24Dec2025 19:08:55.708] [Worker-Main-1/DEBUG] [Mantle/]: Injecting into 1 pools in the table minecraft:gameplay/fishing/treasure
[24Dec2025 19:08:55.717] [Worker-Main-1/DEBUG] [Mantle/]: Injecting into 1 pools in the table minecraft:gameplay/hero_of_the_village/weaponsmith_gift
[24Dec2025 19:08:55.722] [Worker-Main-1/DEBUG] [Mantle/]: Injecting into 1 pools in the table minecraft:chests/end_city_treasure
[24Dec2025 19:08:55.741] [Worker-Main-1/DEBUG] [Mantle/]: Injecting into 2 pools in the table minecraft:chests/simple_dungeon
[24Dec2025 19:08:55.748] [Worker-Main-1/DEBUG] [Mantle/]: Injecting into 1 pools in the table minecraft:chests/ruined_portal
[24Dec2025 19:08:55.775] [Worker-Main-1/DEBUG] [Mantle/]: Injecting into 1 pools in the table minecraft:chests/abandoned_mineshaft
[24Dec2025 19:08:55.777] [Worker-Main-1/DEBUG] [Mantle/]: Injecting into 1 pools in the table minecraft:chests/shipwreck_treasure
[24Dec2025 19:08:55.813] [Worker-Main-1/DEBUG] [Mantle/]: Injecting into 2 pools in the table minecraft:chests/spawn_bonus_chest
[24Dec2025 19:08:55.819] [Worker-Main-1/DEBUG] [Mantle/]: Injecting into 1 pools in the table minecraft:chests/buried_treasure
[24Dec2025 19:08:55.827] [Worker-Main-1/DEBUG] [Mantle/]: Injecting into 1 pools in the table minecraft:gameplay/piglin_bartering
[24Dec2025 19:08:55.841] [Worker-Main-1/DEBUG] [Mantle/]: Injecting into 1 pools in the table minecraft:chests/bastion_bridge
[24Dec2025 19:08:55.847] [Worker-Main-1/DEBUG] [Mantle/]: Injecting into 1 pools in the table minecraft:chests/pillager_outpost
[24Dec2025 19:08:55.881] [Worker-Main-1/DEBUG] [Mantle/]: Injecting into 1 pools in the table minecraft:chests/bastion_other
[24Dec2025 19:08:55.887] [Worker-Main-1/DEBUG] [Mantle/]: Injecting into 1 pools in the table minecraft:chests/woodland_mansion
[24Dec2025 19:08:55.948] [main/DEBUG] [mixin/]: Mixing EnchantmentHelperMixin from quark.mixins.json into net.minecraft.world.item.enchantment.EnchantmentHelper
[24Dec2025 19:08:56.071] [main/INFO] [net.minecraft.world.item.crafting.RecipeManager/]: Skipping loading recipe tconstruct:smeltery/alloys/molten_pewter as it's serializer returned null
[24Dec2025 19:08:56.210] [main/INFO] [net.minecraft.world.item.crafting.RecipeManager/]: Loaded 22 recipes
[24Dec2025 19:08:56.315] [main/INFO] [quark/]: [Automatic Recipe Unlock] Removed 2571 recipe advancements
[24Dec2025 19:08:56.321] [main/INFO] [net.minecraft.advancements.AdvancementList/]: Loaded 218 advancements
[24Dec2025 19:08:56.328] [main/DEBUG] [slimeknights.tconstruct.library.materials.definition.MaterialManager/]: Skipped loading material tconstruct:silver as it did not match the condition
[24Dec2025 19:08:56.330] [main/DEBUG] [slimeknights.tconstruct.library.materials.definition.MaterialManager/]: Skipped loading material tconstruct:pewter as it did not match the condition
[24Dec2025 19:08:56.331] [main/DEBUG] [slimeknights.tconstruct.library.materials.definition.MaterialManager/]: Skipped loading material tconstruct:bronze as it did not match the condition
[24Dec2025 19:08:56.332] [main/DEBUG] [slimeknights.tconstruct.library.materials.definition.MaterialManager/]: Skipped loading material tconstruct:invar as it did not match the condition
[24Dec2025 19:08:56.332] [main/DEBUG] [slimeknights.tconstruct.library.materials.definition.MaterialManager/]: Skipped loading material tconstruct:platinum as it did not match the condition
[24Dec2025 19:08:56.332] [main/DEBUG] [slimeknights.tconstruct.library.materials.definition.MaterialManager/]: Skipped loading material tconstruct:necronium as it did not match the condition
[24Dec2025 19:08:56.333] [main/DEBUG] [slimeknights.tconstruct.library.materials.definition.MaterialManager/]: Skipped loading material tconstruct:plated_slimewood as it did not match the condition
[24Dec2025 19:08:56.333] [main/DEBUG] [slimeknights.tconstruct.library.materials.definition.MaterialManager/]: Skipped loading material tconstruct:constantan as it did not match the condition
[24Dec2025 19:08:56.333] [main/DEBUG] [slimeknights.tconstruct.library.materials.definition.MaterialManager/]: Redirecting material tconstruct:chain to tconstruct:rose_gold
[24Dec2025 19:08:56.333] [main/DEBUG] [slimeknights.tconstruct.library.materials.definition.MaterialManager/]: Skipped loading material tconstruct:electrum as it did not match the condition
[24Dec2025 19:08:56.334] [main/DEBUG] [slimeknights.tconstruct.library.materials.definition.MaterialManager/]: Redirecting material tconstruct:bloodbone to tconstruct:venombone
[24Dec2025 19:08:56.334] [main/DEBUG] [slimeknights.tconstruct.library.materials.definition.MaterialManager/]: Skipped loading material tconstruct:osmium as it did not match the condition
[24Dec2025 19:08:56.334] [main/DEBUG] [slimeknights.tconstruct.library.materials.definition.MaterialManager/]: Skipped loading material tconstruct:lead as it did not match the condition
[24Dec2025 19:08:56.334] [main/DEBUG] [slimeknights.tconstruct.library.materials.definition.MaterialManager/]: Skipped loading material tconstruct:aluminum as it did not match the condition
[24Dec2025 19:08:56.335] [main/DEBUG] [slimeknights.tconstruct.library.materials.definition.MaterialManager/]: Skipped loading material tconstruct:tungsten as it did not match the condition
[24Dec2025 19:08:56.335] [main/DEBUG] [slimeknights.tconstruct.library.materials.definition.MaterialManager/]: Skipped loading material tconstruct:treated_wood as it did not match the condition
[24Dec2025 19:08:56.336] [main/DEBUG] [slimeknights.tconstruct.library.materials.definition.MaterialManager/]: Loaded materials: 
	tconstruct:slimeskin
	tconstruct:queens_slime
	tconstruct:twisting_vine
	tconstruct:honey
	tconstruct:copper
	tconstruct:phantom
	tconstruct:scorched_stone
	tconstruct:chorus
	tconstruct:whitestone
	tconstruct:ichorskin
	tconstruct:skyslime_vine
	tconstruct:obsidian
	tconstruct:steel
	tconstruct:amethyst_bronze
	tconstruct:ancient_hide
	tconstruct:hepatizon
	tconstruct:blood
	tconstruct:clay
	tconstruct:nahuatl
	tconstruct:wood
	tconstruct:ender_pearl
	tconstruct:pig_iron
	tconstruct:string
	tconstruct:ichor
	tconstruct:darkthread
	tconstruct:vine
	tconstruct:slimewood
	tconstruct:blazing_bone
	tconstruct:bone
	tconstruct:cinderslime
	tconstruct:venombone
	tconstruct:flint
	tconstruct:iron
	tconstruct:rotten_flesh
	tconstruct:necrotic_bone
	tconstruct:ancient
	tconstruct:enderslime_vine
	tconstruct:rose_gold
	tconstruct:glass
	tconstruct:seared_stone
	tconstruct:blazewood
	tconstruct:manyullyn
	tconstruct:ice
	tconstruct:magma
	tconstruct:weeping_vine
	tconstruct:gold
	tconstruct:bamboo
	tconstruct:rock
	tconstruct:earthslime
	tconstruct:cactus
	tconstruct:enderslime
	tconstruct:skyslime
	tconstruct:slimesteel
	tconstruct:cobalt
	tconstruct:leather
[24Dec2025 19:08:56.336] [main/DEBUG] [slimeknights.tconstruct.library.materials.definition.MaterialManager/]: Loaded redirects: 
	tconstruct:bloodbone
	tconstruct:chain
[24Dec2025 19:08:56.336] [main/INFO] [slimeknights.tconstruct.library.materials.definition.MaterialManager/]: Loaded 55 materials in 11.951045 ms
[24Dec2025 19:08:56.343] [main/INFO] [slimeknights.tconstruct.library.materials.definition.MaterialManager/]: Loaded 9 material tags for 39 materials in 7.115152 ms
[24Dec2025 19:08:56.354] [main/DEBUG] [slimeknights.tconstruct.library.materials.stats.MaterialStatsManager/]: Loaded stats for materials:
	tconstruct:silver - [tconstruct:plating_leggings, tconstruct:maille, tconstruct:handle, tconstruct:plating_shield, tconstruct:head, tconstruct:limb, tconstruct:plating_boots, tconstruct:plating_helmet, tconstruct:grip, tconstruct:binding, tconstruct:plating_chestplate]
	tconstruct:slimeskin - [tconstruct:maille, tconstruct:repair_kit, tconstruct:bowstring, tconstruct:cuirass]
	tconstruct:twisting_vine - [tconstruct:maille, tconstruct:bowstring, tconstruct:binding]
	tconstruct:queens_slime - [tconstruct:plating_leggings, tconstruct:maille, tconstruct:handle, tconstruct:plating_shield, tconstruct:head, tconstruct:limb, tconstruct:plating_boots, tconstruct:plating_helmet, tconstruct:grip, tconstruct:binding, tconstruct:plating_chestplate]
	tconstruct:honey - []
	tconstruct:scorched_stone - [tconstruct:plating_leggings, tconstruct:maille, tconstruct:handle, tconstruct:plating_shield, tconstruct:head, tconstruct:plating_boots, tconstruct:plating_helmet, tconstruct:binding, tconstruct:plating_chestplate]
	tconstruct:phantom - [tconstruct:repair_kit]
	tconstruct:copper - [tconstruct:plating_leggings, tconstruct:skull, tconstruct:maille, tconstruct:handle, tconstruct:plating_shield, tconstruct:head, tconstruct:limb, tconstruct:plating_boots, tconstruct:plating_helmet, tconstruct:grip, tconstruct:binding, tconstruct:plating_chestplate]
	tconstruct:pewter - [tconstruct:plating_leggings, tconstruct:maille, tconstruct:handle, tconstruct:plating_shield, tconstruct:head, tconstruct:limb, tconstruct:plating_boots, tconstruct:plating_helmet, tconstruct:grip, tconstruct:binding, tconstruct:plating_chestplate]
	tconstruct:whitestone - [tconstruct:handle, tconstruct:head, tconstruct:binding]
	tconstruct:chorus - [tconstruct:handle, tconstruct:shield_core, tconstruct:head, tconstruct:limb, tconstruct:grip, tconstruct:binding]
	tconstruct:ichorskin - [tconstruct:maille, tconstruct:repair_kit, tconstruct:cuirass]
	tconstruct:skyslime_vine - [tconstruct:maille, tconstruct:repair_kit, tconstruct:bowstring, tconstruct:cuirass, tconstruct:binding]
	tconstruct:bronze - [tconstruct:plating_leggings, tconstruct:maille, tconstruct:handle, tconstruct:plating_shield, tconstruct:head, tconstruct:limb, tconstruct:plating_boots, tconstruct:plating_helmet, tconstruct:grip, tconstruct:binding, tconstruct:plating_chestplate]
	tconstruct:obsidian - [tconstruct:plating_leggings, tconstruct:maille, tconstruct:plating_shield, tconstruct:plating_boots, tconstruct:plating_helmet, tconstruct:plating_chestplate]
	tconstruct:steel - [tconstruct:plating_leggings, tconstruct:maille, tconstruct:handle, tconstruct:plating_shield, tconstruct:head, tconstruct:limb, tconstruct:plating_boots, tconstruct:plating_helmet, tconstruct:grip, tconstruct:binding, tconstruct:plating_chestplate]
	tconstruct:invar - [tconstruct:plating_leggings, tconstruct:maille, tconstruct:handle, tconstruct:plating_shield, tconstruct:head, tconstruct:limb, tconstruct:plating_boots, tconstruct:plating_helmet, tconstruct:grip, tconstruct:binding, tconstruct:plating_chestplate]
	tconstruct:amethyst_bronze - [tconstruct:plating_leggings, tconstruct:maille, tconstruct:handle, tconstruct:plating_shield, tconstruct:head, tconstruct:limb, tconstruct:plating_boots, tconstruct:plating_helmet, tconstruct:grip, tconstruct:binding, tconstruct:plating_chestplate]
	tconstruct:ancient_hide - [tconstruct:maille, tconstruct:repair_kit, tconstruct:bowstring, tconstruct:cuirass, tconstruct:binding]
	tconstruct:hepatizon - [tconstruct:plating_leggings, tconstruct:maille, tconstruct:handle, tconstruct:plating_shield, tconstruct:head, tconstruct:limb, tconstruct:plating_boots, tconstruct:plating_helmet, tconstruct:grip, tconstruct:binding, tconstruct:plating_chestplate]
	tconstruct:blood - []
	tconstruct:clay - []
	tconstruct:wood - [tconstruct:handle, tconstruct:shield_core, tconstruct:head, tconstruct:limb, tconstruct:grip, tconstruct:binding]
	tconstruct:nahuatl - [tconstruct:handle, tconstruct:shield_core, tconstruct:head, tconstruct:limb, tconstruct:grip, tconstruct:binding]
	tconstruct:pig_iron - [tconstruct:plating_leggings, tconstruct:skull, tconstruct:maille, tconstruct:handle, tconstruct:plating_shield, tconstruct:head, tconstruct:plating_boots, tconstruct:plating_helmet, tconstruct:binding, tconstruct:plating_chestplate]
	tconstruct:ender_pearl - [tconstruct:skull]
	tconstruct:platinum - [tconstruct:handle, tconstruct:head, tconstruct:limb, tconstruct:grip, tconstruct:binding]
	tconstruct:string - [tconstruct:skull, tconstruct:bowstring, tconstruct:binding]
	tconstruct:necronium - [tconstruct:handle, tconstruct:head, tconstruct:limb, tconstruct:grip, tconstruct:binding]
	tconstruct:ichor - []
	tconstruct:darkthread - [tconstruct:skull, tconstruct:bowstring, tconstruct:binding]
	tconstruct:vine - [tconstruct:maille, tconstruct:bowstring, tconstruct:binding]
	tconstruct:slimewood - [tconstruct:handle, tconstruct:shield_core, tconstruct:head, tconstruct:limb, tconstruct:grip, tconstruct:binding]
	tconstruct:blazing_bone - [tconstruct:skull, tconstruct:handle, tconstruct:head, tconstruct:limb, tconstruct:grip, tconstruct:binding]
	tconstruct:plated_slimewood - [tconstruct:handle, tconstruct:head, tconstruct:limb, tconstruct:grip, tconstruct:binding]
	tconstruct:bone - [tconstruct:skull, tconstruct:handle, tconstruct:head, tconstruct:limb, tconstruct:grip, tconstruct:binding]
	tconstruct:cinderslime - [tconstruct:plating_leggings, tconstruct:maille, tconstruct:handle, tconstruct:plating_shield, tconstruct:head, tconstruct:limb, tconstruct:plating_boots, tconstruct:plating_helmet, tconstruct:grip, tconstruct:binding, tconstruct:plating_chestplate]
	tconstruct:constantan - [tconstruct:plating_leggings, tconstruct:maille, tconstruct:handle, tconstruct:plating_shield, tconstruct:head, tconstruct:limb, tconstruct:plating_boots, tconstruct:plating_helmet, tconstruct:grip, tconstruct:binding, tconstruct:plating_chestplate]
	tconstruct:venombone - [tconstruct:skull, tconstruct:handle, tconstruct:head, tconstruct:limb, tconstruct:grip, tconstruct:binding]
	tconstruct:iron - [tconstruct:plating_leggings, tconstruct:skull, tconstruct:maille, tconstruct:handle, tconstruct:plating_shield, tconstruct:head, tconstruct:limb, tconstruct:plating_boots, tconstruct:plating_helmet, tconstruct:grip, tconstruct:binding, tconstruct:plating_chestplate]
	tconstruct:flint - [tconstruct:handle, tconstruct:head, tconstruct:binding]
	tconstruct:rotten_flesh - [tconstruct:skull]
	tconstruct:necrotic_bone - [tconstruct:skull, tconstruct:handle, tconstruct:head, tconstruct:limb, tconstruct:grip, tconstruct:binding]
	tconstruct:rose_gold - [tconstruct:skull, tconstruct:limb, tconstruct:plating_helmet, tconstruct:grip, tconstruct:plating_leggings, tconstruct:maille, tconstruct:handle, tconstruct:bowstring, tconstruct:plating_shield, tconstruct:head, tconstruct:plating_boots, tconstruct:binding, tconstruct:plating_chestplate]
	tconstruct:enderslime_vine - [tconstruct:maille, tconstruct:repair_kit, tconstruct:bowstring, tconstruct:cuirass, tconstruct:binding]
	tconstruct:electrum - [tconstruct:plating_leggings, tconstruct:maille, tconstruct:handle, tconstruct:plating_shield, tconstruct:head, tconstruct:limb, tconstruct:plating_boots, tconstruct:plating_helmet, tconstruct:grip, tconstruct:binding, tconstruct:plating_chestplate]
	tconstruct:ancient - [tconstruct:plating_leggings, tconstruct:plating_shield, tconstruct:head, tconstruct:limb, tconstruct:plating_boots, tconstruct:plating_helmet, tconstruct:plating_chestplate]
	tconstruct:seared_stone - [tconstruct:plating_leggings, tconstruct:maille, tconstruct:handle, tconstruct:plating_shield, tconstruct:head, tconstruct:plating_boots, tconstruct:plating_helmet, tconstruct:binding, tconstruct:plating_chestplate]
	tconstruct:glass - [tconstruct:skull]
	tconstruct:osmium - [tconstruct:plating_leggings, tconstruct:maille, tconstruct:handle, tconstruct:plating_shield, tconstruct:head, tconstruct:plating_boots, tconstruct:plating_helmet, tconstruct:binding, tconstruct:plating_chestplate]
	tconstruct:manyullyn - [tconstruct:plating_leggings, tconstruct:maille, tconstruct:handle, tconstruct:plating_shield, tconstruct:head, tconstruct:limb, tconstruct:plating_boots, tconstruct:plating_helmet, tconstruct:grip, tconstruct:binding, tconstruct:plating_chestplate]
	tconstruct:blazewood - [tconstruct:repair_kit, tconstruct:shield_core]
	tconstruct:weeping_vine - [tconstruct:maille, tconstruct:bowstring, tconstruct:binding]
	tconstruct:magma - []
	tconstruct:lead - [tconstruct:plating_leggings, tconstruct:maille, tconstruct:handle, tconstruct:plating_shield, tconstruct:head, tconstruct:limb, tconstruct:plating_boots, tconstruct:plating_helmet, tconstruct:grip, tconstruct:binding, tconstruct:plating_chestplate]
	tconstruct:ice - [tconstruct:repair_kit, tconstruct:shield_core]
	tconstruct:gold - [tconstruct:plating_leggings, tconstruct:skull, tconstruct:maille, tconstruct:plating_shield, tconstruct:plating_boots, tconstruct:plating_helmet, tconstruct:plating_chestplate]
	tconstruct:aluminum - [tconstruct:plating_leggings, tconstruct:maille, tconstruct:plating_shield, tconstruct:limb, tconstruct:plating_boots, tconstruct:plating_helmet, tconstruct:grip, tconstruct:plating_chestplate]
	tconstruct:rock - [tconstruct:handle, tconstruct:head, tconstruct:binding]
	tconstruct:bamboo - [tconstruct:shield_core, tconstruct:limb, tconstruct:grip]
	tconstruct:tungsten - [tconstruct:plating_leggings, tconstruct:maille, tconstruct:handle, tconstruct:plating_shield, tconstruct:head, tconstruct:limb, tconstruct:plating_boots, tconstruct:plating_helmet, tconstruct:grip, tconstruct:binding, tconstruct:plating_chestplate]
	tconstruct:earthslime - []
	tconstruct:cactus - [tconstruct:repair_kit, tconstruct:shield_core]
	tconstruct:skyslime - []
	tconstruct:enderslime - [tconstruct:repair_kit]
	tconstruct:treated_wood - [tconstruct:handle, tconstruct:shield_core, tconstruct:head, tconstruct:limb, tconstruct:grip, tconstruct:binding]
	tconstruct:slimesteel - [tconstruct:plating_leggings, tconstruct:maille, tconstruct:handle, tconstruct:plating_shield, tconstruct:head, tconstruct:limb, tconstruct:plating_boots, tconstruct:plating_helmet, tconstruct:grip, tconstruct:binding, tconstruct:plating_chestplate]
	tconstruct:cobalt - [tconstruct:plating_leggings, tconstruct:maille, tconstruct:handle, tconstruct:plating_shield, tconstruct:head, tconstruct:limb, tconstruct:plating_boots, tconstruct:plating_helmet, tconstruct:grip, tconstruct:binding, tconstruct:plating_chestplate]
	tconstruct:leather - [tconstruct:maille, tconstruct:repair_kit, tconstruct:bowstring, tconstruct:cuirass, tconstruct:binding]
[24Dec2025 19:08:56.355] [main/INFO] [slimeknights.tconstruct.library.materials.stats.MaterialStatsManager/]: 412 stats loaded for 69 materials in 11.557498 ms
[24Dec2025 19:08:56.363] [main/DEBUG] [slimeknights.tconstruct.library.materials.traits.MaterialTraitsManager/]: Loaded traits for material 'tconstruct:silver': 
	Default - []
	tconstruct:ranged - [ModifierEntry{tconstruct:holy,level=1}]
	tconstruct:armor - [ModifierEntry{tconstruct:consecrated,level=1}]
	tconstruct:melee_harvest - [ModifierEntry{tconstruct:smite,level=1}]
	tconstruct:shield_core - [ModifierEntry{tconstruct:consecrated,level=1}]
	tconstruct:limb - [ModifierEntry{tconstruct:holy,level=1}]
	tconstruct:plating_helmet - [ModifierEntry{tconstruct:consecrated,level=1}]
	tconstruct:grip - [ModifierEntry{tconstruct:holy,level=1}]
	tconstruct:plating_leggings - [ModifierEntry{tconstruct:consecrated,level=1}]
	tconstruct:maille - [ModifierEntry{tconstruct:consecrated,level=1}]
	tconstruct:handle - [ModifierEntry{tconstruct:smite,level=1}]
	tconstruct:bowstring - [ModifierEntry{tconstruct:holy,level=1}]
	tconstruct:plating_shield - [ModifierEntry{tconstruct:consecrated,level=1}]
	tconstruct:head - [ModifierEntry{tconstruct:smite,level=1}]
	tconstruct:plating_boots - [ModifierEntry{tconstruct:consecrated,level=1}]
	tconstruct:cuirass - [ModifierEntry{tconstruct:consecrated,level=1}]
	tconstruct:binding - [ModifierEntry{tconstruct:smite,level=1}]
	tconstruct:plating_chestplate - [ModifierEntry{tconstruct:consecrated,level=1}]
[24Dec2025 19:08:56.363] [main/DEBUG] [slimeknights.tconstruct.library.materials.traits.MaterialTraitsManager/]: Loaded traits for material 'tconstruct:slimeskin': 
	Default - [ModifierEntry{tconstruct:overgrowth,level=1}, ModifierEntry{tconstruct:overslime,level=1}]
	
[24Dec2025 19:08:56.364] [main/DEBUG] [slimeknights.tconstruct.library.materials.traits.MaterialTraitsManager/]: Loaded traits for material 'tconstruct:twisting_vine': 
	Default - [ModifierEntry{tconstruct:entangled,level=1}]
	
[24Dec2025 19:08:56.364] [main/DEBUG] [slimeknights.tconstruct.library.materials.traits.MaterialTraitsManager/]: Loaded traits for material 'tconstruct:queens_slime': 
	Default - [ModifierEntry{tconstruct:overlord,level=1}, ModifierEntry{tconstruct:overslime,level=1}]
	
[24Dec2025 19:08:56.364] [main/DEBUG] [slimeknights.tconstruct.library.materials.traits.MaterialTraitsManager/]: Loaded traits for material 'tconstruct:honey': 
	Default - []
	
[24Dec2025 19:08:56.364] [main/DEBUG] [slimeknights.tconstruct.library.materials.traits.MaterialTraitsManager/]: Loaded traits for material 'tconstruct:scorched_stone': 
	Default - [ModifierEntry{tconstruct:scorching,level=1}]
	tconstruct:armor - [ModifierEntry{tconstruct:scorch_protection,level=1}]
	tconstruct:shield_core - [ModifierEntry{tconstruct:scorch_protection,level=1}]
	tconstruct:plating_helmet - [ModifierEntry{tconstruct:scorch_protection,level=1}]
	tconstruct:plating_leggings - [ModifierEntry{tconstruct:scorch_protection,level=1}]
	tconstruct:maille - [ModifierEntry{tconstruct:scorch_protection,level=1}]
	tconstruct:plating_shield - [ModifierEntry{tconstruct:scorch_protection,level=1}]
	tconstruct:plating_boots - [ModifierEntry{tconstruct:scorch_protection,level=1}]
	tconstruct:cuirass - [ModifierEntry{tconstruct:scorch_protection,level=1}]
	tconstruct:plating_chestplate - [ModifierEntry{tconstruct:scorch_protection,level=1}]
[24Dec2025 19:08:56.364] [main/DEBUG] [slimeknights.tconstruct.library.materials.traits.MaterialTraitsManager/]: Loaded traits for material 'tconstruct:phantom': 
	Default - []
	
[24Dec2025 19:08:56.364] [main/DEBUG] [slimeknights.tconstruct.library.materials.traits.MaterialTraitsManager/]: Loaded traits for material 'tconstruct:copper': 
	Default - [ModifierEntry{tconstruct:dwarven,level=1}]
	tconstruct:armor - [ModifierEntry{tconstruct:depth_protection,level=1}]
	tconstruct:skull - [ModifierEntry{tconstruct:breathtaking,level=1}, ModifierEntry{tconstruct:drowned_disguise,level=1}]
	tconstruct:shield_core - [ModifierEntry{tconstruct:depth_protection,level=1}]
	tconstruct:plating_helmet - [ModifierEntry{tconstruct:depth_protection,level=1}]
	tconstruct:plating_leggings - [ModifierEntry{tconstruct:depth_protection,level=1}]
	tconstruct:maille - [ModifierEntry{tconstruct:depth_protection,level=1}]
	tconstruct:plating_shield - [ModifierEntry{tconstruct:depth_protection,level=1}]
	tconstruct:plating_boots - [ModifierEntry{tconstruct:depth_protection,level=1}]
	tconstruct:cuirass - [ModifierEntry{tconstruct:depth_protection,level=1}]
	tconstruct:plating_chestplate - [ModifierEntry{tconstruct:depth_protection,level=1}]
[24Dec2025 19:08:56.364] [main/DEBUG] [slimeknights.tconstruct.library.materials.traits.MaterialTraitsManager/]: Loaded traits for material 'tconstruct:pewter': 
	Default - [ModifierEntry{tconstruct:raging,level=1}]
	tconstruct:armor - [ModifierEntry{tconstruct:vital_protection,level=1}]
	tconstruct:shield_core - [ModifierEntry{tconstruct:vital_protection,level=1}]
	tconstruct:plating_helmet - [ModifierEntry{tconstruct:vital_protection,level=1}]
	tconstruct:plating_leggings - [ModifierEntry{tconstruct:vital_protection,level=1}]
	tconstruct:maille - [ModifierEntry{tconstruct:vital_protection,level=1}]
	tconstruct:plating_shield - [ModifierEntry{tconstruct:vital_protection,level=1}]
	tconstruct:plating_boots - [ModifierEntry{tconstruct:vital_protection,level=1}]
	tconstruct:cuirass - [ModifierEntry{tconstruct:vital_protection,level=1}]
	tconstruct:plating_chestplate - [ModifierEntry{tconstruct:vital_protection,level=1}]
[24Dec2025 19:08:56.364] [main/DEBUG] [slimeknights.tconstruct.library.materials.traits.MaterialTraitsManager/]: Loaded traits for material 'tconstruct:whitestone': 
	Default - [ModifierEntry{tconstruct:stoneshield,level=1}]
	
[24Dec2025 19:08:56.364] [main/DEBUG] [slimeknights.tconstruct.library.materials.traits.MaterialTraitsManager/]: Loaded traits for material 'tconstruct:chorus': 
	Default - [ModifierEntry{tconstruct:enderference,level=1}]
	tconstruct:armor - [ModifierEntry{tconstruct:enderclearance,level=1}]
	tconstruct:shield_core - [ModifierEntry{tconstruct:enderclearance,level=1}]
	tconstruct:plating_helmet - [ModifierEntry{tconstruct:enderclearance,level=1}]
	tconstruct:plating_leggings - [ModifierEntry{tconstruct:enderclearance,level=1}]
	tconstruct:maille - [ModifierEntry{tconstruct:enderclearance,level=1}]
	tconstruct:plating_shield - [ModifierEntry{tconstruct:enderclearance,level=1}]
	tconstruct:plating_boots - [ModifierEntry{tconstruct:enderclearance,level=1}]
	tconstruct:cuirass - [ModifierEntry{tconstruct:enderclearance,level=1}]
	tconstruct:plating_chestplate - [ModifierEntry{tconstruct:enderclearance,level=1}]
[24Dec2025 19:08:56.365] [main/DEBUG] [slimeknights.tconstruct.library.materials.traits.MaterialTraitsManager/]: Loaded traits for material 'tconstruct:ichorskin': 
	Default - [ModifierEntry{tconstruct:overshield,level=1}, ModifierEntry{tconstruct:overslime,level=1}]
	
[24Dec2025 19:08:56.365] [main/DEBUG] [slimeknights.tconstruct.library.materials.traits.MaterialTraitsManager/]: Loaded traits for material 'tconstruct:skyslime_vine': 
	Default - [ModifierEntry{tconstruct:airborne,level=1}]
	tconstruct:armor - [ModifierEntry{tconstruct:skyfall,level=1}]
	tconstruct:shield_core - [ModifierEntry{tconstruct:skyfall,level=1}]
	tconstruct:plating_helmet - [ModifierEntry{tconstruct:skyfall,level=1}]
	tconstruct:plating_leggings - [ModifierEntry{tconstruct:skyfall,level=1}]
	tconstruct:maille - [ModifierEntry{tconstruct:skyfall,level=1}]
	tconstruct:plating_shield - [ModifierEntry{tconstruct:skyfall,level=1}]
	tconstruct:plating_boots - [ModifierEntry{tconstruct:skyfall,level=1}]
	tconstruct:cuirass - [ModifierEntry{tconstruct:skyfall,level=1}]
	tconstruct:plating_chestplate - [ModifierEntry{tconstruct:skyfall,level=1}]
[24Dec2025 19:08:56.365] [main/DEBUG] [slimeknights.tconstruct.library.materials.traits.MaterialTraitsManager/]: Loaded traits for material 'tconstruct:bronze': 
	Default - [ModifierEntry{tconstruct:maintained,level=1}]
	
[24Dec2025 19:08:56.365] [main/DEBUG] [slimeknights.tconstruct.library.materials.traits.MaterialTraitsManager/]: Loaded traits for material 'tconstruct:obsidian': 
	Default - []
	tconstruct:armor - [ModifierEntry{tconstruct:blast_protection,level=1}]
	tconstruct:shield_core - [ModifierEntry{tconstruct:blast_protection,level=1}]
	tconstruct:plating_helmet - [ModifierEntry{tconstruct:blast_protection,level=1}]
	tconstruct:plating_leggings - [ModifierEntry{tconstruct:blast_protection,level=1}]
	tconstruct:maille - [ModifierEntry{tconstruct:blast_protection,level=1}]
	tconstruct:plating_shield - [ModifierEntry{tconstruct:blast_protection,level=1}]
	tconstruct:plating_boots - [ModifierEntry{tconstruct:blast_protection,level=1}]
	tconstruct:cuirass - [ModifierEntry{tconstruct:blast_protection,level=1}]
	tconstruct:plating_chestplate - [ModifierEntry{tconstruct:blast_protection,level=1}]
[24Dec2025 19:08:56.365] [main/DEBUG] [slimeknights.tconstruct.library.materials.traits.MaterialTraitsManager/]: Loaded traits for material 'tconstruct:steel': 
	Default - [ModifierEntry{tconstruct:ductile,level=1}]
	
[24Dec2025 19:08:56.365] [main/DEBUG] [slimeknights.tconstruct.library.materials.traits.MaterialTraitsManager/]: Loaded traits for material 'tconstruct:invar': 
	Default - [ModifierEntry{tconstruct:invariant,level=1}]
	
[24Dec2025 19:08:56.366] [main/DEBUG] [slimeknights.tconstruct.library.materials.traits.MaterialTraitsManager/]: Loaded traits for material 'tconstruct:amethyst_bronze': 
	Default - []
	tconstruct:ranged - [ModifierEntry{tconstruct:crystalbound,level=1}]
	tconstruct:armor - [ModifierEntry{tconstruct:crystalstrike,level=1}]
	tconstruct:melee_harvest - [ModifierEntry{tconstruct:crumbling,level=1}]
	tconstruct:shield_core - [ModifierEntry{tconstruct:crystalstrike,level=1}]
	tconstruct:limb - [ModifierEntry{tconstruct:crystalbound,level=1}]
	tconstruct:plating_helmet - [ModifierEntry{tconstruct:crystalstrike,level=1}]
	tconstruct:grip - [ModifierEntry{tconstruct:crystalbound,level=1}]
	tconstruct:plating_leggings - [ModifierEntry{tconstruct:crystalstrike,level=1}]
	tconstruct:maille - [ModifierEntry{tconstruct:crystalstrike,level=1}]
	tconstruct:handle - [ModifierEntry{tconstruct:crumbling,level=1}]
	tconstruct:bowstring - [ModifierEntry{tconstruct:crystalbound,level=1}]
	tconstruct:plating_shield - [ModifierEntry{tconstruct:crystalstrike,level=1}]
	tconstruct:head - [ModifierEntry{tconstruct:crumbling,level=1}]
	tconstruct:plating_boots - [ModifierEntry{tconstruct:crystalstrike,level=1}]
	tconstruct:cuirass - [ModifierEntry{tconstruct:crystalstrike,level=1}]
	tconstruct:binding - [ModifierEntry{tconstruct:crumbling,level=1}]
	tconstruct:plating_chestplate - [ModifierEntry{tconstruct:crystalstrike,level=1}]
[24Dec2025 19:08:56.366] [main/DEBUG] [slimeknights.tconstruct.library.materials.traits.MaterialTraitsManager/]: Loaded traits for material 'tconstruct:ancient_hide': 
	Default - [ModifierEntry{tconstruct:fortified,level=1}]
	tconstruct:melee_harvest - [ModifierEntry{tconstruct:fortune,level=1}]
	tconstruct:handle - [ModifierEntry{tconstruct:fortune,level=1}]
	tconstruct:head - [ModifierEntry{tconstruct:fortune,level=1}]
	tconstruct:binding - [ModifierEntry{tconstruct:fortune,level=1}]
[24Dec2025 19:08:56.366] [main/DEBUG] [slimeknights.tconstruct.library.materials.traits.MaterialTraitsManager/]: Loaded traits for material 'tconstruct:hepatizon': 
	Default - [ModifierEntry{tconstruct:momentum,level=1}]
	tconstruct:armor - [ModifierEntry{tconstruct:recurrent_protection,level=1}]
	tconstruct:shield_core - [ModifierEntry{tconstruct:recurrent_protection,level=1}]
	tconstruct:plating_helmet - [ModifierEntry{tconstruct:recurrent_protection,level=1}]
	tconstruct:plating_leggings - [ModifierEntry{tconstruct:recurrent_protection,level=1}]
	tconstruct:maille - [ModifierEntry{tconstruct:recurrent_protection,level=1}]
	tconstruct:plating_shield - [ModifierEntry{tconstruct:recurrent_protection,level=1}]
	tconstruct:plating_boots - [ModifierEntry{tconstruct:recurrent_protection,level=1}]
	tconstruct:cuirass - [ModifierEntry{tconstruct:recurrent_protection,level=1}]
	tconstruct:plating_chestplate - [ModifierEntry{tconstruct:recurrent_protection,level=1}]
[24Dec2025 19:08:56.366] [main/DEBUG] [slimeknights.tconstruct.library.materials.traits.MaterialTraitsManager/]: Loaded traits for material 'tconstruct:blood': 
	Default - []
	
[24Dec2025 19:08:56.366] [main/DEBUG] [slimeknights.tconstruct.library.materials.traits.MaterialTraitsManager/]: Loaded traits for material 'tconstruct:clay': 
	Default - []
	
[24Dec2025 19:08:56.366] [main/DEBUG] [slimeknights.tconstruct.library.materials.traits.MaterialTraitsManager/]: Loaded traits for material 'tconstruct:wood': 
	Default - [ModifierEntry{tconstruct:cultivated,level=1}]
	
[24Dec2025 19:08:56.366] [main/DEBUG] [slimeknights.tconstruct.library.materials.traits.MaterialTraitsManager/]: Loaded traits for material 'tconstruct:nahuatl': 
	Default - [ModifierEntry{tconstruct:lacerating,level=1}]
	
[24Dec2025 19:08:56.366] [main/DEBUG] [slimeknights.tconstruct.library.materials.traits.MaterialTraitsManager/]: Loaded traits for material 'tconstruct:pig_iron': 
	Default - [ModifierEntry{tconstruct:tasty,level=1}]
	tconstruct:skull - [ModifierEntry{tconstruct:revenge,level=1}, ModifierEntry{tconstruct:zombified_piglin_disguise,level=1}]
[24Dec2025 19:08:56.366] [main/DEBUG] [slimeknights.tconstruct.library.materials.traits.MaterialTraitsManager/]: Loaded traits for material 'tconstruct:ender_pearl': 
	Default - []
	tconstruct:skull - [ModifierEntry{tconstruct:enderdodging,level=1}, ModifierEntry{tconstruct:enderman_disguise,level=1}]
[24Dec2025 19:08:56.367] [main/DEBUG] [slimeknights.tconstruct.library.materials.traits.MaterialTraitsManager/]: Loaded traits for material 'tconstruct:platinum': 
	Default - []
	tconstruct:ranged - [ModifierEntry{tconstruct:olympic,level=1}]
	tconstruct:melee_harvest - [ModifierEntry{tconstruct:lustrous,level=1}]
	tconstruct:limb - [ModifierEntry{tconstruct:olympic,level=1}]
	tconstruct:grip - [ModifierEntry{tconstruct:olympic,level=1}]
	tconstruct:handle - [ModifierEntry{tconstruct:lustrous,level=1}]
	tconstruct:bowstring - [ModifierEntry{tconstruct:olympic,level=1}]
	tconstruct:head - [ModifierEntry{tconstruct:lustrous,level=1}]
	tconstruct:binding - [ModifierEntry{tconstruct:lustrous,level=1}]
[24Dec2025 19:08:56.367] [main/DEBUG] [slimeknights.tconstruct.library.materials.traits.MaterialTraitsManager/]: Loaded traits for material 'tconstruct:string': 
	Default - [ModifierEntry{tconstruct:stringy,level=1}]
	tconstruct:skull - [ModifierEntry{tconstruct:boon_of_sssss,level=1}, ModifierEntry{tconstruct:spider_disguise,level=1}]
[24Dec2025 19:08:56.367] [main/DEBUG] [slimeknights.tconstruct.library.materials.traits.MaterialTraitsManager/]: Loaded traits for material 'tconstruct:necronium': 
	Default - [ModifierEntry{tconstruct:decay,level=1}]
	
[24Dec2025 19:08:56.367] [main/DEBUG] [slimeknights.tconstruct.library.materials.traits.MaterialTraitsManager/]: Loaded traits for material 'tconstruct:ichor': 
	Default - []
	
[24Dec2025 19:08:56.367] [main/DEBUG] [slimeknights.tconstruct.library.materials.traits.MaterialTraitsManager/]: Loaded traits for material 'tconstruct:darkthread': 
	Default - [ModifierEntry{tconstruct:looting,level=1}]
	tconstruct:skull - [ModifierEntry{tconstruct:mithridatism,level=1}, ModifierEntry{tconstruct:cave_spider_disguise,level=1}]
[24Dec2025 19:08:56.367] [main/DEBUG] [slimeknights.tconstruct.library.materials.traits.MaterialTraitsManager/]: Loaded traits for material 'tconstruct:vine': 
	Default - [ModifierEntry{tconstruct:solar_powered,level=1}]
	
[24Dec2025 19:08:56.367] [main/DEBUG] [slimeknights.tconstruct.library.materials.traits.MaterialTraitsManager/]: Loaded traits for material 'tconstruct:slimewood': 
	Default - [ModifierEntry{tconstruct:overgrowth,level=1}, ModifierEntry{tconstruct:overslime,level=1}]
	
[24Dec2025 19:08:56.367] [main/DEBUG] [slimeknights.tconstruct.library.materials.traits.MaterialTraitsManager/]: Loaded traits for material 'tconstruct:blazing_bone': 
	Default - [ModifierEntry{tconstruct:conducting,level=1}]
	tconstruct:skull - [ModifierEntry{tconstruct:firebreath,level=1}, ModifierEntry{tconstruct:blaze_disguise,level=1}]
[24Dec2025 19:08:56.367] [main/DEBUG] [slimeknights.tconstruct.library.materials.traits.MaterialTraitsManager/]: Loaded traits for material 'tconstruct:plated_slimewood': 
	Default - [ModifierEntry{tconstruct:overworked,level=1}, ModifierEntry{tconstruct:overslime,level=1}]
	
[24Dec2025 19:08:56.367] [main/DEBUG] [slimeknights.tconstruct.library.materials.traits.MaterialTraitsManager/]: Loaded traits for material 'tconstruct:bone': 
	Default - [ModifierEntry{tconstruct:pierce,level=1}]
	tconstruct:skull - [ModifierEntry{tconstruct:strong_bones,level=1}, ModifierEntry{tconstruct:skeleton_disguise,level=1}]
[24Dec2025 19:08:56.367] [main/DEBUG] [slimeknights.tconstruct.library.materials.traits.MaterialTraitsManager/]: Loaded traits for material 'tconstruct:cinderslime': 
	Default - [ModifierEntry{tconstruct:overburn,level=1}, ModifierEntry{tconstruct:overslime,level=1}]
	
[24Dec2025 19:08:56.367] [main/DEBUG] [slimeknights.tconstruct.library.materials.traits.MaterialTraitsManager/]: Loaded traits for material 'tconstruct:constantan': 
	Default - [ModifierEntry{tconstruct:temperate,level=1}]
	
[24Dec2025 19:08:56.367] [main/DEBUG] [slimeknights.tconstruct.library.materials.traits.MaterialTraitsManager/]: Loaded traits for material 'tconstruct:venombone': 
	Default - [ModifierEntry{tconstruct:antitoxin,level=1}]
	tconstruct:skull - [ModifierEntry{tconstruct:frosttouch,level=1}, ModifierEntry{tconstruct:stray_disguise,level=1}]
[24Dec2025 19:08:56.367] [main/DEBUG] [slimeknights.tconstruct.library.materials.traits.MaterialTraitsManager/]: Loaded traits for material 'tconstruct:iron': 
	Default - [ModifierEntry{tconstruct:magnetic,level=1}]
	tconstruct:armor - [ModifierEntry{tconstruct:projectile_protection,level=1}]
	tconstruct:skull - [ModifierEntry{tconstruct:plague,level=1}, ModifierEntry{tconstruct:husk_disguise,level=1}]
	tconstruct:shield_core - [ModifierEntry{tconstruct:projectile_protection,level=1}]
	tconstruct:plating_helmet - [ModifierEntry{tconstruct:projectile_protection,level=1}]
	tconstruct:plating_leggings - [ModifierEntry{tconstruct:projectile_protection,level=1}]
	tconstruct:maille - [ModifierEntry{tconstruct:projectile_protection,level=1}]
	tconstruct:plating_shield - [ModifierEntry{tconstruct:projectile_protection,level=1}]
	tconstruct:plating_boots - [ModifierEntry{tconstruct:projectile_protection,level=1}]
	tconstruct:cuirass - [ModifierEntry{tconstruct:projectile_protection,level=1}]
	tconstruct:plating_chestplate - [ModifierEntry{tconstruct:projectile_protection,level=1}]
[24Dec2025 19:08:56.368] [main/DEBUG] [slimeknights.tconstruct.library.materials.traits.MaterialTraitsManager/]: Loaded traits for material 'tconstruct:flint': 
	Default - [ModifierEntry{tconstruct:jagged,level=1}]
	
[24Dec2025 19:08:56.368] [main/DEBUG] [slimeknights.tconstruct.library.materials.traits.MaterialTraitsManager/]: Loaded traits for material 'tconstruct:rotten_flesh': 
	Default - []
	tconstruct:skull - [ModifierEntry{tconstruct:wildfire,level=1}, ModifierEntry{tconstruct:zombie_disguise,level=1}]
[24Dec2025 19:08:56.368] [main/DEBUG] [slimeknights.tconstruct.library.materials.traits.MaterialTraitsManager/]: Loaded traits for material 'tconstruct:necrotic_bone': 
	Default - [ModifierEntry{tconstruct:necrotic,level=1}]
	tconstruct:skull - [ModifierEntry{tconstruct:withered,level=1}, ModifierEntry{tconstruct:wither_skeleton_disguise,level=1}]
[24Dec2025 19:08:56.368] [main/DEBUG] [slimeknights.tconstruct.library.materials.traits.MaterialTraitsManager/]: Loaded traits for material 'tconstruct:rose_gold': 
	Default - [ModifierEntry{tconstruct:enhanced,level=1}]
	tconstruct:skull - [ModifierEntry{tconstruct:gold_guard,level=1}, ModifierEntry{tconstruct:piglin_brute_disguise,level=1}, ModifierEntry{tconstruct:golden,level=1}]
[24Dec2025 19:08:56.368] [main/DEBUG] [slimeknights.tconstruct.library.materials.traits.MaterialTraitsManager/]: Loaded traits for material 'tconstruct:enderslime_vine': 
	Default - [ModifierEntry{tconstruct:enderporting,level=1}]
	tconstruct:armor - [ModifierEntry{tconstruct:enderclearance,level=1}]
	tconstruct:shield_core - [ModifierEntry{tconstruct:enderclearance,level=1}]
	tconstruct:plating_helmet - [ModifierEntry{tconstruct:enderclearance,level=1}]
	tconstruct:plating_leggings - [ModifierEntry{tconstruct:enderclearance,level=1}]
	tconstruct:maille - [ModifierEntry{tconstruct:enderclearance,level=1}]
	tconstruct:plating_shield - [ModifierEntry{tconstruct:enderclearance,level=1}]
	tconstruct:plating_boots - [ModifierEntry{tconstruct:enderclearance,level=1}]
	tconstruct:cuirass - [ModifierEntry{tconstruct:enderclearance,level=1}]
	tconstruct:plating_chestplate - [ModifierEntry{tconstruct:enderclearance,level=1}]
[24Dec2025 19:08:56.368] [main/DEBUG] [slimeknights.tconstruct.library.materials.traits.MaterialTraitsManager/]: Loaded traits for material 'tconstruct:electrum': 
	Default - [ModifierEntry{tconstruct:experienced,level=1}]
	
[24Dec2025 19:08:56.368] [main/DEBUG] [slimeknights.tconstruct.library.materials.traits.MaterialTraitsManager/]: Loaded traits for material 'tconstruct:ancient': 
	Default - [ModifierEntry{tconstruct:vintage,level=1}, ModifierEntry{tconstruct:worldbound,level=1}]
	
[24Dec2025 19:08:56.368] [main/DEBUG] [slimeknights.tconstruct.library.materials.traits.MaterialTraitsManager/]: Loaded traits for material 'tconstruct:seared_stone': 
	Default - [ModifierEntry{tconstruct:searing,level=1}]
	tconstruct:armor - [ModifierEntry{tconstruct:fire_protection,level=1}]
	tconstruct:shield_core - [ModifierEntry{tconstruct:fire_protection,level=1}]
	tconstruct:plating_helmet - [ModifierEntry{tconstruct:fire_protection,level=1}]
	tconstruct:plating_leggings - [ModifierEntry{tconstruct:fire_protection,level=1}]
	tconstruct:maille - [ModifierEntry{tconstruct:fire_protection,level=1}]
	tconstruct:plating_shield - [ModifierEntry{tconstruct:fire_protection,level=1}]
	tconstruct:plating_boots - [ModifierEntry{tconstruct:fire_protection,level=1}]
	tconstruct:cuirass - [ModifierEntry{tconstruct:fire_protection,level=1}]
	tconstruct:plating_chestplate - [ModifierEntry{tconstruct:fire_protection,level=1}]
[24Dec2025 19:08:56.368] [main/DEBUG] [slimeknights.tconstruct.library.materials.traits.MaterialTraitsManager/]: Loaded traits for material 'tconstruct:glass': 
	Default - []
	tconstruct:skull - [ModifierEntry{tconstruct:self_destructive,level=1}, ModifierEntry{tconstruct:creeper_disguise,level=1}]
[24Dec2025 19:08:56.368] [main/DEBUG] [slimeknights.tconstruct.library.materials.traits.MaterialTraitsManager/]: Loaded traits for material 'tconstruct:osmium': 
	Default - [ModifierEntry{tconstruct:dense,level=1}]
	
[24Dec2025 19:08:56.368] [main/DEBUG] [slimeknights.tconstruct.library.materials.traits.MaterialTraitsManager/]: Loaded traits for material 'tconstruct:manyullyn': 
	Default - [ModifierEntry{tconstruct:insatiable,level=1}]
	tconstruct:armor - [ModifierEntry{tconstruct:kinetic,level=1}]
	tconstruct:shield_core - [ModifierEntry{tconstruct:kinetic,level=1}]
	tconstruct:plating_helmet - [ModifierEntry{tconstruct:kinetic,level=1}]
	tconstruct:plating_leggings - [ModifierEntry{tconstruct:kinetic,level=1}]
	tconstruct:maille - [ModifierEntry{tconstruct:kinetic,level=1}]
	tconstruct:plating_shield - [ModifierEntry{tconstruct:kinetic,level=1}]
	tconstruct:plating_boots - [ModifierEntry{tconstruct:kinetic,level=1}]
	tconstruct:cuirass - [ModifierEntry{tconstruct:kinetic,level=1}]
	tconstruct:plating_chestplate - [ModifierEntry{tconstruct:kinetic,level=1}]
[24Dec2025 19:08:56.369] [main/DEBUG] [slimeknights.tconstruct.library.materials.traits.MaterialTraitsManager/]: Loaded traits for material 'tconstruct:blazewood': 
	Default - [ModifierEntry{tconstruct:flame_barrier,level=1}]
	
[24Dec2025 19:08:56.369] [main/DEBUG] [slimeknights.tconstruct.library.materials.traits.MaterialTraitsManager/]: Loaded traits for material 'tconstruct:weeping_vine': 
	Default - [ModifierEntry{tconstruct:flamestance,level=1}]
	
[24Dec2025 19:08:56.369] [main/DEBUG] [slimeknights.tconstruct.library.materials.traits.MaterialTraitsManager/]: Loaded traits for material 'tconstruct:magma': 
	Default - []
	
[24Dec2025 19:08:56.369] [main/DEBUG] [slimeknights.tconstruct.library.materials.traits.MaterialTraitsManager/]: Loaded traits for material 'tconstruct:lead': 
	Default - [ModifierEntry{tconstruct:heavy,level=1}]
	
[24Dec2025 19:08:56.369] [main/DEBUG] [slimeknights.tconstruct.library.materials.traits.MaterialTraitsManager/]: Loaded traits for material 'tconstruct:ice': 
	Default - [ModifierEntry{tconstruct:frostshield,level=1}]
	
[24Dec2025 19:08:56.369] [main/DEBUG] [slimeknights.tconstruct.library.materials.traits.MaterialTraitsManager/]: Loaded traits for material 'tconstruct:gold': 
	Default - []
	tconstruct:armor - [ModifierEntry{tconstruct:golden,level=1}, ModifierEntry{tconstruct:magic_protection,level=1}]
	tconstruct:skull - [ModifierEntry{tconstruct:chrysophilite,level=1}, ModifierEntry{tconstruct:piglin_disguise,level=1}, ModifierEntry{tconstruct:golden,level=1}]
	tconstruct:plating_shield - [ModifierEntry{tconstruct:magic_protection,level=1}]
	tconstruct:shield_core - [ModifierEntry{tconstruct:golden,level=1}, ModifierEntry{tconstruct:magic_protection,level=1}]
	tconstruct:plating_helmet - [ModifierEntry{tconstruct:golden,level=1}, ModifierEntry{tconstruct:magic_protection,level=1}]
	tconstruct:plating_leggings - [ModifierEntry{tconstruct:golden,level=1}, ModifierEntry{tconstruct:magic_protection,level=1}]
	tconstruct:maille - [ModifierEntry{tconstruct:golden,level=1}, ModifierEntry{tconstruct:magic_protection,level=1}]
	tconstruct:plating_boots - [ModifierEntry{tconstruct:golden,level=1}, ModifierEntry{tconstruct:magic_protection,level=1}]
	tconstruct:cuirass - [ModifierEntry{tconstruct:golden,level=1}, ModifierEntry{tconstruct:magic_protection,level=1}]
	tconstruct:plating_chestplate - [ModifierEntry{tconstruct:golden,level=1}, ModifierEntry{tconstruct:magic_protection,level=1}]
[24Dec2025 19:08:56.369] [main/DEBUG] [slimeknights.tconstruct.library.materials.traits.MaterialTraitsManager/]: Loaded traits for material 'tconstruct:aluminum': 
	Default - [ModifierEntry{tconstruct:featherweight,level=1}]
	
[24Dec2025 19:08:56.369] [main/DEBUG] [slimeknights.tconstruct.library.materials.traits.MaterialTraitsManager/]: Loaded traits for material 'tconstruct:rock': 
	Default - [ModifierEntry{tconstruct:stonebound,level=1}]
	
[24Dec2025 19:08:56.369] [main/DEBUG] [slimeknights.tconstruct.library.materials.traits.MaterialTraitsManager/]: Loaded traits for material 'tconstruct:bamboo': 
	Default - [ModifierEntry{tconstruct:unburdened,level=1}]
	
[24Dec2025 19:08:56.369] [main/DEBUG] [slimeknights.tconstruct.library.materials.traits.MaterialTraitsManager/]: Loaded traits for material 'tconstruct:tungsten': 
	Default - [ModifierEntry{tconstruct:sharpweight,level=1}]
	
[24Dec2025 19:08:56.369] [main/DEBUG] [slimeknights.tconstruct.library.materials.traits.MaterialTraitsManager/]: Loaded traits for material 'tconstruct:earthslime': 
	Default - []
	
[24Dec2025 19:08:56.369] [main/DEBUG] [slimeknights.tconstruct.library.materials.traits.MaterialTraitsManager/]: Loaded traits for material 'tconstruct:cactus': 
	Default - [ModifierEntry{tconstruct:thorns,level=1}]
	
[24Dec2025 19:08:56.369] [main/DEBUG] [slimeknights.tconstruct.library.materials.traits.MaterialTraitsManager/]: Loaded traits for material 'tconstruct:skyslime': 
	Default - []
	
[24Dec2025 19:08:56.370] [main/DEBUG] [slimeknights.tconstruct.library.materials.traits.MaterialTraitsManager/]: Loaded traits for material 'tconstruct:enderslime': 
	Default - []
	
[24Dec2025 19:08:56.370] [main/DEBUG] [slimeknights.tconstruct.library.materials.traits.MaterialTraitsManager/]: Loaded traits for material 'tconstruct:treated_wood': 
	Default - [ModifierEntry{tconstruct:preserved,level=1}]
	
[24Dec2025 19:08:56.370] [main/DEBUG] [slimeknights.tconstruct.library.materials.traits.MaterialTraitsManager/]: Loaded traits for material 'tconstruct:slimesteel': 
	Default - [ModifierEntry{tconstruct:overcast,level=1}, ModifierEntry{tconstruct:overslime,level=1}]
	
[24Dec2025 19:08:56.370] [main/DEBUG] [slimeknights.tconstruct.library.materials.traits.MaterialTraitsManager/]: Loaded traits for material 'tconstruct:cobalt': 
	Default - [ModifierEntry{tconstruct:lightweight,level=1}]
	tconstruct:armor - [ModifierEntry{tconstruct:melee_protection,level=1}]
	tconstruct:shield_core - [ModifierEntry{tconstruct:melee_protection,level=1}]
	tconstruct:plating_helmet - [ModifierEntry{tconstruct:melee_protection,level=1}]
	tconstruct:plating_leggings - [ModifierEntry{tconstruct:melee_protection,level=1}]
	tconstruct:maille - [ModifierEntry{tconstruct:melee_protection,level=1}]
	tconstruct:plating_shield - [ModifierEntry{tconstruct:melee_protection,level=1}]
	tconstruct:plating_boots - [ModifierEntry{tconstruct:melee_protection,level=1}]
	tconstruct:cuirass - [ModifierEntry{tconstruct:melee_protection,level=1}]
	tconstruct:plating_chestplate - [ModifierEntry{tconstruct:melee_protection,level=1}]
[24Dec2025 19:08:56.370] [main/DEBUG] [slimeknights.tconstruct.library.materials.traits.MaterialTraitsManager/]: Loaded traits for material 'tconstruct:leather': 
	Default - [ModifierEntry{tconstruct:tanned,level=1}]
	
[24Dec2025 19:08:56.371] [main/INFO] [slimeknights.tconstruct.library.materials.traits.MaterialTraitsManager/]: 229 traits loaded for 69 materials in 14.939352 ms
[24Dec2025 19:08:56.372] [main/INFO] [slimeknights.mantle.fluid.transfer.FluidContainerTransferManager/]: Loaded 25 dynamic modifiers in 1.474991 ms
[24Dec2025 19:08:56.377] [main/DEBUG] [sophisticatedbackpacks/]: Started loading registry data from sophisticatedbackpacks:compat/woot/block_tools 
[24Dec2025 19:08:56.377] [main/DEBUG] [sophisticatedbackpacks/]: Started loading registry data from sophisticatedbackpacks:compat/fluxnetworks/block_tools 
[24Dec2025 19:08:56.377] [main/DEBUG] [sophisticatedbackpacks/]: Started loading registry data from sophisticatedbackpacks:compat/mob_grinding_utils/entity_tools 
[24Dec2025 19:08:56.377] [main/DEBUG] [sophisticatedbackpacks/]: Started loading registry data from sophisticatedbackpacks:compat/astralsorcery/block_tools 
[24Dec2025 19:08:56.377] [main/DEBUG] [sophisticatedbackpacks/]: Started loading registry data from sophisticatedbackpacks:compat/immersivepetroleum/block_tools 
[24Dec2025 19:08:56.377] [main/DEBUG] [sophisticatedbackpacks/]: Started loading registry data from sophisticatedbackpacks:compat/immersiveengineering/block_tools 
[24Dec2025 19:08:56.377] [main/DEBUG] [sophisticatedbackpacks/]: Started loading registry data from sophisticatedbackpacks:compat/pedestals/block_tools 
[24Dec2025 19:08:56.378] [main/DEBUG] [sophisticatedbackpacks/]: Started loading registry data from sophisticatedbackpacks:compat/platforms/block_tools 
[24Dec2025 19:08:56.378] [main/DEBUG] [sophisticatedbackpacks/]: Started loading registry data from sophisticatedbackpacks:compat/rftoolsutility/entity_tools 
[24Dec2025 19:08:56.378] [main/DEBUG] [sophisticatedbackpacks/]: Started loading registry data from sophisticatedbackpacks:compat/compactmachines/block_tools 
[24Dec2025 19:08:56.378] [main/DEBUG] [sophisticatedbackpacks/]: Started loading registry data from sophisticatedbackpacks:compat/mcwwindows/block_tools 
[24Dec2025 19:08:56.378] [main/DEBUG] [sophisticatedbackpacks/]: Started loading registry data from sophisticatedbackpacks:compat/integrateddynamics/block_tools 
[24Dec2025 19:08:56.378] [main/DEBUG] [sophisticatedbackpacks/]: Started loading registry data from sophisticatedbackpacks:entity_tools 
[24Dec2025 19:08:56.381] [main/DEBUG] [sophisticatedbackpacks/]: Finished loading registry data for sophisticatedbackpacks:entity_tools
[24Dec2025 19:08:56.381] [main/DEBUG] [sophisticatedbackpacks/]: Started loading registry data from sophisticatedbackpacks:compat/mekanism/block_tools 
[24Dec2025 19:08:56.381] [main/DEBUG] [sophisticatedbackpacks/]: Started loading registry data from sophisticatedbackpacks:compat/powah/block_tools 
[24Dec2025 19:08:56.381] [main/DEBUG] [sophisticatedbackpacks/]: Started loading registry data from sophisticatedbackpacks:compat/apotheosis/entity_tools 
[24Dec2025 19:08:56.381] [main/DEBUG] [sophisticatedbackpacks/]: Started loading registry data from sophisticatedbackpacks:compat/bloodmagic/block_tools 
[24Dec2025 19:08:56.381] [main/DEBUG] [sophisticatedbackpacks/]: Started loading registry data from sophisticatedbackpacks:compat/immersiveposts/block_tools 
[24Dec2025 19:08:56.382] [main/DEBUG] [sophisticatedbackpacks/]: Started loading registry data from sophisticatedbackpacks:compat/rats/entity_tools 
[24Dec2025 19:08:56.382] [main/DEBUG] [sophisticatedbackpacks/]: Started loading registry data from sophisticatedbackpacks:compat/framedcompactdrawers/block_tools 
[24Dec2025 19:08:56.382] [main/DEBUG] [sophisticatedbackpacks/]: Started loading registry data from sophisticatedbackpacks:compat/iceandfire/entity_tools 
[24Dec2025 19:08:56.382] [main/DEBUG] [sophisticatedbackpacks/]: Started loading registry data from sophisticatedbackpacks:compat/storagedrawers/block_tools 
[24Dec2025 19:08:56.382] [main/DEBUG] [sophisticatedbackpacks/]: Started loading registry data from sophisticatedbackpacks:compat/mcwroofs/block_tools 
[24Dec2025 19:08:56.382] [main/DEBUG] [sophisticatedbackpacks/]: Started loading registry data from sophisticatedbackpacks:compat/morphtool/block_tools 
[24Dec2025 19:08:56.382] [main/DEBUG] [sophisticatedbackpacks/]: Started loading registry data from sophisticatedbackpacks:compat/botania/block_tools 
[24Dec2025 19:08:56.382] [main/DEBUG] [sophisticatedbackpacks/]: Started loading registry data from sophisticatedbackpacks:compat/pneumaticraft/block_tools 
[24Dec2025 19:08:56.382] [main/DEBUG] [sophisticatedbackpacks/]: Started loading registry data from sophisticatedbackpacks:compat/shrink/entity_tools 
[24Dec2025 19:08:56.382] [main/DEBUG] [sophisticatedbackpacks/]: Started loading registry data from sophisticatedbackpacks:compat/blockcarpentry/block_tools 
[24Dec2025 19:08:56.382] [main/DEBUG] [sophisticatedbackpacks/]: Started loading registry data from sophisticatedbackpacks:compat/pipez/block_tools 
[24Dec2025 19:08:56.382] [main/DEBUG] [sophisticatedbackpacks/]: Started loading registry data from sophisticatedbackpacks:compat/transport/block_tools 
[24Dec2025 19:08:56.382] [main/DEBUG] [sophisticatedbackpacks/]: Started loading registry data from sophisticatedbackpacks:compat/thermal/block_tools 
[24Dec2025 19:08:56.382] [main/DEBUG] [sophisticatedbackpacks/]: Started loading registry data from sophisticatedbackpacks:block_tools 
[24Dec2025 19:08:56.382] [main/DEBUG] [sophisticatedbackpacks/]: Finished loading registry data for sophisticatedbackpacks:block_tools
[24Dec2025 19:08:56.382] [main/DEBUG] [sophisticatedbackpacks/]: Started loading registry data from sophisticatedbackpacks:compat/create/block_tools 
[24Dec2025 19:08:56.382] [main/DEBUG] [sophisticatedbackpacks/]: Started loading registry data from sophisticatedbackpacks:compat/farmersdelight/entity_tools 
[24Dec2025 19:08:56.383] [main/DEBUG] [sophisticatedbackpacks/]: Finished loading registry data for sophisticatedbackpacks:compat/farmersdelight/entity_tools
[24Dec2025 19:08:56.383] [main/DEBUG] [sophisticatedbackpacks/]: Started loading registry data from sophisticatedbackpacks:compat/refinedstorage/block_tools 
[24Dec2025 19:08:56.383] [main/DEBUG] [sophisticatedbackpacks/]: Started loading registry data from sophisticatedbackpacks:compat/chiselsandbits/block_tools 
[24Dec2025 19:08:56.383] [main/DEBUG] [sophisticatedbackpacks/]: Started loading registry data from sophisticatedbackpacks:compat/farmersdelight/block_tools 
[24Dec2025 19:08:56.384] [main/DEBUG] [sophisticatedbackpacks/]: Finished loading registry data for sophisticatedbackpacks:compat/farmersdelight/block_tools
[24Dec2025 19:08:56.384] [main/DEBUG] [sophisticatedbackpacks/]: Started loading registry data from sophisticatedbackpacks:compat/resourcefulbees/entity_tools 
[24Dec2025 19:08:56.384] [main/DEBUG] [sophisticatedbackpacks/]: Started loading registry data from sophisticatedbackpacks:compat/tetra/swords 
[24Dec2025 19:08:56.384] [main/DEBUG] [sophisticatedbackpacks/]: Started loading registry data from sophisticatedbackpacks:swords 
[24Dec2025 19:08:56.384] [main/DEBUG] [sophisticatedbackpacks/]: Finished loading registry data for sophisticatedbackpacks:swords
[24Dec2025 19:08:56.384] [main/DEBUG] [sophisticatedbackpacks/]: Started loading registry data from sophisticatedbackpacks:compat/mythicbotany/block_tools 
[24Dec2025 19:08:56.384] [main/DEBUG] [sophisticatedbackpacks/]: Started loading registry data from sophisticatedbackpacks:compat/resourcefulbees/block_tools 
[24Dec2025 19:08:56.384] [main/DEBUG] [sophisticatedbackpacks/]: Started loading registry data from sophisticatedbackpacks:compat/syp/entity_tools 
[24Dec2025 19:08:56.384] [main/DEBUG] [sophisticatedbackpacks/]: Started loading registry data from sophisticatedbackpacks:compat/eidolon/block_tools 
[24Dec2025 19:08:56.384] [main/DEBUG] [sophisticatedbackpacks/]: Started loading registry data from sophisticatedbackpacks:compat/rftoolsbase/block_tools 
[24Dec2025 19:08:56.411] [main/DEBUG] [slimeknights.tconstruct.library.modifiers.ModifierManager/]: Redirecting modifier tconstruct:path_maker to tconstruct:pathing
[24Dec2025 19:08:56.443] [main/DEBUG] [slimeknights.tconstruct.library.modifiers.ModifierManager/]: Redirecting modifier tconstruct:plowing to tconstruct:tilling
[24Dec2025 19:08:56.448] [main/DEBUG] [slimeknights.tconstruct.library.modifiers.ModifierManager/]: Redirecting modifier tconstruct:sturdy to tconstruct:ductile
[24Dec2025 19:08:56.466] [main/DEBUG] [slimeknights.tconstruct.library.modifiers.ModifierManager/]: Redirecting modifier tconstruct:lightspeed_armor to tconstruct:lightspeed
[24Dec2025 19:08:56.468] [main/INFO] [slimeknights.tconstruct.library.modifiers.ModifierManager/]: Loaded 154 dynamic modifiers and 4 modifier redirects in 70.3115 ms
[24Dec2025 19:08:56.475] [main/INFO] [slimeknights.tconstruct.library.modifiers.ModifierManager/]: Loaded 42 modifier tags for 141 modifiers in 7.289427 ms
[24Dec2025 19:08:56.476] [main/INFO] [slimeknights.tconstruct.library.modifiers.ModifierManager/]: Loaded 50 enchantment to modifier mappings in 0.726234 ms
[24Dec2025 19:08:56.483] [main/INFO] [tconstruct/]: Loaded 43 spilling fluids in 7.432318 ms
[24Dec2025 19:08:56.492] [main/INFO] [quark-zeta/]: Modified advancement minecraft:husbandry/wax_on with 2 patches
[24Dec2025 19:08:56.493] [main/INFO] [quark-zeta/]: Modified advancement minecraft:adventure/kill_a_mob with 3 patches
[24Dec2025 19:08:56.494] [main/INFO] [quark-zeta/]: Modified advancement minecraft:husbandry/bred_all_animals with 3 patches
[24Dec2025 19:08:56.495] [main/INFO] [quark-zeta/]: Modified advancement minecraft:adventure/kill_all_mobs with 3 patches
[24Dec2025 19:08:56.495] [main/INFO] [quark-zeta/]: Modified advancement minecraft:husbandry/balanced_diet with 2 patches
[24Dec2025 19:08:56.496] [main/INFO] [quark-zeta/]: Modified advancement minecraft:nether/all_effects with 1 patches
[24Dec2025 19:08:56.497] [main/INFO] [quark-zeta/]: Modified advancement minecraft:husbandry/wax_off with 2 patches
[24Dec2025 19:08:56.498] [main/INFO] [quark-zeta/]: Modified advancement minecraft:adventure/adventuring_time with 1 patches
[24Dec2025 19:08:56.498] [main/INFO] [quark-zeta/]: Modified advancement minecraft:nether/all_potions with 1 patches
[24Dec2025 19:08:56.518] [main/INFO] [slimeknights.tconstruct.library.tools.definition.ToolDefinitionLoader/]: Loaded 38 tool definitions in 19.093264 ms
[24Dec2025 19:08:56.526] [main/INFO] [slimeknights.tconstruct.library.tools.layout.StationSlotLayoutLoader/]: Loaded 19 station slot layouts in 6.752335 ms
[24Dec2025 19:09:00.148] [main/DEBUG] [net.minecraftforge.common.ForgeHooks/WP]: Gathering id map for writing to world save world
[24Dec2025 19:09:00.190] [main/DEBUG] [net.minecraftforge.common.ForgeHooks/WP]: ID Map collection complete world
[24Dec2025 19:09:00.244] [Server thread/INFO] [net.minecraft.server.dedicated.DedicatedServer/]: Starting minecraft server version 1.20.1
[24Dec2025 19:09:00.244] [Server thread/INFO] [net.minecraft.server.dedicated.DedicatedServer/]: Loading properties
[24Dec2025 19:09:00.244] [Server thread/INFO] [net.minecraft.server.dedicated.DedicatedServer/]: Default game type: SURVIVAL
[24Dec2025 19:09:00.245] [Server thread/INFO] [net.minecraft.server.MinecraftServer/]: Generating keypair
[24Dec2025 19:09:00.320] [Server thread/INFO] [net.minecraft.server.dedicated.DedicatedServer/]: Starting Minecraft server on *:25565
[24Dec2025 19:09:00.323] [Server thread/DEBUG] [net.minecraftforge.network.DualStackUtils/]: Detected IPv6 address: "0:0:0:0:0:0:0:0"
[24Dec2025 19:09:00.330] [Server thread/DEBUG] [io.netty.util.internal.NativeLibraryLoader/]: -Dio.netty.native.workdir: /tmp (io.netty.tmpdir)
[24Dec2025 19:09:00.330] [Server thread/DEBUG] [io.netty.util.internal.NativeLibraryLoader/]: -Dio.netty.native.deleteLibAfterLoading: true
[24Dec2025 19:09:00.330] [Server thread/DEBUG] [io.netty.util.internal.NativeLibraryLoader/]: -Dio.netty.native.tryPatchShadedId: true
[24Dec2025 19:09:00.331] [Server thread/DEBUG] [io.netty.util.internal.NativeLibraryLoader/]: -Dio.netty.native.detectNativeLibraryDuplicates: true
[24Dec2025 19:09:00.338] [Server thread/DEBUG] [io.netty.util.internal.NativeLibraryLoader/]: Successfully loaded the library /tmp/libnetty_transport_native_epoll_x86_6413874655704074191574.so
[24Dec2025 19:09:00.340] [Server thread/DEBUG] [io.netty.util.NetUtil/]: -Djava.net.preferIPv4Stack: false
[24Dec2025 19:09:00.341] [Server thread/DEBUG] [io.netty.util.NetUtil/]: -Djava.net.preferIPv6Addresses: true
[24Dec2025 19:09:00.342] [Server thread/DEBUG] [io.netty.util.NetUtilInitializations/]: Loopback interface: lo (lo, 0:0:0:0:0:0:0:1%lo)
[24Dec2025 19:09:00.342] [Server thread/DEBUG] [io.netty.util.NetUtil/]: /proc/sys/net/core/somaxconn: 4096
[24Dec2025 19:09:00.347] [Server thread/INFO] [net.minecraft.server.network.ServerConnectionListener/]: Using epoll channel type
[24Dec2025 19:09:00.363] [Server thread/DEBUG] [io.netty.channel.MultithreadEventLoopGroup/]: -Dio.netty.eventLoopThreads: 8
[24Dec2025 19:09:00.375] [Server thread/DEBUG] [io.netty.util.internal.InternalThreadLocalMap/]: -Dio.netty.threadLocalMap.stringBuilder.initialSize: 1024
[24Dec2025 19:09:00.375] [Server thread/DEBUG] [io.netty.util.internal.InternalThreadLocalMap/]: -Dio.netty.threadLocalMap.stringBuilder.maxSize: 4096
[24Dec2025 19:09:00.385] [Server thread/DEBUG] [io.netty.util.internal.PlatformDependent/]: org.jctools-core.MpscChunkedArrayQueue: available
[24Dec2025 19:09:00.397] [Server thread/DEBUG] [io.netty.channel.DefaultChannelId/]: -Dio.netty.processId: 3472 (auto-detected)
[24Dec2025 19:09:00.399] [Server thread/DEBUG] [io.netty.channel.DefaultChannelId/]: -Dio.netty.machineId: 7c:1e:52:ff:fe:d6:6f:be (auto-detected)
[24Dec2025 19:09:00.424] [Server thread/DEBUG] [io.netty.buffer.PooledByteBufAllocator/]: -Dio.netty.allocator.numHeapArenas: 8
[24Dec2025 19:09:00.425] [Server thread/DEBUG] [io.netty.buffer.PooledByteBufAllocator/]: -Dio.netty.allocator.numDirectArenas: 8
[24Dec2025 19:09:00.425] [Server thread/DEBUG] [io.netty.buffer.PooledByteBufAllocator/]: -Dio.netty.allocator.pageSize: 8192
[24Dec2025 19:09:00.425] [Server thread/DEBUG] [io.netty.buffer.PooledByteBufAllocator/]: -Dio.netty.allocator.maxOrder: 9
[24Dec2025 19:09:00.425] [Server thread/DEBUG] [io.netty.buffer.PooledByteBufAllocator/]: -Dio.netty.allocator.chunkSize: 4194304
[24Dec2025 19:09:00.425] [Server thread/DEBUG] [io.netty.buffer.PooledByteBufAllocator/]: -Dio.netty.allocator.smallCacheSize: 256
[24Dec2025 19:09:00.425] [Server thread/DEBUG] [io.netty.buffer.PooledByteBufAllocator/]: -Dio.netty.allocator.normalCacheSize: 64
[24Dec2025 19:09:00.425] [Server thread/DEBUG] [io.netty.buffer.PooledByteBufAllocator/]: -Dio.netty.allocator.maxCachedBufferCapacity: 32768
[24Dec2025 19:09:00.425] [Server thread/DEBUG] [io.netty.buffer.PooledByteBufAllocator/]: -Dio.netty.allocator.cacheTrimInterval: 8192
[24Dec2025 19:09:00.425] [Server thread/DEBUG] [io.netty.buffer.PooledByteBufAllocator/]: -Dio.netty.allocator.cacheTrimIntervalMillis: 0
[24Dec2025 19:09:00.425] [Server thread/DEBUG] [io.netty.buffer.PooledByteBufAllocator/]: -Dio.netty.allocator.useCacheForAllThreads: false
[24Dec2025 19:09:00.425] [Server thread/DEBUG] [io.netty.buffer.PooledByteBufAllocator/]: -Dio.netty.allocator.maxCachedByteBuffersPerChunk: 1023
[24Dec2025 19:09:00.433] [Server thread/DEBUG] [io.netty.buffer.ByteBufUtil/]: -Dio.netty.allocator.type: pooled
[24Dec2025 19:09:00.433] [Server thread/DEBUG] [io.netty.buffer.ByteBufUtil/]: -Dio.netty.threadLocalDirectBufferSize: 0
[24Dec2025 19:09:00.433] [Server thread/DEBUG] [io.netty.buffer.ByteBufUtil/]: -Dio.netty.maxThreadLocalCharBufferSize: 16384
[24Dec2025 19:09:00.441] [Server thread/WARN] [net.minecraft.server.dedicated.DedicatedServer/]: **** SERVER IS RUNNING IN OFFLINE/INSECURE MODE!
[24Dec2025 19:09:00.442] [Server thread/WARN] [net.minecraft.server.dedicated.DedicatedServer/]: The server will make no attempt to authenticate usernames. Beware.
[24Dec2025 19:09:00.442] [Server thread/WARN] [net.minecraft.server.dedicated.DedicatedServer/]: While this makes the game possible to play without internet access, it also opens up the ability for hackers to connect with any username they choose.
[24Dec2025 19:09:00.442] [Server thread/WARN] [net.minecraft.server.dedicated.DedicatedServer/]: To change this, set "online-mode" to "true" in the server.properties file.
[24Dec2025 19:09:00.456] [Server thread/DEBUG] [net.minecraftforge.fml.config.ConfigTracker/CONFIG]: Loading configs type SERVER
[24Dec2025 19:09:00.456] [Server thread/DEBUG] [net.minecraftforge.fml.config.ConfigFileTypeHandler/CONFIG]: Built TOML config for ./world/serverconfig/jei-server.toml
[24Dec2025 19:09:00.456] [Server thread/DEBUG] [net.minecraftforge.fml.config.ConfigFileTypeHandler/CONFIG]: Loaded TOML config file ./world/serverconfig/jei-server.toml
[24Dec2025 19:09:00.457] [Server thread/DEBUG] [net.minecraftforge.fml.config.ConfigFileTypeHandler/CONFIG]: Watching TOML config file ./world/serverconfig/jei-server.toml for changes
[24Dec2025 19:09:00.457] [Thread-1/DEBUG] [net.minecraftforge.fml.config.ConfigFileTypeHandler/CONFIG]: Config file jei-server.toml changed, sending notifies
[24Dec2025 19:09:00.457] [Server thread/DEBUG] [net.minecraftforge.fml.config.ConfigFileTypeHandler/CONFIG]: Built TOML config for ./world/serverconfig/mantle-server.toml
[24Dec2025 19:09:00.457] [Thread-1/DEBUG] [net.minecraftforge.fml.config.ConfigFileTypeHandler/CONFIG]: Config file jei-server.toml changed, sending notifies
[24Dec2025 19:09:00.458] [Server thread/DEBUG] [net.minecraftforge.fml.config.ConfigFileTypeHandler/CONFIG]: Loaded TOML config file ./world/serverconfig/mantle-server.toml
[24Dec2025 19:09:00.458] [Server thread/DEBUG] [net.minecraftforge.fml.config.ConfigFileTypeHandler/CONFIG]: Watching TOML config file ./world/serverconfig/mantle-server.toml for changes
[24Dec2025 19:09:00.458] [Thread-1/DEBUG] [net.minecraftforge.fml.config.ConfigFileTypeHandler/CONFIG]: Config file mantle-server.toml changed, sending notifies
[24Dec2025 19:09:00.459] [Server thread/DEBUG] [net.minecraftforge.fml.config.ConfigFileTypeHandler/CONFIG]: Built TOML config for ./world/serverconfig/securitycraft-server.toml
[24Dec2025 19:09:00.459] [Thread-1/DEBUG] [net.minecraftforge.fml.config.ConfigFileTypeHandler/CONFIG]: Config file mantle-server.toml changed, sending notifies
[24Dec2025 19:09:00.459] [Server thread/DEBUG] [net.minecraftforge.fml.config.ConfigFileTypeHandler/CONFIG]: Loaded TOML config file ./world/serverconfig/securitycraft-server.toml
[24Dec2025 19:09:00.459] [Server thread/DEBUG] [net.minecraftforge.fml.config.ConfigFileTypeHandler/CONFIG]: Watching TOML config file ./world/serverconfig/securitycraft-server.toml for changes
[24Dec2025 19:09:00.463] [Thread-1/DEBUG] [net.minecraftforge.fml.config.ConfigFileTypeHandler/CONFIG]: Config file securitycraft-server.toml changed, sending notifies
[24Dec2025 19:09:00.463] [Server thread/DEBUG] [net.minecraftforge.fml.config.ConfigFileTypeHandler/CONFIG]: Built TOML config for ./world/serverconfig/sophisticatedbackpacks-server.toml
[24Dec2025 19:09:00.464] [Thread-1/DEBUG] [net.minecraftforge.fml.config.ConfigFileTypeHandler/CONFIG]: Config file securitycraft-server.toml changed, sending notifies
[24Dec2025 19:09:00.465] [Server thread/DEBUG] [net.minecraftforge.fml.config.ConfigFileTypeHandler/CONFIG]: Loaded TOML config file ./world/serverconfig/sophisticatedbackpacks-server.toml
[24Dec2025 19:09:00.465] [Server thread/DEBUG] [net.minecraftforge.fml.config.ConfigFileTypeHandler/CONFIG]: Watching TOML config file ./world/serverconfig/sophisticatedbackpacks-server.toml for changes
[24Dec2025 19:09:00.468] [Thread-1/DEBUG] [net.minecraftforge.fml.config.ConfigFileTypeHandler/CONFIG]: Config file sophisticatedbackpacks-server.toml changed, sending notifies
[24Dec2025 19:09:00.468] [Server thread/DEBUG] [net.minecraftforge.fml.config.ConfigFileTypeHandler/CONFIG]: Built TOML config for ./world/serverconfig/forge-server.toml
[24Dec2025 19:09:00.469] [Server thread/DEBUG] [net.minecraftforge.fml.config.ConfigFileTypeHandler/CONFIG]: Loaded TOML config file ./world/serverconfig/forge-server.toml
[24Dec2025 19:09:00.469] [Server thread/DEBUG] [net.minecraftforge.fml.config.ConfigFileTypeHandler/CONFIG]: Watching TOML config file ./world/serverconfig/forge-server.toml for changes
[24Dec2025 19:09:00.469] [Server thread/DEBUG] [net.minecraftforge.common.ForgeConfig/FORGEMOD]: Loaded forge config file forge-server.toml
[24Dec2025 19:09:00.471] [Thread-1/DEBUG] [net.minecraftforge.fml.config.ConfigFileTypeHandler/CONFIG]: Config file sophisticatedbackpacks-server.toml changed, sending notifies
[24Dec2025 19:09:00.499] [Server thread/DEBUG] [mixin/]: Mixing VillagerTradesMixin from quark.mixins.json into net.minecraft.world.entity.npc.VillagerTrades
[24Dec2025 19:09:00.509] [Server thread/DEBUG] [mixin/]: Mixing EnchantBookForEmeraldsMixin from quark.mixins.json into net.minecraft.world.entity.npc.VillagerTrades$EnchantBookForEmeralds
[24Dec2025 19:09:00.517] [Server thread/INFO] [zeta/]: Server starting, accepting filewatcher changes for zeta's config
[24Dec2025 19:09:00.518] [Server thread/INFO] [quark-zeta/]: Server starting, accepting filewatcher changes for quark's config
[24Dec2025 19:09:00.520] [Server thread/INFO] [net.minecraft.server.dedicated.DedicatedServer/]: Preparing level "world"
[24Dec2025 19:09:00.527] [Server thread/DEBUG] [net.minecraftforge.coremod.transformer.CoreModBaseTransformer/COREMOD]: Transforming net/minecraft/world/level/levelgen/PhantomSpawner
[24Dec2025 19:09:00.537] [Server thread/DEBUG] [net.minecraftforge.coremod.transformer.CoreModBaseTransformer/COREMOD]: Transforming net/minecraft/world/level/levelgen/PatrolSpawner
[24Dec2025 19:09:00.543] [Server thread/DEBUG] [net.minecraftforge.coremod.transformer.CoreModBaseTransformer/COREMOD]: Transforming net/minecraft/world/entity/npc/CatSpawner
[24Dec2025 19:09:00.550] [Server thread/DEBUG] [net.minecraftforge.coremod.transformer.CoreModBaseTransformer/COREMOD]: Transforming net/minecraft/world/entity/ai/village/VillageSiege
[24Dec2025 19:09:00.571] [Server thread/DEBUG] [mixin/]: Mixing DamageSourcesMixin from quark.mixins.json into net.minecraft.world.damagesource.DamageSources
[24Dec2025 19:09:00.606] [Server thread/DEBUG] [mixin/]: Mixing camera.ChunkMapMixin from securitycraft.mixins.json into net.minecraft.server.level.ChunkMap
[24Dec2025 19:09:00.607] [Server thread/DEBUG] [mixin/]: Renaming synthetic method lambda$securitycraft$onDropChunk$3(Lnet/minecraft/server/level/ServerPlayer;Lnet/minecraft/world/level/ChunkPos;Lnet/geforcemods/securitycraft/blockentities/SecurityCameraBlockEntity;)Z to md935eec$lambda$securitycraft$onDropChunk$3$0 in securitycraft.mixins.json:camera.ChunkMapMixin
[24Dec2025 19:09:00.607] [Server thread/DEBUG] [mixin/]: Renaming synthetic method lambda$securitycraft$sendChunksToCameras$2(Lnet/minecraft/server/level/ServerPlayer;Lnet/minecraft/world/level/ChunkPos;Lnet/geforcemods/securitycraft/blockentities/SecurityCameraBlockEntity;)Z to md935eec$lambda$securitycraft$sendChunksToCameras$2$1 in securitycraft.mixins.json:camera.ChunkMapMixin
[24Dec2025 19:09:00.607] [Server thread/DEBUG] [mixin/]: Renaming synthetic method lambda$securitycraft$trackCameraLoadedChunks$1(Lnet/minecraft/server/level/ServerPlayer;Lnet/minecraft/world/level/ChunkPos;Lnet/geforcemods/securitycraft/blockentities/SecurityCameraBlockEntity;)Z to md935eec$lambda$securitycraft$trackCameraLoadedChunks$1$2 in securitycraft.mixins.json:camera.ChunkMapMixin
[24Dec2025 19:09:00.607] [Server thread/DEBUG] [mixin/]: Renaming synthetic method lambda$securitycraft$trackCameraLoadedChunks$0(Lnet/minecraft/server/level/ServerPlayer;Lnet/geforcemods/securitycraft/blockentities/SecurityCameraBlockEntity;)Z to md935eec$lambda$securitycraft$trackCameraLoadedChunks$0$3 in securitycraft.mixins.json:camera.ChunkMapMixin
[24Dec2025 19:09:00.841] [Server thread/DEBUG] [mixin/]: Mixing reinforced.PortalForcerMixin from securitycraft.mixins.json into net.minecraft.world.level.portal.PortalForcer
[24Dec2025 19:09:05.422] [Server thread/INFO] [net.minecraft.server.MinecraftServer/]: Preparing start region for dimension minecraft:overworld
[24Dec2025 19:09:06.767] [Server thread/DEBUG] [mixin/]: Mixing StructureStartMixin from zeta.mixins.json into net.minecraft.world.level.levelgen.structure.StructureStart
[24Dec2025 19:09:06.779] [Server thread/DEBUG] [net.minecraftforge.coremod.transformer.CoreModBaseTransformer/COREMOD]: Transforming net/minecraft/world/level/levelgen/structure/templatesystem/StructureTemplate
[24Dec2025 19:09:06.830] [Server thread/DEBUG] [mixin/]: Mixing passcode.StructureTemplateMixin from securitycraft.mixins.json into net.minecraft.world.level.levelgen.structure.templatesystem.StructureTemplate
[24Dec2025 19:09:06.831] [Server thread/DEBUG] [mixin/]: Mixing StructureTemplateMixin from zeta.mixins.json into net.minecraft.world.level.levelgen.structure.templatesystem.StructureTemplate
[24Dec2025 19:09:08.645] [Worker-Main-1/INFO] [net.minecraft.server.level.progress.LoggerChunkProgressListener/]: Preparing spawn area: 0%
[24Dec2025 19:09:08.669] [Worker-Main-3/INFO] [net.minecraft.server.level.progress.LoggerChunkProgressListener/]: Preparing spawn area: 0%
[24Dec2025 19:09:08.693] [Worker-Main-1/INFO] [net.minecraft.server.level.progress.LoggerChunkProgressListener/]: Preparing spawn area: 0%
[24Dec2025 19:09:08.703] [Worker-Main-2/INFO] [net.minecraft.server.level.progress.LoggerChunkProgressListener/]: Preparing spawn area: 0%
[24Dec2025 19:09:08.720] [Worker-Main-3/INFO] [net.minecraft.server.level.progress.LoggerChunkProgressListener/]: Preparing spawn area: 0%
[24Dec2025 19:09:08.727] [Worker-Main-3/INFO] [net.minecraft.server.level.progress.LoggerChunkProgressListener/]: Preparing spawn area: 0%
[24Dec2025 19:09:08.740] [Worker-Main-2/INFO] [net.minecraft.server.level.progress.LoggerChunkProgressListener/]: Preparing spawn area: 0%
[24Dec2025 19:09:08.930] [Worker-Main-3/INFO] [net.minecraft.server.level.progress.LoggerChunkProgressListener/]: Preparing spawn area: 0%
[24Dec2025 19:09:09.428] [Worker-Main-1/INFO] [net.minecraft.server.level.progress.LoggerChunkProgressListener/]: Preparing spawn area: 0%
[24Dec2025 19:09:09.925] [Worker-Main-1/INFO] [net.minecraft.server.level.progress.LoggerChunkProgressListener/]: Preparing spawn area: 11%
[24Dec2025 19:09:10.479] [Worker-Main-3/INFO] [net.minecraft.server.level.progress.LoggerChunkProgressListener/]: Preparing spawn area: 34%
[24Dec2025 19:09:10.917] [Server thread/INFO] [net.minecraft.server.level.progress.LoggerChunkProgressListener/]: Time elapsed: 5493 ms
[24Dec2025 19:09:10.918] [Server thread/INFO] [net.minecraft.server.dedicated.DedicatedServer/]: Done (10.462s)! For help, type "help"
[24Dec2025 19:09:10.928] [Server thread/DEBUG] [net.minecraftforge.network.DualStackUtils/]: Detected IPv6 address: "0:0:0:0:0:0:0:0"
[24Dec2025 19:09:10.959] [Server thread/DEBUG] [net.minecraftforge.common.ForgeI18n/CORE]: Loading I18N data entries: 9199
[24Dec2025 19:09:10.964] [Server thread/INFO] [net.minecraftforge.server.permission.PermissionAPI/]: Successfully initialized permission handler forge:default_handler
[24Dec2025 19:09:10.996] [Server thread/WARN] [voicechat/]: [voicechat] Running in offline mode - Voice chat encryption is not secure!
[24Dec2025 19:09:11.001] [Server thread/DEBUG] [voicechat/]: [voicechat] Using default voicechat socket implementation
[24Dec2025 19:09:11.008] [VoiceChatServerThread/INFO] [voicechat/]: [voicechat] Voice chat server started at 100.89.191.44:24454
[24Dec2025 19:09:11.027] [Server thread/DEBUG] [io.netty.buffer.AbstractByteBuf/]: -Dio.netty.buffer.checkAccessible: true
[24Dec2025 19:09:11.027] [Server thread/DEBUG] [io.netty.buffer.AbstractByteBuf/]: -Dio.netty.buffer.checkBounds: true
[24Dec2025 19:09:11.028] [Server thread/DEBUG] [io.netty.util.ResourceLeakDetectorFactory/]: Loaded default ResourceLeakDetector: io.netty.util.ResourceLeakDetector@13bad046
[24Dec2025 19:09:11.050] [Server thread/DEBUG] [mixin/]: Mixing ArmorTrimMixin from quark.mixins.json into net.minecraft.world.item.armortrim.ArmorTrim
[24Dec2025 19:09:11.113] [Server thread/DEBUG] [net.minecraftforge.coremod.transformer.CoreModBaseTransformer/COREMOD]: Transforming net/minecraft/world/level/NaturalSpawner
[24Dec2025 19:09:11.156] [Server thread/DEBUG] [mixin/]: Mixing camera.TrackedEntityMixin from securitycraft.mixins.json into net.minecraft.server.level.ChunkMap$TrackedEntity
[24Dec2025 19:09:11.160] [Server thread/DEBUG] [mixin/]: Mixing roll.EntityTrackerEntryMixin from do_a_barrel_roll.mixins.json into net.minecraft.server.level.ServerEntity
[24Dec2025 19:09:11.161] [Server thread/DEBUG] [mixin/]: Mixing ServerEntityMixin from quark.mixins.json into net.minecraft.server.level.ServerEntity
[24Dec2025 19:10:50.832] [Netty Epoll Server IO #1/DEBUG] [io.netty.util.Recycler/]: -Dio.netty.recycler.maxCapacityPerThread: 4096
[24Dec2025 19:10:50.832] [Netty Epoll Server IO #1/DEBUG] [io.netty.util.Recycler/]: -Dio.netty.recycler.ratio: 8
[24Dec2025 19:10:50.832] [Netty Epoll Server IO #1/DEBUG] [io.netty.util.Recycler/]: -Dio.netty.recycler.chunkSize: 32
[24Dec2025 19:10:50.832] [Netty Epoll Server IO #1/DEBUG] [io.netty.util.Recycler/]: -Dio.netty.recycler.blocking: false
[24Dec2025 19:10:51.539] [Netty Epoll Server IO #2/DEBUG] [net.minecraftforge.network.HandshakeHandler/FMLHANDSHAKE]: Starting new modded impl connection. Found 27 messages to dispatch.
[24Dec2025 19:10:51.558] [Server thread/DEBUG] [net.minecraftforge.network.HandshakeHandler/FMLHANDSHAKE]: Sending ticking packet info 'net.minecraftforge.network.HandshakeMessages$S2CModData' to 'fml:handshake' sequence 0
[24Dec2025 19:10:51.608] [Server thread/DEBUG] [net.minecraftforge.network.HandshakeHandler/FMLHANDSHAKE]: Sending ticking packet info 'net.minecraftforge.network.HandshakeMessages$S2CModList' to 'fml:handshake' sequence 1
[24Dec2025 19:10:51.658] [Server thread/DEBUG] [net.minecraftforge.network.HandshakeHandler/FMLHANDSHAKE]: Sending ticking packet info 'Registry minecraft:command_argument_type' to 'fml:handshake' sequence 2
[24Dec2025 19:10:51.707] [Server thread/DEBUG] [net.minecraftforge.network.HandshakeHandler/FMLHANDSHAKE]: Sending ticking packet info 'Registry minecraft:recipe_serializer' to 'fml:handshake' sequence 3
[24Dec2025 19:10:51.758] [Server thread/DEBUG] [net.minecraftforge.network.HandshakeHandler/FMLHANDSHAKE]: Sending ticking packet info 'Registry minecraft:sound_event' to 'fml:handshake' sequence 4
[24Dec2025 19:10:51.774] [Netty Epoll Server IO #2/DEBUG] [net.minecraftforge.network.LoginWrapper/FMLHANDSHAKE]: Recieved login wrapper packet event for channel fml:handshake with index 1
[24Dec2025 19:10:51.777] [Netty Epoll Server IO #2/DEBUG] [net.minecraftforge.network.HandshakeHandler/FMLHANDSHAKE]: Received client indexed reply 1 of type net.minecraftforge.network.HandshakeMessages$C2SModListReply
[24Dec2025 19:10:51.777] [Netty Epoll Server IO #2/DEBUG] [net.minecraftforge.network.HandshakeHandler/FMLHANDSHAKE]: Received client connection with modlist [minecraft, tconstruct, farmersdelight, mowziesmobs, geckolib, do_a_barrel_roll, playeranimator, chunky, jei, kotlinforforge, sophisticatedcore, mantle, xaerominimap, xaeroworldmap, securitycraft, mixinextras, sophisticatedbackpacks, coroutil, carryon, betterf3, watut, cloth_config, voicechat, voicechat_api, forge, zeta, quark, embeddium, rubidium, ironchest]
[24Dec2025 19:10:51.778] [Netty Epoll Server IO #2/DEBUG] [net.minecraftforge.network.NetworkRegistry/NETREGISTRY]: Channel 'watut:main' : Version test of '4' from client : ACCEPTED
[24Dec2025 19:10:51.779] [Netty Epoll Server IO #2/DEBUG] [net.minecraftforge.network.NetworkRegistry/NETREGISTRY]: Channel 'voicechat:secret' : Version test of 'ALLOWVANILLA 💓💓💓' from client : ACCEPTED
[24Dec2025 19:10:51.779] [Netty Epoll Server IO #2/DEBUG] [net.minecraftforge.network.NetworkRegistry/NETREGISTRY]: Channel 'voicechat:leave_group' : Version test of 'ALLOWVANILLA 💓💓💓' from client : ACCEPTED
[24Dec2025 19:10:51.779] [Netty Epoll Server IO #2/DEBUG] [net.minecraftforge.network.NetworkRegistry/NETREGISTRY]: Channel 'voicechat:create_group' : Version test of 'ALLOWVANILLA 💓💓💓' from client : ACCEPTED
[24Dec2025 19:10:51.779] [Netty Epoll Server IO #2/DEBUG] [net.minecraftforge.network.NetworkRegistry/NETREGISTRY]: Channel 'jei:channel' : Version test of '1.0.0' from client : ACCEPTED
[24Dec2025 19:10:51.779] [Netty Epoll Server IO #2/DEBUG] [net.minecraftforge.network.NetworkRegistry/NETREGISTRY]: Channel 'mantle:network' : Version test of '1' from client : ACCEPTED
[24Dec2025 19:10:51.779] [Netty Epoll Server IO #2/DEBUG] [net.minecraftforge.network.NetworkRegistry/NETREGISTRY]: Channel 'carryon:carryonpackets' : Version test of '1.0' from client : ACCEPTED
[24Dec2025 19:10:51.779] [Netty Epoll Server IO #2/DEBUG] [net.minecraftforge.network.NetworkRegistry/NETREGISTRY]: Channel 'minecraft:unregister' : Version test of 'FML3' from client : ACCEPTED
[24Dec2025 19:10:51.779] [Netty Epoll Server IO #2/DEBUG] [net.minecraftforge.network.NetworkRegistry/NETREGISTRY]: Channel 'xaerominimap:main' : Version test of '1.0' from client : ACCEPTED
[24Dec2025 19:10:51.779] [Netty Epoll Server IO #2/DEBUG] [net.minecraftforge.network.NetworkRegistry/NETREGISTRY]: Channel 'sophisticatedbackpacks:channel' : Version test of '1' from client : ACCEPTED
[24Dec2025 19:10:51.779] [Netty Epoll Server IO #2/DEBUG] [net.minecraftforge.network.NetworkRegistry/NETREGISTRY]: Channel 'voicechat:states' : Version test of 'ALLOWVANILLA 💓💓💓' from client : ACCEPTED
[24Dec2025 19:10:51.779] [Netty Epoll Server IO #2/DEBUG] [net.minecraftforge.network.NetworkRegistry/NETREGISTRY]: Channel 'securitycraft:securitycraft' : Version test of 'v1.10.1' from client : ACCEPTED
[24Dec2025 19:10:51.779] [Netty Epoll Server IO #2/DEBUG] [net.minecraftforge.network.NetworkRegistry/NETREGISTRY]: Channel 'voicechat:set_group' : Version test of 'ALLOWVANILLA 💓💓💓' from client : ACCEPTED
[24Dec2025 19:10:51.779] [Netty Epoll Server IO #2/DEBUG] [net.minecraftforge.network.NetworkRegistry/NETREGISTRY]: Channel 'voicechat:joined_group' : Version test of 'ALLOWVANILLA 💓💓💓' from client : ACCEPTED
[24Dec2025 19:10:51.779] [Netty Epoll Server IO #2/DEBUG] [net.minecraftforge.network.NetworkRegistry/NETREGISTRY]: Channel 'do_a_barrel_roll:handshake' : Version test of '' from client : ACCEPTED
[24Dec2025 19:10:51.779] [Netty Epoll Server IO #2/DEBUG] [net.minecraftforge.network.NetworkRegistry/NETREGISTRY]: Channel 'voicechat:update_state' : Version test of 'ALLOWVANILLA 💓💓💓' from client : ACCEPTED
[24Dec2025 19:10:51.780] [Netty Epoll Server IO #2/DEBUG] [net.minecraftforge.network.NetworkRegistry/NETREGISTRY]: Channel 'tconstruct:network' : Version test of '2' from client : ACCEPTED
[24Dec2025 19:10:51.780] [Netty Epoll Server IO #2/DEBUG] [net.minecraftforge.network.NetworkRegistry/NETREGISTRY]: Channel 'voicechat:add_group' : Version test of 'ALLOWVANILLA 💓💓💓' from client : ACCEPTED
[24Dec2025 19:10:51.780] [Netty Epoll Server IO #2/DEBUG] [net.minecraftforge.network.NetworkRegistry/NETREGISTRY]: Channel 'fml:loginwrapper' : Version test of 'FML3' from client : ACCEPTED
[24Dec2025 19:10:51.780] [Netty Epoll Server IO #2/DEBUG] [net.minecraftforge.network.NetworkRegistry/NETREGISTRY]: Channel 'forge:tier_sorting' : Version test of '1.0' from client : ACCEPTED
[24Dec2025 19:10:51.780] [Netty Epoll Server IO #2/DEBUG] [net.minecraftforge.network.NetworkRegistry/NETREGISTRY]: Channel 'quark:main' : Version test of '4' from client : ACCEPTED
[24Dec2025 19:10:51.780] [Netty Epoll Server IO #2/DEBUG] [net.minecraftforge.network.NetworkRegistry/NETREGISTRY]: Channel 'mowziesmobs:net' : Version test of '1' from client : ACCEPTED
[24Dec2025 19:10:51.780] [Netty Epoll Server IO #2/DEBUG] [net.minecraftforge.network.NetworkRegistry/NETREGISTRY]: Channel 'fml:play' : Version test of 'FML3' from client : ACCEPTED
[24Dec2025 19:10:51.780] [Netty Epoll Server IO #2/DEBUG] [net.minecraftforge.network.NetworkRegistry/NETREGISTRY]: Channel 'do_a_barrel_roll:server_config_update' : Version test of '' from client : ACCEPTED
[24Dec2025 19:10:51.780] [Netty Epoll Server IO #2/DEBUG] [net.minecraftforge.network.NetworkRegistry/NETREGISTRY]: Channel 'voicechat:request_secret' : Version test of 'ALLOWVANILLA 💓💓💓' from client : ACCEPTED
[24Dec2025 19:10:51.780] [Netty Epoll Server IO #2/DEBUG] [net.minecraftforge.network.NetworkRegistry/NETREGISTRY]: Channel 'sophisticatedcore:channel' : Version test of '1' from client : ACCEPTED
[24Dec2025 19:10:51.780] [Netty Epoll Server IO #2/DEBUG] [net.minecraftforge.network.NetworkRegistry/NETREGISTRY]: Channel 'fml:handshake' : Version test of 'FML3' from client : ACCEPTED
[24Dec2025 19:10:51.780] [Netty Epoll Server IO #2/DEBUG] [net.minecraftforge.network.NetworkRegistry/NETREGISTRY]: Channel 'voicechat:state' : Version test of 'ALLOWVANILLA 💓💓💓' from client : ACCEPTED
[24Dec2025 19:10:51.780] [Netty Epoll Server IO #2/DEBUG] [net.minecraftforge.network.NetworkRegistry/NETREGISTRY]: Channel 'voicechat:remove_category' : Version test of 'ALLOWVANILLA 💓💓💓' from client : ACCEPTED
[24Dec2025 19:10:51.780] [Netty Epoll Server IO #2/DEBUG] [net.minecraftforge.network.NetworkRegistry/NETREGISTRY]: Channel 'ironchest:network' : Version test of '1' from client : ACCEPTED
[24Dec2025 19:10:51.780] [Netty Epoll Server IO #2/DEBUG] [net.minecraftforge.network.NetworkRegistry/NETREGISTRY]: Channel 'voicechat:remove_group' : Version test of 'ALLOWVANILLA 💓💓💓' from client : ACCEPTED
[24Dec2025 19:10:51.780] [Netty Epoll Server IO #2/DEBUG] [net.minecraftforge.network.NetworkRegistry/NETREGISTRY]: Channel 'voicechat:add_category' : Version test of 'ALLOWVANILLA 💓💓💓' from client : ACCEPTED
[24Dec2025 19:10:51.781] [Netty Epoll Server IO #2/DEBUG] [net.minecraftforge.network.NetworkRegistry/NETREGISTRY]: Channel 'zeta:main' : Version test of '1' from client : ACCEPTED
[24Dec2025 19:10:51.781] [Netty Epoll Server IO #2/DEBUG] [net.minecraftforge.network.NetworkRegistry/NETREGISTRY]: Channel 'xaeroworldmap:main' : Version test of '1.0' from client : ACCEPTED
[24Dec2025 19:10:51.781] [Netty Epoll Server IO #2/DEBUG] [net.minecraftforge.network.NetworkRegistry/NETREGISTRY]: Channel 'voicechat:remove_state' : Version test of 'ALLOWVANILLA 💓💓💓' from client : ACCEPTED
[24Dec2025 19:10:51.781] [Netty Epoll Server IO #2/DEBUG] [net.minecraftforge.network.NetworkRegistry/NETREGISTRY]: Channel 'minecraft:register' : Version test of 'FML3' from client : ACCEPTED
[24Dec2025 19:10:51.781] [Netty Epoll Server IO #2/DEBUG] [net.minecraftforge.network.NetworkRegistry/NETREGISTRY]: Channel 'forge:split' : Version test of '1.1' from client : ACCEPTED
[24Dec2025 19:10:51.781] [Netty Epoll Server IO #2/DEBUG] [net.minecraftforge.network.NetworkRegistry/NETREGISTRY]: Channel 'geckolib:main' : Version test of '1' from client : ACCEPTED
[24Dec2025 19:10:51.781] [Netty Epoll Server IO #2/DEBUG] [net.minecraftforge.network.NetworkRegistry/NETREGISTRY]: Channel 'do_a_barrel_roll:player_roll' : Version test of '' from client : ACCEPTED
[24Dec2025 19:10:51.781] [Netty Epoll Server IO #2/DEBUG] [net.minecraftforge.network.NetworkRegistry/NETREGISTRY]: Accepting channel list from client
[24Dec2025 19:10:51.782] [Netty Epoll Server IO #2/DEBUG] [net.minecraftforge.network.HandshakeHandler/FMLHANDSHAKE]: Accepted client connection mod list
[24Dec2025 19:10:51.808] [Server thread/DEBUG] [net.minecraftforge.network.HandshakeHandler/FMLHANDSHAKE]: Sending ticking packet info 'Registry minecraft:particle_type' to 'fml:handshake' sequence 5
[24Dec2025 19:10:51.823] [Netty Epoll Server IO #2/DEBUG] [net.minecraftforge.network.LoginWrapper/FMLHANDSHAKE]: Recieved login wrapper packet event for channel fml:handshake with index 2
[24Dec2025 19:10:51.823] [Netty Epoll Server IO #2/DEBUG] [net.minecraftforge.network.HandshakeHandler/FMLHANDSHAKE]: Received client indexed reply 2 of type net.minecraftforge.network.HandshakeMessages$C2SAcknowledge
[24Dec2025 19:10:51.823] [Netty Epoll Server IO #2/DEBUG] [net.minecraftforge.network.HandshakeHandler/FMLHANDSHAKE]: Received acknowledgement from client
[24Dec2025 19:10:51.858] [Server thread/DEBUG] [net.minecraftforge.network.HandshakeHandler/FMLHANDSHAKE]: Sending ticking packet info 'Registry minecraft:villager_profession' to 'fml:handshake' sequence 6
[24Dec2025 19:10:51.866] [Netty Epoll Server IO #2/DEBUG] [net.minecraftforge.network.LoginWrapper/FMLHANDSHAKE]: Recieved login wrapper packet event for channel fml:handshake with index 3
[24Dec2025 19:10:51.867] [Netty Epoll Server IO #2/DEBUG] [net.minecraftforge.network.HandshakeHandler/FMLHANDSHAKE]: Received client indexed reply 3 of type net.minecraftforge.network.HandshakeMessages$C2SAcknowledge
[24Dec2025 19:10:51.867] [Netty Epoll Server IO #2/DEBUG] [net.minecraftforge.network.HandshakeHandler/FMLHANDSHAKE]: Received acknowledgement from client
[24Dec2025 19:10:51.908] [Server thread/DEBUG] [net.minecraftforge.network.HandshakeHandler/FMLHANDSHAKE]: Sending ticking packet info 'Registry minecraft:item' to 'fml:handshake' sequence 7
[24Dec2025 19:10:51.958] [Server thread/DEBUG] [net.minecraftforge.network.HandshakeHandler/FMLHANDSHAKE]: Sending ticking packet info 'Registry minecraft:potion' to 'fml:handshake' sequence 8
[24Dec2025 19:10:52.007] [Server thread/DEBUG] [net.minecraftforge.network.HandshakeHandler/FMLHANDSHAKE]: Sending ticking packet info 'Registry minecraft:painting_variant' to 'fml:handshake' sequence 9
[24Dec2025 19:10:52.058] [Server thread/DEBUG] [net.minecraftforge.network.HandshakeHandler/FMLHANDSHAKE]: Sending ticking packet info 'Registry forge:fluid_type' to 'fml:handshake' sequence 10
[24Dec2025 19:10:52.108] [Server thread/DEBUG] [net.minecraftforge.network.HandshakeHandler/FMLHANDSHAKE]: Sending ticking packet info 'Registry minecraft:block_entity_type' to 'fml:handshake' sequence 11
[24Dec2025 19:10:52.158] [Server thread/DEBUG] [net.minecraftforge.network.HandshakeHandler/FMLHANDSHAKE]: Sending ticking packet info 'Registry forge:display_contexts' to 'fml:handshake' sequence 12
[24Dec2025 19:10:52.186] [Netty Epoll Server IO #2/DEBUG] [net.minecraftforge.network.LoginWrapper/FMLHANDSHAKE]: Recieved login wrapper packet event for channel fml:handshake with index 4
[24Dec2025 19:10:52.186] [Netty Epoll Server IO #2/DEBUG] [net.minecraftforge.network.HandshakeHandler/FMLHANDSHAKE]: Received client indexed reply 4 of type net.minecraftforge.network.HandshakeMessages$C2SAcknowledge
[24Dec2025 19:10:52.186] [Netty Epoll Server IO #2/DEBUG] [net.minecraftforge.network.HandshakeHandler/FMLHANDSHAKE]: Received acknowledgement from client
[24Dec2025 19:10:52.207] [Server thread/DEBUG] [net.minecraftforge.network.HandshakeHandler/FMLHANDSHAKE]: Sending ticking packet info 'Registry minecraft:block' to 'fml:handshake' sequence 13
[24Dec2025 19:10:52.231] [Netty Epoll Server IO #2/DEBUG] [net.minecraftforge.network.LoginWrapper/FMLHANDSHAKE]: Recieved login wrapper packet event for channel fml:handshake with index 5
[24Dec2025 19:10:52.231] [Netty Epoll Server IO #2/DEBUG] [net.minecraftforge.network.HandshakeHandler/FMLHANDSHAKE]: Received client indexed reply 5 of type net.minecraftforge.network.HandshakeMessages$C2SAcknowledge
[24Dec2025 19:10:52.231] [Netty Epoll Server IO #2/DEBUG] [net.minecraftforge.network.HandshakeHandler/FMLHANDSHAKE]: Received acknowledgement from client
[24Dec2025 19:10:52.232] [Netty Epoll Server IO #2/DEBUG] [net.minecraftforge.network.LoginWrapper/FMLHANDSHAKE]: Recieved login wrapper packet event for channel fml:handshake with index 6
[24Dec2025 19:10:52.232] [Netty Epoll Server IO #2/DEBUG] [net.minecraftforge.network.HandshakeHandler/FMLHANDSHAKE]: Received client indexed reply 6 of type net.minecraftforge.network.HandshakeMessages$C2SAcknowledge
[24Dec2025 19:10:52.232] [Netty Epoll Server IO #2/DEBUG] [net.minecraftforge.network.HandshakeHandler/FMLHANDSHAKE]: Received acknowledgement from client
[24Dec2025 19:10:52.258] [Server thread/DEBUG] [net.minecraftforge.network.HandshakeHandler/FMLHANDSHAKE]: Sending ticking packet info 'Registry forge:entity_data_serializers' to 'fml:handshake' sequence 14
[24Dec2025 19:10:52.307] [Server thread/DEBUG] [net.minecraftforge.network.HandshakeHandler/FMLHANDSHAKE]: Sending ticking packet info 'Registry minecraft:mob_effect' to 'fml:handshake' sequence 15
[24Dec2025 19:10:52.358] [Server thread/DEBUG] [net.minecraftforge.network.HandshakeHandler/FMLHANDSHAKE]: Sending ticking packet info 'Registry minecraft:stat_type' to 'fml:handshake' sequence 16
[24Dec2025 19:10:52.398] [Netty Epoll Server IO #2/DEBUG] [net.minecraftforge.network.LoginWrapper/FMLHANDSHAKE]: Recieved login wrapper packet event for channel fml:handshake with index 7
[24Dec2025 19:10:52.398] [Netty Epoll Server IO #2/DEBUG] [net.minecraftforge.network.HandshakeHandler/FMLHANDSHAKE]: Received client indexed reply 7 of type net.minecraftforge.network.HandshakeMessages$C2SAcknowledge
[24Dec2025 19:10:52.398] [Netty Epoll Server IO #2/DEBUG] [net.minecraftforge.network.HandshakeHandler/FMLHANDSHAKE]: Received acknowledgement from client
[24Dec2025 19:10:52.399] [Netty Epoll Server IO #2/DEBUG] [net.minecraftforge.network.LoginWrapper/FMLHANDSHAKE]: Recieved login wrapper packet event for channel fml:handshake with index 8
[24Dec2025 19:10:52.399] [Netty Epoll Server IO #2/DEBUG] [net.minecraftforge.network.HandshakeHandler/FMLHANDSHAKE]: Received client indexed reply 8 of type net.minecraftforge.network.HandshakeMessages$C2SAcknowledge
[24Dec2025 19:10:52.399] [Netty Epoll Server IO #2/DEBUG] [net.minecraftforge.network.HandshakeHandler/FMLHANDSHAKE]: Received acknowledgement from client
[24Dec2025 19:10:52.399] [Netty Epoll Server IO #2/DEBUG] [net.minecraftforge.network.LoginWrapper/FMLHANDSHAKE]: Recieved login wrapper packet event for channel fml:handshake with index 9
[24Dec2025 19:10:52.399] [Netty Epoll Server IO #2/DEBUG] [net.minecraftforge.network.HandshakeHandler/FMLHANDSHAKE]: Received client indexed reply 9 of type net.minecraftforge.network.HandshakeMessages$C2SAcknowledge
[24Dec2025 19:10:52.400] [Netty Epoll Server IO #2/DEBUG] [net.minecraftforge.network.HandshakeHandler/FMLHANDSHAKE]: Received acknowledgement from client
[24Dec2025 19:10:52.400] [Netty Epoll Server IO #2/DEBUG] [net.minecraftforge.network.LoginWrapper/FMLHANDSHAKE]: Recieved login wrapper packet event for channel fml:handshake with index 10
[24Dec2025 19:10:52.400] [Netty Epoll Server IO #2/DEBUG] [net.minecraftforge.network.HandshakeHandler/FMLHANDSHAKE]: Received client indexed reply 10 of type net.minecraftforge.network.HandshakeMessages$C2SAcknowledge
[24Dec2025 19:10:52.400] [Netty Epoll Server IO #2/DEBUG] [net.minecraftforge.network.HandshakeHandler/FMLHANDSHAKE]: Received acknowledgement from client
[24Dec2025 19:10:52.400] [Netty Epoll Server IO #2/DEBUG] [net.minecraftforge.network.LoginWrapper/FMLHANDSHAKE]: Recieved login wrapper packet event for channel fml:handshake with index 11
[24Dec2025 19:10:52.400] [Netty Epoll Server IO #2/DEBUG] [net.minecraftforge.network.HandshakeHandler/FMLHANDSHAKE]: Received client indexed reply 11 of type net.minecraftforge.network.HandshakeMessages$C2SAcknowledge
[24Dec2025 19:10:52.400] [Netty Epoll Server IO #2/DEBUG] [net.minecraftforge.network.HandshakeHandler/FMLHANDSHAKE]: Received acknowledgement from client
[24Dec2025 19:10:52.401] [Netty Epoll Server IO #2/DEBUG] [net.minecraftforge.network.LoginWrapper/FMLHANDSHAKE]: Recieved login wrapper packet event for channel fml:handshake with index 12
[24Dec2025 19:10:52.401] [Netty Epoll Server IO #2/DEBUG] [net.minecraftforge.network.HandshakeHandler/FMLHANDSHAKE]: Received client indexed reply 12 of type net.minecraftforge.network.HandshakeMessages$C2SAcknowledge
[24Dec2025 19:10:52.401] [Netty Epoll Server IO #2/DEBUG] [net.minecraftforge.network.HandshakeHandler/FMLHANDSHAKE]: Received acknowledgement from client
[24Dec2025 19:10:52.408] [Server thread/DEBUG] [net.minecraftforge.network.HandshakeHandler/FMLHANDSHAKE]: Sending ticking packet info 'Registry minecraft:menu' to 'fml:handshake' sequence 17
[24Dec2025 19:10:52.458] [Server thread/DEBUG] [net.minecraftforge.network.HandshakeHandler/FMLHANDSHAKE]: Sending ticking packet info 'Registry minecraft:enchantment' to 'fml:handshake' sequence 18
[24Dec2025 19:10:52.504] [Netty Epoll Server IO #2/DEBUG] [net.minecraftforge.network.LoginWrapper/FMLHANDSHAKE]: Recieved login wrapper packet event for channel fml:handshake with index 13
[24Dec2025 19:10:52.504] [Netty Epoll Server IO #2/DEBUG] [net.minecraftforge.network.HandshakeHandler/FMLHANDSHAKE]: Received client indexed reply 13 of type net.minecraftforge.network.HandshakeMessages$C2SAcknowledge
[24Dec2025 19:10:52.504] [Netty Epoll Server IO #2/DEBUG] [net.minecraftforge.network.HandshakeHandler/FMLHANDSHAKE]: Received acknowledgement from client
[24Dec2025 19:10:52.505] [Netty Epoll Server IO #2/DEBUG] [net.minecraftforge.network.LoginWrapper/FMLHANDSHAKE]: Recieved login wrapper packet event for channel fml:handshake with index 14
[24Dec2025 19:10:52.505] [Netty Epoll Server IO #2/DEBUG] [net.minecraftforge.network.HandshakeHandler/FMLHANDSHAKE]: Received client indexed reply 14 of type net.minecraftforge.network.HandshakeMessages$C2SAcknowledge
[24Dec2025 19:10:52.505] [Netty Epoll Server IO #2/DEBUG] [net.minecraftforge.network.HandshakeHandler/FMLHANDSHAKE]: Received acknowledgement from client
[24Dec2025 19:10:52.505] [Netty Epoll Server IO #2/DEBUG] [net.minecraftforge.network.LoginWrapper/FMLHANDSHAKE]: Recieved login wrapper packet event for channel fml:handshake with index 15
[24Dec2025 19:10:52.505] [Netty Epoll Server IO #2/DEBUG] [net.minecraftforge.network.HandshakeHandler/FMLHANDSHAKE]: Received client indexed reply 15 of type net.minecraftforge.network.HandshakeMessages$C2SAcknowledge
[24Dec2025 19:10:52.505] [Netty Epoll Server IO #2/DEBUG] [net.minecraftforge.network.HandshakeHandler/FMLHANDSHAKE]: Received acknowledgement from client
[24Dec2025 19:10:52.507] [Server thread/DEBUG] [net.minecraftforge.network.HandshakeHandler/FMLHANDSHAKE]: Sending ticking packet info 'Registry minecraft:fluid' to 'fml:handshake' sequence 19
[24Dec2025 19:10:52.516] [Netty Epoll Server IO #2/DEBUG] [net.minecraftforge.network.LoginWrapper/FMLHANDSHAKE]: Recieved login wrapper packet event for channel fml:handshake with index 16
[24Dec2025 19:10:52.516] [Netty Epoll Server IO #2/DEBUG] [net.minecraftforge.network.HandshakeHandler/FMLHANDSHAKE]: Received client indexed reply 16 of type net.minecraftforge.network.HandshakeMessages$C2SAcknowledge
[24Dec2025 19:10:52.516] [Netty Epoll Server IO #2/DEBUG] [net.minecraftforge.network.HandshakeHandler/FMLHANDSHAKE]: Received acknowledgement from client
[24Dec2025 19:10:52.558] [Server thread/DEBUG] [net.minecraftforge.network.HandshakeHandler/FMLHANDSHAKE]: Sending ticking packet info 'Registry minecraft:entity_type' to 'fml:handshake' sequence 20
[24Dec2025 19:10:52.565] [Netty Epoll Server IO #2/DEBUG] [net.minecraftforge.network.LoginWrapper/FMLHANDSHAKE]: Recieved login wrapper packet event for channel fml:handshake with index 17
[24Dec2025 19:10:52.565] [Netty Epoll Server IO #2/DEBUG] [net.minecraftforge.network.HandshakeHandler/FMLHANDSHAKE]: Received client indexed reply 17 of type net.minecraftforge.network.HandshakeMessages$C2SAcknowledge
[24Dec2025 19:10:52.565] [Netty Epoll Server IO #2/DEBUG] [net.minecraftforge.network.HandshakeHandler/FMLHANDSHAKE]: Received acknowledgement from client
[24Dec2025 19:10:52.607] [Server thread/DEBUG] [net.minecraftforge.network.HandshakeHandler/FMLHANDSHAKE]: Sending ticking packet info 'Config securitycraft-server.toml' to 'fml:handshake' sequence 21
[24Dec2025 19:10:52.615] [Netty Epoll Server IO #2/DEBUG] [net.minecraftforge.network.LoginWrapper/FMLHANDSHAKE]: Recieved login wrapper packet event for channel fml:handshake with index 18
[24Dec2025 19:10:52.615] [Netty Epoll Server IO #2/DEBUG] [net.minecraftforge.network.HandshakeHandler/FMLHANDSHAKE]: Received client indexed reply 18 of type net.minecraftforge.network.HandshakeMessages$C2SAcknowledge
[24Dec2025 19:10:52.615] [Netty Epoll Server IO #2/DEBUG] [net.minecraftforge.network.HandshakeHandler/FMLHANDSHAKE]: Received acknowledgement from client
[24Dec2025 19:10:52.658] [Server thread/DEBUG] [net.minecraftforge.network.HandshakeHandler/FMLHANDSHAKE]: Sending ticking packet info 'Config sophisticatedbackpacks-server.toml' to 'fml:handshake' sequence 22
[24Dec2025 19:10:52.666] [Netty Epoll Server IO #2/DEBUG] [net.minecraftforge.network.LoginWrapper/FMLHANDSHAKE]: Recieved login wrapper packet event for channel fml:handshake with index 19
[24Dec2025 19:10:52.666] [Netty Epoll Server IO #2/DEBUG] [net.minecraftforge.network.HandshakeHandler/FMLHANDSHAKE]: Received client indexed reply 19 of type net.minecraftforge.network.HandshakeMessages$C2SAcknowledge
[24Dec2025 19:10:52.666] [Netty Epoll Server IO #2/DEBUG] [net.minecraftforge.network.HandshakeHandler/FMLHANDSHAKE]: Received acknowledgement from client
[24Dec2025 19:10:52.707] [Server thread/DEBUG] [net.minecraftforge.network.HandshakeHandler/FMLHANDSHAKE]: Sending ticking packet info 'Config mantle-server.toml' to 'fml:handshake' sequence 23
[24Dec2025 19:10:52.758] [Server thread/DEBUG] [net.minecraftforge.network.HandshakeHandler/FMLHANDSHAKE]: Sending ticking packet info 'Config jei-server.toml' to 'fml:handshake' sequence 24
[24Dec2025 19:10:52.808] [Server thread/DEBUG] [net.minecraftforge.network.HandshakeHandler/FMLHANDSHAKE]: Sending ticking packet info 'Config forge-server.toml' to 'fml:handshake' sequence 25
[24Dec2025 19:10:52.858] [Server thread/DEBUG] [net.minecraftforge.network.HandshakeHandler/FMLHANDSHAKE]: Sending ticking packet info 'org.violetmoon.zeta.network.message.S2CLoginFlag' to 'zeta:main' sequence 26
[24Dec2025 19:10:55.230] [Netty Epoll Server IO #2/DEBUG] [net.minecraftforge.network.LoginWrapper/FMLHANDSHAKE]: Recieved login wrapper packet event for channel fml:handshake with index 20
[24Dec2025 19:10:55.230] [Netty Epoll Server IO #2/DEBUG] [net.minecraftforge.network.HandshakeHandler/FMLHANDSHAKE]: Received client indexed reply 20 of type net.minecraftforge.network.HandshakeMessages$C2SAcknowledge
[24Dec2025 19:10:55.230] [Netty Epoll Server IO #2/DEBUG] [net.minecraftforge.network.HandshakeHandler/FMLHANDSHAKE]: Received acknowledgement from client
[24Dec2025 19:10:55.235] [Netty Epoll Server IO #2/DEBUG] [net.minecraftforge.network.LoginWrapper/FMLHANDSHAKE]: Recieved login wrapper packet event for channel fml:handshake with index 21
[24Dec2025 19:10:55.235] [Netty Epoll Server IO #2/DEBUG] [net.minecraftforge.network.HandshakeHandler/FMLHANDSHAKE]: Received client indexed reply 21 of type net.minecraftforge.network.HandshakeMessages$C2SAcknowledge
[24Dec2025 19:10:55.235] [Netty Epoll Server IO #2/DEBUG] [net.minecraftforge.network.HandshakeHandler/FMLHANDSHAKE]: Received acknowledgement from client
[24Dec2025 19:10:55.237] [Netty Epoll Server IO #2/DEBUG] [net.minecraftforge.network.LoginWrapper/FMLHANDSHAKE]: Recieved login wrapper packet event for channel fml:handshake with index 22
[24Dec2025 19:10:55.237] [Netty Epoll Server IO #2/DEBUG] [net.minecraftforge.network.HandshakeHandler/FMLHANDSHAKE]: Received client indexed reply 22 of type net.minecraftforge.network.HandshakeMessages$C2SAcknowledge
[24Dec2025 19:10:55.237] [Netty Epoll Server IO #2/DEBUG] [net.minecraftforge.network.HandshakeHandler/FMLHANDSHAKE]: Received acknowledgement from client
[24Dec2025 19:10:55.237] [Netty Epoll Server IO #2/DEBUG] [net.minecraftforge.network.LoginWrapper/FMLHANDSHAKE]: Recieved login wrapper packet event for channel fml:handshake with index 23
[24Dec2025 19:10:55.237] [Netty Epoll Server IO #2/DEBUG] [net.minecraftforge.network.HandshakeHandler/FMLHANDSHAKE]: Received client indexed reply 23 of type net.minecraftforge.network.HandshakeMessages$C2SAcknowledge
[24Dec2025 19:10:55.237] [Netty Epoll Server IO #2/DEBUG] [net.minecraftforge.network.HandshakeHandler/FMLHANDSHAKE]: Received acknowledgement from client
[24Dec2025 19:10:55.238] [Netty Epoll Server IO #2/DEBUG] [net.minecraftforge.network.LoginWrapper/FMLHANDSHAKE]: Recieved login wrapper packet event for channel fml:handshake with index 24
[24Dec2025 19:10:55.238] [Netty Epoll Server IO #2/DEBUG] [net.minecraftforge.network.HandshakeHandler/FMLHANDSHAKE]: Received client indexed reply 24 of type net.minecraftforge.network.HandshakeMessages$C2SAcknowledge
[24Dec2025 19:10:55.238] [Netty Epoll Server IO #2/DEBUG] [net.minecraftforge.network.HandshakeHandler/FMLHANDSHAKE]: Received acknowledgement from client
[24Dec2025 19:10:55.238] [Netty Epoll Server IO #2/DEBUG] [net.minecraftforge.network.LoginWrapper/FMLHANDSHAKE]: Recieved login wrapper packet event for channel fml:handshake with index 25
[24Dec2025 19:10:55.238] [Netty Epoll Server IO #2/DEBUG] [net.minecraftforge.network.HandshakeHandler/FMLHANDSHAKE]: Received client indexed reply 25 of type net.minecraftforge.network.HandshakeMessages$C2SAcknowledge
[24Dec2025 19:10:55.238] [Netty Epoll Server IO #2/DEBUG] [net.minecraftforge.network.HandshakeHandler/FMLHANDSHAKE]: Received acknowledgement from client
[24Dec2025 19:10:55.240] [Netty Epoll Server IO #2/DEBUG] [net.minecraftforge.network.LoginWrapper/FMLHANDSHAKE]: Recieved login wrapper packet event for channel zeta:main with index 26
[24Dec2025 19:10:55.240] [Netty Epoll Server IO #2/DEBUG] [net.minecraftforge.network.HandshakeHandler/FMLHANDSHAKE]: Received client indexed reply 26 of type org.violetmoon.zeta.network.message.C2SLoginFlag
[24Dec2025 19:10:55.258] [Server thread/DEBUG] [net.minecraftforge.network.HandshakeHandler/FMLHANDSHAKE]: Handshake complete!
[24Dec2025 19:10:55.310] [Server thread/WARN] [net.minecraft.network.syncher.SynchedEntityData/]: defineId called for: class net.minecraft.world.entity.player.Player from class tschipp.carryon.common.carry.CarryOnDataManager
[24Dec2025 19:10:55.457] [Server thread/INFO] [net.minecraft.server.players.PlayerList/]: Brunooyb[/100.74.87.48:52204] logged in with entity id 129 at (-1149.699999988079, 111.0, 962.4604049141935)
[24Dec2025 19:10:55.467] [Server thread/DEBUG] [net.minecraftforge.network.filters.NetworkFilters/]: Injected net.minecraftforge.network.filters.ForgeConnectionNetworkFilter@46f9907c into net.minecraft.network.Connection@23cc0cf0
[24Dec2025 19:10:55.645] [Server thread/INFO] [net.minecraft.server.MinecraftServer/]: Brunooyb joined the game
[24Dec2025 19:10:55.697] [Server thread/DEBUG] [voicechat/]: [voicechat] Setting default state of Brunooyb: {disabled=false, disconnected=true, uuid=5fb65929-8ae8-3411-89c0-79e402417fc1, name=Brunooyb, group=null}
[24Dec2025 19:10:55.736] [Server thread/DEBUG] [mixin/]: Mixing PlayerAdvancementsMixin from quark.mixins.json into net.minecraft.server.advancements.AdvancementVisibilityEvaluator
[24Dec2025 19:10:56.842] [Server thread/INFO] [voicechat/]: [voicechat] Received secret request of Brunooyb (20)
[24Dec2025 19:10:56.843] [Server thread/DEBUG] [voicechat/]: [voicechat] Sending initial states to Brunooyb
[24Dec2025 19:10:56.844] [Server thread/DEBUG] [voicechat/]: [voicechat] Synchronizing 0 groups with Brunooyb
[24Dec2025 19:10:56.844] [Server thread/DEBUG] [voicechat/]: [voicechat] Synchronizing 0 volume categories with Brunooyb
[24Dec2025 19:10:56.845] [Server thread/INFO] [voicechat/]: [voicechat] Sent secret to Brunooyb
[24Dec2025 19:10:57.339] [Server thread/DEBUG] [mixin/]: Mixing HarvestFarmlandMixin from quark.mixins.json into net.minecraft.world.entity.ai.behavior.HarvestFarmland
[24Dec2025 19:10:57.569] [Server thread/DEBUG] [io.netty.util.internal.ThreadLocalRandom/]: -Dio.netty.initialSeedUniquifier: 0xe4ba9c95ae9ae654
[24Dec2025 19:11:01.363] [VoiceChatPacketProcessingThread/INFO] [voicechat/]: [voicechat] Successfully authenticated player 5fb65929-8ae8-3411-89c0-79e402417fc1
[24Dec2025 19:11:01.364] [Server thread/INFO] [do_a_barrel_roll/]: Client of Brunooyb accepted server config.
[24Dec2025 19:11:02.359] [VoiceChatPacketProcessingThread/INFO] [voicechat/]: [voicechat] Successfully validated connection of player 5fb65929-8ae8-3411-89c0-79e402417fc1
[24Dec2025 19:11:02.360] [VoiceChatPacketProcessingThread/DEBUG] [voicechat/]: [voicechat] Set state of Brunooyb to connected: {disabled=false, disconnected=false, uuid=5fb65929-8ae8-3411-89c0-79e402417fc1, name=Brunooyb, group=null}
[24Dec2025 19:11:02.367] [VoiceChatPacketProcessingThread/INFO] [voicechat/]: [voicechat] Player Brunooyb (5fb65929-8ae8-3411-89c0-79e402417fc1) successfully connected to voice chat
[24Dec2025 19:11:02.532] [Server thread/DEBUG] [voicechat/]: [voicechat] Got state of Brunooyb: {disabled=false, disconnected=false, uuid=5fb65929-8ae8-3411-89c0-79e402417fc1, name=Brunooyb, group=null}
[24Dec2025 19:11:30.032] [Server thread/DEBUG] [mixin/]: Mixing PotionUtilsMixin from quark.mixins.json into net.minecraft.world.item.alchemy.PotionUtils
[24Dec2025 19:11:46.834] [Netty Epoll Server IO #4/DEBUG] [net.minecraftforge.network.HandshakeHandler/FMLHANDSHAKE]: Starting new modded impl connection. Found 27 messages to dispatch.
[24Dec2025 19:11:46.868] [Server thread/DEBUG] [net.minecraftforge.network.HandshakeHandler/FMLHANDSHAKE]: Sending ticking packet info 'net.minecraftforge.network.HandshakeMessages$S2CModData' to 'fml:handshake' sequence 0
[24Dec2025 19:11:46.921] [Server thread/DEBUG] [net.minecraftforge.network.HandshakeHandler/FMLHANDSHAKE]: Sending ticking packet info 'net.minecraftforge.network.HandshakeMessages$S2CModList' to 'fml:handshake' sequence 1
[24Dec2025 19:11:46.967] [Server thread/DEBUG] [net.minecraftforge.network.HandshakeHandler/FMLHANDSHAKE]: Sending ticking packet info 'Registry minecraft:command_argument_type' to 'fml:handshake' sequence 2
[24Dec2025 19:11:47.018] [Server thread/DEBUG] [net.minecraftforge.network.HandshakeHandler/FMLHANDSHAKE]: Sending ticking packet info 'Registry minecraft:recipe_serializer' to 'fml:handshake' sequence 3
[24Dec2025 19:11:47.066] [Server thread/DEBUG] [net.minecraftforge.network.HandshakeHandler/FMLHANDSHAKE]: Sending ticking packet info 'Registry minecraft:sound_event' to 'fml:handshake' sequence 4
[24Dec2025 19:11:47.083] [Netty Epoll Server IO #4/DEBUG] [net.minecraftforge.network.LoginWrapper/FMLHANDSHAKE]: Recieved login wrapper packet event for channel fml:handshake with index 1
[24Dec2025 19:11:47.084] [Netty Epoll Server IO #4/DEBUG] [net.minecraftforge.network.HandshakeHandler/FMLHANDSHAKE]: Received client indexed reply 1 of type net.minecraftforge.network.HandshakeMessages$C2SModListReply
[24Dec2025 19:11:47.084] [Netty Epoll Server IO #4/DEBUG] [net.minecraftforge.network.HandshakeHandler/FMLHANDSHAKE]: Received client connection with modlist [minecraft, tconstruct, farmersdelight, mowziesmobs, geckolib, do_a_barrel_roll, chunky, jei, sophisticatedcore, mantle, xaerominimap, xaeroworldmap, securitycraft, mixinextras, sophisticatedbackpacks, coroutil, carryon, betterf3, watut, cloth_config, voicechat, voicechat_api, forge, zeta, quark, embeddium, rubidium, ironchest]
[24Dec2025 19:11:47.084] [Netty Epoll Server IO #4/DEBUG] [net.minecraftforge.network.NetworkRegistry/NETREGISTRY]: Channel 'watut:main' : Version test of '4' from client : ACCEPTED
[24Dec2025 19:11:47.084] [Netty Epoll Server IO #4/DEBUG] [net.minecraftforge.network.NetworkRegistry/NETREGISTRY]: Channel 'voicechat:secret' : Version test of 'ALLOWVANILLA 💓💓💓' from client : ACCEPTED
[24Dec2025 19:11:47.084] [Netty Epoll Server IO #4/DEBUG] [net.minecraftforge.network.NetworkRegistry/NETREGISTRY]: Channel 'voicechat:leave_group' : Version test of 'ALLOWVANILLA 💓💓💓' from client : ACCEPTED
[24Dec2025 19:11:47.084] [Netty Epoll Server IO #4/DEBUG] [net.minecraftforge.network.NetworkRegistry/NETREGISTRY]: Channel 'voicechat:create_group' : Version test of 'ALLOWVANILLA 💓💓💓' from client : ACCEPTED
[24Dec2025 19:11:47.084] [Netty Epoll Server IO #4/DEBUG] [net.minecraftforge.network.NetworkRegistry/NETREGISTRY]: Channel 'jei:channel' : Version test of '1.0.0' from client : ACCEPTED
[24Dec2025 19:11:47.084] [Netty Epoll Server IO #4/DEBUG] [net.minecraftforge.network.NetworkRegistry/NETREGISTRY]: Channel 'mantle:network' : Version test of '1' from client : ACCEPTED
[24Dec2025 19:11:47.084] [Netty Epoll Server IO #4/DEBUG] [net.minecraftforge.network.NetworkRegistry/NETREGISTRY]: Channel 'carryon:carryonpackets' : Version test of '1.0' from client : ACCEPTED
[24Dec2025 19:11:47.084] [Netty Epoll Server IO #4/DEBUG] [net.minecraftforge.network.NetworkRegistry/NETREGISTRY]: Channel 'minecraft:unregister' : Version test of 'FML3' from client : ACCEPTED
[24Dec2025 19:11:47.084] [Netty Epoll Server IO #4/DEBUG] [net.minecraftforge.network.NetworkRegistry/NETREGISTRY]: Channel 'xaerominimap:main' : Version test of '1.0' from client : ACCEPTED
[24Dec2025 19:11:47.084] [Netty Epoll Server IO #4/DEBUG] [net.minecraftforge.network.NetworkRegistry/NETREGISTRY]: Channel 'sophisticatedbackpacks:channel' : Version test of '1' from client : ACCEPTED
[24Dec2025 19:11:47.084] [Netty Epoll Server IO #4/DEBUG] [net.minecraftforge.network.NetworkRegistry/NETREGISTRY]: Channel 'voicechat:states' : Version test of 'ALLOWVANILLA 💓💓💓' from client : ACCEPTED
[24Dec2025 19:11:47.084] [Netty Epoll Server IO #4/DEBUG] [net.minecraftforge.network.NetworkRegistry/NETREGISTRY]: Channel 'securitycraft:securitycraft' : Version test of 'v1.10.1' from client : ACCEPTED
[24Dec2025 19:11:47.084] [Netty Epoll Server IO #4/DEBUG] [net.minecraftforge.network.NetworkRegistry/NETREGISTRY]: Channel 'voicechat:set_group' : Version test of 'ALLOWVANILLA 💓💓💓' from client : ACCEPTED
[24Dec2025 19:11:47.084] [Netty Epoll Server IO #4/DEBUG] [net.minecraftforge.network.NetworkRegistry/NETREGISTRY]: Channel 'voicechat:joined_group' : Version test of 'ALLOWVANILLA 💓💓💓' from client : ACCEPTED
[24Dec2025 19:11:47.085] [Netty Epoll Server IO #4/DEBUG] [net.minecraftforge.network.NetworkRegistry/NETREGISTRY]: Channel 'do_a_barrel_roll:handshake' : Version test of '' from client : ACCEPTED
[24Dec2025 19:11:47.085] [Netty Epoll Server IO #4/DEBUG] [net.minecraftforge.network.NetworkRegistry/NETREGISTRY]: Channel 'voicechat:update_state' : Version test of 'ALLOWVANILLA 💓💓💓' from client : ACCEPTED
[24Dec2025 19:11:47.085] [Netty Epoll Server IO #4/DEBUG] [net.minecraftforge.network.NetworkRegistry/NETREGISTRY]: Channel 'tconstruct:network' : Version test of '2' from client : ACCEPTED
[24Dec2025 19:11:47.085] [Netty Epoll Server IO #4/DEBUG] [net.minecraftforge.network.NetworkRegistry/NETREGISTRY]: Channel 'voicechat:add_group' : Version test of 'ALLOWVANILLA 💓💓💓' from client : ACCEPTED
[24Dec2025 19:11:47.085] [Netty Epoll Server IO #4/DEBUG] [net.minecraftforge.network.NetworkRegistry/NETREGISTRY]: Channel 'fml:loginwrapper' : Version test of 'FML3' from client : ACCEPTED
[24Dec2025 19:11:47.085] [Netty Epoll Server IO #4/DEBUG] [net.minecraftforge.network.NetworkRegistry/NETREGISTRY]: Channel 'forge:tier_sorting' : Version test of '1.0' from client : ACCEPTED
[24Dec2025 19:11:47.085] [Netty Epoll Server IO #4/DEBUG] [net.minecraftforge.network.NetworkRegistry/NETREGISTRY]: Channel 'quark:main' : Version test of '4' from client : ACCEPTED
[24Dec2025 19:11:47.085] [Netty Epoll Server IO #4/DEBUG] [net.minecraftforge.network.NetworkRegistry/NETREGISTRY]: Channel 'mowziesmobs:net' : Version test of '1' from client : ACCEPTED
[24Dec2025 19:11:47.085] [Netty Epoll Server IO #4/DEBUG] [net.minecraftforge.network.NetworkRegistry/NETREGISTRY]: Channel 'fml:play' : Version test of 'FML3' from client : ACCEPTED
[24Dec2025 19:11:47.085] [Netty Epoll Server IO #4/DEBUG] [net.minecraftforge.network.NetworkRegistry/NETREGISTRY]: Channel 'do_a_barrel_roll:server_config_update' : Version test of '' from client : ACCEPTED
[24Dec2025 19:11:47.085] [Netty Epoll Server IO #4/DEBUG] [net.minecraftforge.network.NetworkRegistry/NETREGISTRY]: Channel 'voicechat:request_secret' : Version test of 'ALLOWVANILLA 💓💓💓' from client : ACCEPTED
[24Dec2025 19:11:47.085] [Netty Epoll Server IO #4/DEBUG] [net.minecraftforge.network.NetworkRegistry/NETREGISTRY]: Channel 'sophisticatedcore:channel' : Version test of '1' from client : ACCEPTED
[24Dec2025 19:11:47.085] [Netty Epoll Server IO #4/DEBUG] [net.minecraftforge.network.NetworkRegistry/NETREGISTRY]: Channel 'fml:handshake' : Version test of 'FML3' from client : ACCEPTED
[24Dec2025 19:11:47.085] [Netty Epoll Server IO #4/DEBUG] [net.minecraftforge.network.NetworkRegistry/NETREGISTRY]: Channel 'voicechat:state' : Version test of 'ALLOWVANILLA 💓💓💓' from client : ACCEPTED
[24Dec2025 19:11:47.085] [Netty Epoll Server IO #4/DEBUG] [net.minecraftforge.network.NetworkRegistry/NETREGISTRY]: Channel 'voicechat:remove_category' : Version test of 'ALLOWVANILLA 💓💓💓' from client : ACCEPTED
[24Dec2025 19:11:47.085] [Netty Epoll Server IO #4/DEBUG] [net.minecraftforge.network.NetworkRegistry/NETREGISTRY]: Channel 'ironchest:network' : Version test of '1' from client : ACCEPTED
[24Dec2025 19:11:47.085] [Netty Epoll Server IO #4/DEBUG] [net.minecraftforge.network.NetworkRegistry/NETREGISTRY]: Channel 'voicechat:remove_group' : Version test of 'ALLOWVANILLA 💓💓💓' from client : ACCEPTED
[24Dec2025 19:11:47.085] [Netty Epoll Server IO #4/DEBUG] [net.minecraftforge.network.NetworkRegistry/NETREGISTRY]: Channel 'voicechat:add_category' : Version test of 'ALLOWVANILLA 💓💓💓' from client : ACCEPTED
[24Dec2025 19:11:47.085] [Netty Epoll Server IO #4/DEBUG] [net.minecraftforge.network.NetworkRegistry/NETREGISTRY]: Channel 'zeta:main' : Version test of '1' from client : ACCEPTED
[24Dec2025 19:11:47.085] [Netty Epoll Server IO #4/DEBUG] [net.minecraftforge.network.NetworkRegistry/NETREGISTRY]: Channel 'xaeroworldmap:main' : Version test of '1.0' from client : ACCEPTED
[24Dec2025 19:11:47.085] [Netty Epoll Server IO #4/DEBUG] [net.minecraftforge.network.NetworkRegistry/NETREGISTRY]: Channel 'voicechat:remove_state' : Version test of 'ALLOWVANILLA 💓💓💓' from client : ACCEPTED
[24Dec2025 19:11:47.086] [Netty Epoll Server IO #4/DEBUG] [net.minecraftforge.network.NetworkRegistry/NETREGISTRY]: Channel 'minecraft:register' : Version test of 'FML3' from client : ACCEPTED
[24Dec2025 19:11:47.086] [Netty Epoll Server IO #4/DEBUG] [net.minecraftforge.network.NetworkRegistry/NETREGISTRY]: Channel 'forge:split' : Version test of '1.1' from client : ACCEPTED
[24Dec2025 19:11:47.086] [Netty Epoll Server IO #4/DEBUG] [net.minecraftforge.network.NetworkRegistry/NETREGISTRY]: Channel 'geckolib:main' : Version test of '1' from client : ACCEPTED
[24Dec2025 19:11:47.086] [Netty Epoll Server IO #4/DEBUG] [net.minecraftforge.network.NetworkRegistry/NETREGISTRY]: Channel 'do_a_barrel_roll:player_roll' : Version test of '' from client : ACCEPTED
[24Dec2025 19:11:47.086] [Netty Epoll Server IO #4/DEBUG] [net.minecraftforge.network.NetworkRegistry/NETREGISTRY]: Accepting channel list from client
[24Dec2025 19:11:47.086] [Netty Epoll Server IO #4/DEBUG] [net.minecraftforge.network.HandshakeHandler/FMLHANDSHAKE]: Accepted client connection mod list
[24Dec2025 19:11:47.116] [Server thread/DEBUG] [net.minecraftforge.network.HandshakeHandler/FMLHANDSHAKE]: Sending ticking packet info 'Registry minecraft:particle_type' to 'fml:handshake' sequence 5
[24Dec2025 19:11:47.130] [Netty Epoll Server IO #4/DEBUG] [net.minecraftforge.network.LoginWrapper/FMLHANDSHAKE]: Recieved login wrapper packet event for channel fml:handshake with index 2
[24Dec2025 19:11:47.131] [Netty Epoll Server IO #4/DEBUG] [net.minecraftforge.network.HandshakeHandler/FMLHANDSHAKE]: Received client indexed reply 2 of type net.minecraftforge.network.HandshakeMessages$C2SAcknowledge
[24Dec2025 19:11:47.131] [Netty Epoll Server IO #4/DEBUG] [net.minecraftforge.network.HandshakeHandler/FMLHANDSHAKE]: Received acknowledgement from client
[24Dec2025 19:11:47.169] [Server thread/DEBUG] [net.minecraftforge.network.HandshakeHandler/FMLHANDSHAKE]: Sending ticking packet info 'Registry minecraft:villager_profession' to 'fml:handshake' sequence 6
[24Dec2025 19:11:47.175] [Netty Epoll Server IO #4/DEBUG] [net.minecraftforge.network.LoginWrapper/FMLHANDSHAKE]: Recieved login wrapper packet event for channel fml:handshake with index 3
[24Dec2025 19:11:47.176] [Netty Epoll Server IO #4/DEBUG] [net.minecraftforge.network.HandshakeHandler/FMLHANDSHAKE]: Received client indexed reply 3 of type net.minecraftforge.network.HandshakeMessages$C2SAcknowledge
[24Dec2025 19:11:47.176] [Netty Epoll Server IO #4/DEBUG] [net.minecraftforge.network.HandshakeHandler/FMLHANDSHAKE]: Received acknowledgement from client
[24Dec2025 19:11:47.218] [Server thread/DEBUG] [net.minecraftforge.network.HandshakeHandler/FMLHANDSHAKE]: Sending ticking packet info 'Registry minecraft:item' to 'fml:handshake' sequence 7
[24Dec2025 19:11:47.268] [Server thread/DEBUG] [net.minecraftforge.network.HandshakeHandler/FMLHANDSHAKE]: Sending ticking packet info 'Registry minecraft:potion' to 'fml:handshake' sequence 8
[24Dec2025 19:11:47.318] [Server thread/DEBUG] [net.minecraftforge.network.HandshakeHandler/FMLHANDSHAKE]: Sending ticking packet info 'Registry minecraft:painting_variant' to 'fml:handshake' sequence 9
[24Dec2025 19:11:47.366] [Server thread/DEBUG] [net.minecraftforge.network.HandshakeHandler/FMLHANDSHAKE]: Sending ticking packet info 'Registry forge:fluid_type' to 'fml:handshake' sequence 10
[24Dec2025 19:11:47.416] [Server thread/DEBUG] [net.minecraftforge.network.HandshakeHandler/FMLHANDSHAKE]: Sending ticking packet info 'Registry minecraft:block_entity_type' to 'fml:handshake' sequence 11
[24Dec2025 19:11:47.466] [Server thread/DEBUG] [net.minecraftforge.network.HandshakeHandler/FMLHANDSHAKE]: Sending ticking packet info 'Registry forge:display_contexts' to 'fml:handshake' sequence 12
[24Dec2025 19:11:47.490] [Netty Epoll Server IO #4/DEBUG] [net.minecraftforge.network.LoginWrapper/FMLHANDSHAKE]: Recieved login wrapper packet event for channel fml:handshake with index 4
[24Dec2025 19:11:47.490] [Netty Epoll Server IO #4/DEBUG] [net.minecraftforge.network.HandshakeHandler/FMLHANDSHAKE]: Received client indexed reply 4 of type net.minecraftforge.network.HandshakeMessages$C2SAcknowledge
[24Dec2025 19:11:47.490] [Netty Epoll Server IO #4/DEBUG] [net.minecraftforge.network.HandshakeHandler/FMLHANDSHAKE]: Received acknowledgement from client
[24Dec2025 19:11:47.491] [Netty Epoll Server IO #4/DEBUG] [net.minecraftforge.network.LoginWrapper/FMLHANDSHAKE]: Recieved login wrapper packet event for channel fml:handshake with index 5
[24Dec2025 19:11:47.491] [Netty Epoll Server IO #4/DEBUG] [net.minecraftforge.network.HandshakeHandler/FMLHANDSHAKE]: Received client indexed reply 5 of type net.minecraftforge.network.HandshakeMessages$C2SAcknowledge
[24Dec2025 19:11:47.491] [Netty Epoll Server IO #4/DEBUG] [net.minecraftforge.network.HandshakeHandler/FMLHANDSHAKE]: Received acknowledgement from client
[24Dec2025 19:11:47.491] [Netty Epoll Server IO #4/DEBUG] [net.minecraftforge.network.LoginWrapper/FMLHANDSHAKE]: Recieved login wrapper packet event for channel fml:handshake with index 6
[24Dec2025 19:11:47.491] [Netty Epoll Server IO #4/DEBUG] [net.minecraftforge.network.HandshakeHandler/FMLHANDSHAKE]: Received client indexed reply 6 of type net.minecraftforge.network.HandshakeMessages$C2SAcknowledge
[24Dec2025 19:11:47.491] [Netty Epoll Server IO #4/DEBUG] [net.minecraftforge.network.HandshakeHandler/FMLHANDSHAKE]: Received acknowledgement from client
[24Dec2025 19:11:47.520] [Server thread/DEBUG] [net.minecraftforge.network.HandshakeHandler/FMLHANDSHAKE]: Sending ticking packet info 'Registry minecraft:block' to 'fml:handshake' sequence 13
[24Dec2025 19:11:47.569] [Server thread/DEBUG] [net.minecraftforge.network.HandshakeHandler/FMLHANDSHAKE]: Sending ticking packet info 'Registry forge:entity_data_serializers' to 'fml:handshake' sequence 14
[24Dec2025 19:11:47.625] [Server thread/DEBUG] [net.minecraftforge.network.HandshakeHandler/FMLHANDSHAKE]: Sending ticking packet info 'Registry minecraft:mob_effect' to 'fml:handshake' sequence 15
[24Dec2025 19:11:47.669] [Server thread/DEBUG] [net.minecraftforge.network.HandshakeHandler/FMLHANDSHAKE]: Sending ticking packet info 'Registry minecraft:stat_type' to 'fml:handshake' sequence 16
[24Dec2025 19:11:47.695] [Netty Epoll Server IO #4/DEBUG] [net.minecraftforge.network.LoginWrapper/FMLHANDSHAKE]: Recieved login wrapper packet event for channel fml:handshake with index 7
[24Dec2025 19:11:47.696] [Netty Epoll Server IO #4/DEBUG] [net.minecraftforge.network.HandshakeHandler/FMLHANDSHAKE]: Received client indexed reply 7 of type net.minecraftforge.network.HandshakeMessages$C2SAcknowledge
[24Dec2025 19:11:47.696] [Netty Epoll Server IO #4/DEBUG] [net.minecraftforge.network.HandshakeHandler/FMLHANDSHAKE]: Received acknowledgement from client
[24Dec2025 19:11:47.696] [Netty Epoll Server IO #4/DEBUG] [net.minecraftforge.network.LoginWrapper/FMLHANDSHAKE]: Recieved login wrapper packet event for channel fml:handshake with index 8
[24Dec2025 19:11:47.696] [Netty Epoll Server IO #4/DEBUG] [net.minecraftforge.network.HandshakeHandler/FMLHANDSHAKE]: Received client indexed reply 8 of type net.minecraftforge.network.HandshakeMessages$C2SAcknowledge
[24Dec2025 19:11:47.696] [Netty Epoll Server IO #4/DEBUG] [net.minecraftforge.network.HandshakeHandler/FMLHANDSHAKE]: Received acknowledgement from client
[24Dec2025 19:11:47.696] [Netty Epoll Server IO #4/DEBUG] [net.minecraftforge.network.LoginWrapper/FMLHANDSHAKE]: Recieved login wrapper packet event for channel fml:handshake with index 9
[24Dec2025 19:11:47.696] [Netty Epoll Server IO #4/DEBUG] [net.minecraftforge.network.HandshakeHandler/FMLHANDSHAKE]: Received client indexed reply 9 of type net.minecraftforge.network.HandshakeMessages$C2SAcknowledge
[24Dec2025 19:11:47.696] [Netty Epoll Server IO #4/DEBUG] [net.minecraftforge.network.HandshakeHandler/FMLHANDSHAKE]: Received acknowledgement from client
[24Dec2025 19:11:47.696] [Netty Epoll Server IO #4/DEBUG] [net.minecraftforge.network.LoginWrapper/FMLHANDSHAKE]: Recieved login wrapper packet event for channel fml:handshake with index 10
[24Dec2025 19:11:47.696] [Netty Epoll Server IO #4/DEBUG] [net.minecraftforge.network.HandshakeHandler/FMLHANDSHAKE]: Received client indexed reply 10 of type net.minecraftforge.network.HandshakeMessages$C2SAcknowledge
[24Dec2025 19:11:47.697] [Netty Epoll Server IO #4/DEBUG] [net.minecraftforge.network.HandshakeHandler/FMLHANDSHAKE]: Received acknowledgement from client
[24Dec2025 19:11:47.697] [Netty Epoll Server IO #4/DEBUG] [net.minecraftforge.network.LoginWrapper/FMLHANDSHAKE]: Recieved login wrapper packet event for channel fml:handshake with index 11
[24Dec2025 19:11:47.697] [Netty Epoll Server IO #4/DEBUG] [net.minecraftforge.network.HandshakeHandler/FMLHANDSHAKE]: Received client indexed reply 11 of type net.minecraftforge.network.HandshakeMessages$C2SAcknowledge
[24Dec2025 19:11:47.697] [Netty Epoll Server IO #4/DEBUG] [net.minecraftforge.network.HandshakeHandler/FMLHANDSHAKE]: Received acknowledgement from client
[24Dec2025 19:11:47.697] [Netty Epoll Server IO #4/DEBUG] [net.minecraftforge.network.LoginWrapper/FMLHANDSHAKE]: Recieved login wrapper packet event for channel fml:handshake with index 12
[24Dec2025 19:11:47.698] [Netty Epoll Server IO #4/DEBUG] [net.minecraftforge.network.HandshakeHandler/FMLHANDSHAKE]: Received client indexed reply 12 of type net.minecraftforge.network.HandshakeMessages$C2SAcknowledge
[24Dec2025 19:11:47.698] [Netty Epoll Server IO #4/DEBUG] [net.minecraftforge.network.HandshakeHandler/FMLHANDSHAKE]: Received acknowledgement from client
[24Dec2025 19:11:47.723] [Server thread/DEBUG] [net.minecraftforge.network.HandshakeHandler/FMLHANDSHAKE]: Sending ticking packet info 'Registry minecraft:menu' to 'fml:handshake' sequence 17
[24Dec2025 19:11:47.766] [Server thread/DEBUG] [net.minecraftforge.network.HandshakeHandler/FMLHANDSHAKE]: Sending ticking packet info 'Registry minecraft:enchantment' to 'fml:handshake' sequence 18
[24Dec2025 19:11:47.804] [Netty Epoll Server IO #4/DEBUG] [net.minecraftforge.network.LoginWrapper/FMLHANDSHAKE]: Recieved login wrapper packet event for channel fml:handshake with index 13
[24Dec2025 19:11:47.804] [Netty Epoll Server IO #4/DEBUG] [net.minecraftforge.network.HandshakeHandler/FMLHANDSHAKE]: Received client indexed reply 13 of type net.minecraftforge.network.HandshakeMessages$C2SAcknowledge
[24Dec2025 19:11:47.804] [Netty Epoll Server IO #4/DEBUG] [net.minecraftforge.network.HandshakeHandler/FMLHANDSHAKE]: Received acknowledgement from client
[24Dec2025 19:11:47.804] [Netty Epoll Server IO #4/DEBUG] [net.minecraftforge.network.LoginWrapper/FMLHANDSHAKE]: Recieved login wrapper packet event for channel fml:handshake with index 14
[24Dec2025 19:11:47.804] [Netty Epoll Server IO #4/DEBUG] [net.minecraftforge.network.HandshakeHandler/FMLHANDSHAKE]: Received client indexed reply 14 of type net.minecraftforge.network.HandshakeMessages$C2SAcknowledge
[24Dec2025 19:11:47.804] [Netty Epoll Server IO #4/DEBUG] [net.minecraftforge.network.HandshakeHandler/FMLHANDSHAKE]: Received acknowledgement from client
[24Dec2025 19:11:47.805] [Netty Epoll Server IO #4/DEBUG] [net.minecraftforge.network.LoginWrapper/FMLHANDSHAKE]: Recieved login wrapper packet event for channel fml:handshake with index 15
[24Dec2025 19:11:47.805] [Netty Epoll Server IO #4/DEBUG] [net.minecraftforge.network.HandshakeHandler/FMLHANDSHAKE]: Received client indexed reply 15 of type net.minecraftforge.network.HandshakeMessages$C2SAcknowledge
[24Dec2025 19:11:47.805] [Netty Epoll Server IO #4/DEBUG] [net.minecraftforge.network.HandshakeHandler/FMLHANDSHAKE]: Received acknowledgement from client
[24Dec2025 19:11:47.825] [Netty Epoll Server IO #4/DEBUG] [net.minecraftforge.network.LoginWrapper/FMLHANDSHAKE]: Recieved login wrapper packet event for channel fml:handshake with index 16
[24Dec2025 19:11:47.825] [Netty Epoll Server IO #4/DEBUG] [net.minecraftforge.network.HandshakeHandler/FMLHANDSHAKE]: Received client indexed reply 16 of type net.minecraftforge.network.HandshakeMessages$C2SAcknowledge
[24Dec2025 19:11:47.825] [Netty Epoll Server IO #4/DEBUG] [net.minecraftforge.network.HandshakeHandler/FMLHANDSHAKE]: Received acknowledgement from client
[24Dec2025 19:11:47.826] [Server thread/DEBUG] [net.minecraftforge.network.HandshakeHandler/FMLHANDSHAKE]: Sending ticking packet info 'Registry minecraft:fluid' to 'fml:handshake' sequence 19
[24Dec2025 19:11:47.867] [Server thread/DEBUG] [net.minecraftforge.network.HandshakeHandler/FMLHANDSHAKE]: Sending ticking packet info 'Registry minecraft:entity_type' to 'fml:handshake' sequence 20
[24Dec2025 19:11:47.879] [Netty Epoll Server IO #4/DEBUG] [net.minecraftforge.network.LoginWrapper/FMLHANDSHAKE]: Recieved login wrapper packet event for channel fml:handshake with index 17
[24Dec2025 19:11:47.880] [Netty Epoll Server IO #4/DEBUG] [net.minecraftforge.network.HandshakeHandler/FMLHANDSHAKE]: Received client indexed reply 17 of type net.minecraftforge.network.HandshakeMessages$C2SAcknowledge
[24Dec2025 19:11:47.880] [Netty Epoll Server IO #4/DEBUG] [net.minecraftforge.network.HandshakeHandler/FMLHANDSHAKE]: Received acknowledgement from client
[24Dec2025 19:11:47.919] [Server thread/DEBUG] [net.minecraftforge.network.HandshakeHandler/FMLHANDSHAKE]: Sending ticking packet info 'Config securitycraft-server.toml' to 'fml:handshake' sequence 21
[24Dec2025 19:11:47.923] [Netty Epoll Server IO #4/DEBUG] [net.minecraftforge.network.LoginWrapper/FMLHANDSHAKE]: Recieved login wrapper packet event for channel fml:handshake with index 18
[24Dec2025 19:11:47.923] [Netty Epoll Server IO #4/DEBUG] [net.minecraftforge.network.HandshakeHandler/FMLHANDSHAKE]: Received client indexed reply 18 of type net.minecraftforge.network.HandshakeMessages$C2SAcknowledge
[24Dec2025 19:11:47.923] [Netty Epoll Server IO #4/DEBUG] [net.minecraftforge.network.HandshakeHandler/FMLHANDSHAKE]: Received acknowledgement from client
[24Dec2025 19:11:47.969] [Server thread/DEBUG] [net.minecraftforge.network.HandshakeHandler/FMLHANDSHAKE]: Sending ticking packet info 'Config sophisticatedbackpacks-server.toml' to 'fml:handshake' sequence 22
[24Dec2025 19:11:47.981] [Netty Epoll Server IO #4/DEBUG] [net.minecraftforge.network.LoginWrapper/FMLHANDSHAKE]: Recieved login wrapper packet event for channel fml:handshake with index 19
[24Dec2025 19:11:47.981] [Netty Epoll Server IO #4/DEBUG] [net.minecraftforge.network.HandshakeHandler/FMLHANDSHAKE]: Received client indexed reply 19 of type net.minecraftforge.network.HandshakeMessages$C2SAcknowledge
[24Dec2025 19:11:47.981] [Netty Epoll Server IO #4/DEBUG] [net.minecraftforge.network.HandshakeHandler/FMLHANDSHAKE]: Received acknowledgement from client
[24Dec2025 19:11:48.018] [Server thread/DEBUG] [net.minecraftforge.network.HandshakeHandler/FMLHANDSHAKE]: Sending ticking packet info 'Config mantle-server.toml' to 'fml:handshake' sequence 23
[24Dec2025 19:11:48.070] [Server thread/DEBUG] [net.minecraftforge.network.HandshakeHandler/FMLHANDSHAKE]: Sending ticking packet info 'Config jei-server.toml' to 'fml:handshake' sequence 24
[24Dec2025 19:11:48.116] [Server thread/DEBUG] [net.minecraftforge.network.HandshakeHandler/FMLHANDSHAKE]: Sending ticking packet info 'Config forge-server.toml' to 'fml:handshake' sequence 25
[24Dec2025 19:11:48.166] [Server thread/DEBUG] [net.minecraftforge.network.HandshakeHandler/FMLHANDSHAKE]: Sending ticking packet info 'org.violetmoon.zeta.network.message.S2CLoginFlag' to 'zeta:main' sequence 26
[24Dec2025 19:11:50.489] [Netty Epoll Server IO #4/DEBUG] [net.minecraftforge.network.LoginWrapper/FMLHANDSHAKE]: Recieved login wrapper packet event for channel fml:handshake with index 20
[24Dec2025 19:11:50.489] [Netty Epoll Server IO #4/DEBUG] [net.minecraftforge.network.HandshakeHandler/FMLHANDSHAKE]: Received client indexed reply 20 of type net.minecraftforge.network.HandshakeMessages$C2SAcknowledge
[24Dec2025 19:11:50.489] [Netty Epoll Server IO #4/DEBUG] [net.minecraftforge.network.HandshakeHandler/FMLHANDSHAKE]: Received acknowledgement from client
[24Dec2025 19:11:50.494] [Netty Epoll Server IO #4/DEBUG] [net.minecraftforge.network.LoginWrapper/FMLHANDSHAKE]: Recieved login wrapper packet event for channel fml:handshake with index 21
[24Dec2025 19:11:50.494] [Netty Epoll Server IO #4/DEBUG] [net.minecraftforge.network.HandshakeHandler/FMLHANDSHAKE]: Received client indexed reply 21 of type net.minecraftforge.network.HandshakeMessages$C2SAcknowledge
[24Dec2025 19:11:50.494] [Netty Epoll Server IO #4/DEBUG] [net.minecraftforge.network.HandshakeHandler/FMLHANDSHAKE]: Received acknowledgement from client
[24Dec2025 19:11:50.497] [Netty Epoll Server IO #4/DEBUG] [net.minecraftforge.network.LoginWrapper/FMLHANDSHAKE]: Recieved login wrapper packet event for channel fml:handshake with index 22
[24Dec2025 19:11:50.497] [Netty Epoll Server IO #4/DEBUG] [net.minecraftforge.network.HandshakeHandler/FMLHANDSHAKE]: Received client indexed reply 22 of type net.minecraftforge.network.HandshakeMessages$C2SAcknowledge
[24Dec2025 19:11:50.497] [Netty Epoll Server IO #4/DEBUG] [net.minecraftforge.network.HandshakeHandler/FMLHANDSHAKE]: Received acknowledgement from client
[24Dec2025 19:11:50.498] [Netty Epoll Server IO #4/DEBUG] [net.minecraftforge.network.LoginWrapper/FMLHANDSHAKE]: Recieved login wrapper packet event for channel fml:handshake with index 23
[24Dec2025 19:11:50.498] [Netty Epoll Server IO #4/DEBUG] [net.minecraftforge.network.HandshakeHandler/FMLHANDSHAKE]: Received client indexed reply 23 of type net.minecraftforge.network.HandshakeMessages$C2SAcknowledge
[24Dec2025 19:11:50.498] [Netty Epoll Server IO #4/DEBUG] [net.minecraftforge.network.HandshakeHandler/FMLHANDSHAKE]: Received acknowledgement from client
[24Dec2025 19:11:50.498] [Netty Epoll Server IO #4/DEBUG] [net.minecraftforge.network.LoginWrapper/FMLHANDSHAKE]: Recieved login wrapper packet event for channel fml:handshake with index 24
[24Dec2025 19:11:50.498] [Netty Epoll Server IO #4/DEBUG] [net.minecraftforge.network.HandshakeHandler/FMLHANDSHAKE]: Received client indexed reply 24 of type net.minecraftforge.network.HandshakeMessages$C2SAcknowledge
[24Dec2025 19:11:50.498] [Netty Epoll Server IO #4/DEBUG] [net.minecraftforge.network.HandshakeHandler/FMLHANDSHAKE]: Received acknowledgement from client
[24Dec2025 19:11:50.499] [Netty Epoll Server IO #4/DEBUG] [net.minecraftforge.network.LoginWrapper/FMLHANDSHAKE]: Recieved login wrapper packet event for channel fml:handshake with index 25
[24Dec2025 19:11:50.499] [Netty Epoll Server IO #4/DEBUG] [net.minecraftforge.network.HandshakeHandler/FMLHANDSHAKE]: Received client indexed reply 25 of type net.minecraftforge.network.HandshakeMessages$C2SAcknowledge
[24Dec2025 19:11:50.499] [Netty Epoll Server IO #4/DEBUG] [net.minecraftforge.network.HandshakeHandler/FMLHANDSHAKE]: Received acknowledgement from client
[24Dec2025 19:11:50.500] [Netty Epoll Server IO #4/DEBUG] [net.minecraftforge.network.LoginWrapper/FMLHANDSHAKE]: Recieved login wrapper packet event for channel zeta:main with index 26
[24Dec2025 19:11:50.501] [Netty Epoll Server IO #4/DEBUG] [net.minecraftforge.network.HandshakeHandler/FMLHANDSHAKE]: Received client indexed reply 26 of type org.violetmoon.zeta.network.message.C2SLoginFlag
[24Dec2025 19:11:50.518] [Server thread/DEBUG] [net.minecraftforge.network.HandshakeHandler/FMLHANDSHAKE]: Handshake complete!
[24Dec2025 19:11:50.589] [Server thread/INFO] [net.minecraft.server.players.PlayerList/]: NicoAvenali[/100.79.173.31:53355] logged in with entity id 565 at (-989.3390140679485, 6.0, -465.05489796763675)
[24Dec2025 19:11:50.590] [Server thread/DEBUG] [net.minecraftforge.network.filters.NetworkFilters/]: Injected net.minecraftforge.network.filters.ForgeConnectionNetworkFilter@113a728e into net.minecraft.network.Connection@162ea915
[24Dec2025 19:11:50.622] [Server thread/INFO] [net.minecraft.server.MinecraftServer/]: NicoAvenali joined the game
[24Dec2025 19:11:50.638] [Server thread/DEBUG] [voicechat/]: [voicechat] Setting default state of NicoAvenali: {disabled=false, disconnected=true, uuid=c72f3082-4aa4-3f3e-92a7-55239fc373fa, name=NicoAvenali, group=null}
[24Dec2025 19:11:52.413] [Server thread/INFO] [voicechat/]: [voicechat] Received secret request of NicoAvenali (20)
[24Dec2025 19:11:52.413] [Server thread/DEBUG] [voicechat/]: [voicechat] Sending initial states to NicoAvenali
[24Dec2025 19:11:52.413] [Server thread/DEBUG] [voicechat/]: [voicechat] Synchronizing 0 groups with NicoAvenali
[24Dec2025 19:11:52.413] [Server thread/DEBUG] [voicechat/]: [voicechat] Synchronizing 0 volume categories with NicoAvenali
[24Dec2025 19:11:52.413] [Server thread/INFO] [voicechat/]: [voicechat] Sent secret to NicoAvenali
[24Dec2025 19:11:52.418] [Server thread/WARN] [net.minecraft.server.network.ServerGamePacketListenerImpl/]: Brunooyb moved too quickly! -8.359859905292296,0.0,-5.702934426457546
[24Dec2025 19:11:56.979] [Server thread/INFO] [do_a_barrel_roll/]: Client of NicoAvenali accepted server config.
[24Dec2025 19:11:57.017] [VoiceChatPacketProcessingThread/INFO] [voicechat/]: [voicechat] Successfully authenticated player c72f3082-4aa4-3f3e-92a7-55239fc373fa
[24Dec2025 19:11:58.022] [VoiceChatPacketProcessingThread/INFO] [voicechat/]: [voicechat] Successfully validated connection of player c72f3082-4aa4-3f3e-92a7-55239fc373fa
[24Dec2025 19:11:58.023] [VoiceChatPacketProcessingThread/DEBUG] [voicechat/]: [voicechat] Set state of NicoAvenali to connected: {disabled=false, disconnected=false, uuid=c72f3082-4aa4-3f3e-92a7-55239fc373fa, name=NicoAvenali, group=null}
[24Dec2025 19:11:58.023] [VoiceChatPacketProcessingThread/INFO] [voicechat/]: [voicechat] Player NicoAvenali (c72f3082-4aa4-3f3e-92a7-55239fc373fa) successfully connected to voice chat
[24Dec2025 19:11:58.175] [Server thread/DEBUG] [voicechat/]: [voicechat] Got state of NicoAvenali: {disabled=false, disconnected=false, uuid=c72f3082-4aa4-3f3e-92a7-55239fc373fa, name=NicoAvenali, group=null}
[24Dec2025 19:13:06.507] [Netty Epoll Server IO #5/DEBUG] [net.minecraftforge.network.HandshakeHandler/FMLHANDSHAKE]: Starting new modded impl connection. Found 27 messages to dispatch.
[24Dec2025 19:13:06.525] [Server thread/DEBUG] [net.minecraftforge.network.HandshakeHandler/FMLHANDSHAKE]: Sending ticking packet info 'net.minecraftforge.network.HandshakeMessages$S2CModData' to 'fml:handshake' sequence 0
[24Dec2025 19:13:06.573] [Server thread/DEBUG] [net.minecraftforge.network.HandshakeHandler/FMLHANDSHAKE]: Sending ticking packet info 'net.minecraftforge.network.HandshakeMessages$S2CModList' to 'fml:handshake' sequence 1
[24Dec2025 19:13:06.623] [Server thread/DEBUG] [net.minecraftforge.network.HandshakeHandler/FMLHANDSHAKE]: Sending ticking packet info 'Registry minecraft:command_argument_type' to 'fml:handshake' sequence 2
[24Dec2025 19:13:06.677] [Server thread/DEBUG] [net.minecraftforge.network.HandshakeHandler/FMLHANDSHAKE]: Sending ticking packet info 'Registry minecraft:recipe_serializer' to 'fml:handshake' sequence 3
[24Dec2025 19:13:06.727] [Server thread/DEBUG] [net.minecraftforge.network.HandshakeHandler/FMLHANDSHAKE]: Sending ticking packet info 'Registry minecraft:sound_event' to 'fml:handshake' sequence 4
[24Dec2025 19:13:06.750] [Netty Epoll Server IO #5/DEBUG] [net.minecraftforge.network.LoginWrapper/FMLHANDSHAKE]: Recieved login wrapper packet event for channel fml:handshake with index 1
[24Dec2025 19:13:06.750] [Netty Epoll Server IO #5/DEBUG] [net.minecraftforge.network.HandshakeHandler/FMLHANDSHAKE]: Received client indexed reply 1 of type net.minecraftforge.network.HandshakeMessages$C2SModListReply
[24Dec2025 19:13:06.750] [Netty Epoll Server IO #5/DEBUG] [net.minecraftforge.network.HandshakeHandler/FMLHANDSHAKE]: Received client connection with modlist [minecraft, tconstruct, farmersdelight, mowziesmobs, geckolib, do_a_barrel_roll, chunky, jei, sophisticatedcore, mantle, xaerominimap, xaeroworldmap, securitycraft, mixinextras, sophisticatedbackpacks, coroutil, carryon, betterf3, watut, cloth_config, voicechat, voicechat_api, forge, zeta, quark, embeddium, rubidium, ironchest]
[24Dec2025 19:13:06.751] [Netty Epoll Server IO #5/DEBUG] [net.minecraftforge.network.NetworkRegistry/NETREGISTRY]: Channel 'watut:main' : Version test of '4' from client : ACCEPTED
[24Dec2025 19:13:06.751] [Netty Epoll Server IO #5/DEBUG] [net.minecraftforge.network.NetworkRegistry/NETREGISTRY]: Channel 'voicechat:secret' : Version test of 'ALLOWVANILLA 💓💓💓' from client : ACCEPTED
[24Dec2025 19:13:06.751] [Netty Epoll Server IO #5/DEBUG] [net.minecraftforge.network.NetworkRegistry/NETREGISTRY]: Channel 'voicechat:leave_group' : Version test of 'ALLOWVANILLA 💓💓💓' from client : ACCEPTED
[24Dec2025 19:13:06.751] [Netty Epoll Server IO #5/DEBUG] [net.minecraftforge.network.NetworkRegistry/NETREGISTRY]: Channel 'voicechat:create_group' : Version test of 'ALLOWVANILLA 💓💓💓' from client : ACCEPTED
[24Dec2025 19:13:06.751] [Netty Epoll Server IO #5/DEBUG] [net.minecraftforge.network.NetworkRegistry/NETREGISTRY]: Channel 'jei:channel' : Version test of '1.0.0' from client : ACCEPTED
[24Dec2025 19:13:06.751] [Netty Epoll Server IO #5/DEBUG] [net.minecraftforge.network.NetworkRegistry/NETREGISTRY]: Channel 'mantle:network' : Version test of '1' from client : ACCEPTED
[24Dec2025 19:13:06.751] [Netty Epoll Server IO #5/DEBUG] [net.minecraftforge.network.NetworkRegistry/NETREGISTRY]: Channel 'carryon:carryonpackets' : Version test of '1.0' from client : ACCEPTED
[24Dec2025 19:13:06.751] [Netty Epoll Server IO #5/DEBUG] [net.minecraftforge.network.NetworkRegistry/NETREGISTRY]: Channel 'minecraft:unregister' : Version test of 'FML3' from client : ACCEPTED
[24Dec2025 19:13:06.751] [Netty Epoll Server IO #5/DEBUG] [net.minecraftforge.network.NetworkRegistry/NETREGISTRY]: Channel 'xaerominimap:main' : Version test of '1.0' from client : ACCEPTED
[24Dec2025 19:13:06.751] [Netty Epoll Server IO #5/DEBUG] [net.minecraftforge.network.NetworkRegistry/NETREGISTRY]: Channel 'sophisticatedbackpacks:channel' : Version test of '1' from client : ACCEPTED
[24Dec2025 19:13:06.751] [Netty Epoll Server IO #5/DEBUG] [net.minecraftforge.network.NetworkRegistry/NETREGISTRY]: Channel 'voicechat:states' : Version test of 'ALLOWVANILLA 💓💓💓' from client : ACCEPTED
[24Dec2025 19:13:06.751] [Netty Epoll Server IO #5/DEBUG] [net.minecraftforge.network.NetworkRegistry/NETREGISTRY]: Channel 'securitycraft:securitycraft' : Version test of 'v1.10.1' from client : ACCEPTED
[24Dec2025 19:13:06.751] [Netty Epoll Server IO #5/DEBUG] [net.minecraftforge.network.NetworkRegistry/NETREGISTRY]: Channel 'voicechat:set_group' : Version test of 'ALLOWVANILLA 💓💓💓' from client : ACCEPTED
[24Dec2025 19:13:06.751] [Netty Epoll Server IO #5/DEBUG] [net.minecraftforge.network.NetworkRegistry/NETREGISTRY]: Channel 'voicechat:joined_group' : Version test of 'ALLOWVANILLA 💓💓💓' from client : ACCEPTED
[24Dec2025 19:13:06.751] [Netty Epoll Server IO #5/DEBUG] [net.minecraftforge.network.NetworkRegistry/NETREGISTRY]: Channel 'do_a_barrel_roll:handshake' : Version test of '' from client : ACCEPTED
[24Dec2025 19:13:06.751] [Netty Epoll Server IO #5/DEBUG] [net.minecraftforge.network.NetworkRegistry/NETREGISTRY]: Channel 'voicechat:update_state' : Version test of 'ALLOWVANILLA 💓💓💓' from client : ACCEPTED
[24Dec2025 19:13:06.751] [Netty Epoll Server IO #5/DEBUG] [net.minecraftforge.network.NetworkRegistry/NETREGISTRY]: Channel 'tconstruct:network' : Version test of '2' from client : ACCEPTED
[24Dec2025 19:13:06.751] [Netty Epoll Server IO #5/DEBUG] [net.minecraftforge.network.NetworkRegistry/NETREGISTRY]: Channel 'voicechat:add_group' : Version test of 'ALLOWVANILLA 💓💓💓' from client : ACCEPTED
[24Dec2025 19:13:06.751] [Netty Epoll Server IO #5/DEBUG] [net.minecraftforge.network.NetworkRegistry/NETREGISTRY]: Channel 'fml:loginwrapper' : Version test of 'FML3' from client : ACCEPTED
[24Dec2025 19:13:06.751] [Netty Epoll Server IO #5/DEBUG] [net.minecraftforge.network.NetworkRegistry/NETREGISTRY]: Channel 'forge:tier_sorting' : Version test of '1.0' from client : ACCEPTED
[24Dec2025 19:13:06.751] [Netty Epoll Server IO #5/DEBUG] [net.minecraftforge.network.NetworkRegistry/NETREGISTRY]: Channel 'quark:main' : Version test of '4' from client : ACCEPTED
[24Dec2025 19:13:06.751] [Netty Epoll Server IO #5/DEBUG] [net.minecraftforge.network.NetworkRegistry/NETREGISTRY]: Channel 'mowziesmobs:net' : Version test of '1' from client : ACCEPTED
[24Dec2025 19:13:06.751] [Netty Epoll Server IO #5/DEBUG] [net.minecraftforge.network.NetworkRegistry/NETREGISTRY]: Channel 'fml:play' : Version test of 'FML3' from client : ACCEPTED
[24Dec2025 19:13:06.751] [Netty Epoll Server IO #5/DEBUG] [net.minecraftforge.network.NetworkRegistry/NETREGISTRY]: Channel 'do_a_barrel_roll:server_config_update' : Version test of '' from client : ACCEPTED
[24Dec2025 19:13:06.751] [Netty Epoll Server IO #5/DEBUG] [net.minecraftforge.network.NetworkRegistry/NETREGISTRY]: Channel 'voicechat:request_secret' : Version test of 'ALLOWVANILLA 💓💓💓' from client : ACCEPTED
[24Dec2025 19:13:06.751] [Netty Epoll Server IO #5/DEBUG] [net.minecraftforge.network.NetworkRegistry/NETREGISTRY]: Channel 'sophisticatedcore:channel' : Version test of '1' from client : ACCEPTED
[24Dec2025 19:13:06.751] [Netty Epoll Server IO #5/DEBUG] [net.minecraftforge.network.NetworkRegistry/NETREGISTRY]: Channel 'fml:handshake' : Version test of 'FML3' from client : ACCEPTED
[24Dec2025 19:13:06.752] [Netty Epoll Server IO #5/DEBUG] [net.minecraftforge.network.NetworkRegistry/NETREGISTRY]: Channel 'voicechat:state' : Version test of 'ALLOWVANILLA 💓💓💓' from client : ACCEPTED
[24Dec2025 19:13:06.752] [Netty Epoll Server IO #5/DEBUG] [net.minecraftforge.network.NetworkRegistry/NETREGISTRY]: Channel 'voicechat:remove_category' : Version test of 'ALLOWVANILLA 💓💓💓' from client : ACCEPTED
[24Dec2025 19:13:06.752] [Netty Epoll Server IO #5/DEBUG] [net.minecraftforge.network.NetworkRegistry/NETREGISTRY]: Channel 'ironchest:network' : Version test of '1' from client : ACCEPTED
[24Dec2025 19:13:06.752] [Netty Epoll Server IO #5/DEBUG] [net.minecraftforge.network.NetworkRegistry/NETREGISTRY]: Channel 'voicechat:remove_group' : Version test of 'ALLOWVANILLA 💓💓💓' from client : ACCEPTED
[24Dec2025 19:13:06.752] [Netty Epoll Server IO #5/DEBUG] [net.minecraftforge.network.NetworkRegistry/NETREGISTRY]: Channel 'voicechat:add_category' : Version test of 'ALLOWVANILLA 💓💓💓' from client : ACCEPTED
[24Dec2025 19:13:06.752] [Netty Epoll Server IO #5/DEBUG] [net.minecraftforge.network.NetworkRegistry/NETREGISTRY]: Channel 'zeta:main' : Version test of '1' from client : ACCEPTED
[24Dec2025 19:13:06.752] [Netty Epoll Server IO #5/DEBUG] [net.minecraftforge.network.NetworkRegistry/NETREGISTRY]: Channel 'xaeroworldmap:main' : Version test of '1.0' from client : ACCEPTED
[24Dec2025 19:13:06.752] [Netty Epoll Server IO #5/DEBUG] [net.minecraftforge.network.NetworkRegistry/NETREGISTRY]: Channel 'voicechat:remove_state' : Version test of 'ALLOWVANILLA 💓💓💓' from client : ACCEPTED
[24Dec2025 19:13:06.752] [Netty Epoll Server IO #5/DEBUG] [net.minecraftforge.network.NetworkRegistry/NETREGISTRY]: Channel 'minecraft:register' : Version test of 'FML3' from client : ACCEPTED
[24Dec2025 19:13:06.752] [Netty Epoll Server IO #5/DEBUG] [net.minecraftforge.network.NetworkRegistry/NETREGISTRY]: Channel 'forge:split' : Version test of '1.1' from client : ACCEPTED
[24Dec2025 19:13:06.752] [Netty Epoll Server IO #5/DEBUG] [net.minecraftforge.network.NetworkRegistry/NETREGISTRY]: Channel 'geckolib:main' : Version test of '1' from client : ACCEPTED
[24Dec2025 19:13:06.752] [Netty Epoll Server IO #5/DEBUG] [net.minecraftforge.network.NetworkRegistry/NETREGISTRY]: Channel 'do_a_barrel_roll:player_roll' : Version test of '' from client : ACCEPTED
[24Dec2025 19:13:06.752] [Netty Epoll Server IO #5/DEBUG] [net.minecraftforge.network.NetworkRegistry/NETREGISTRY]: Accepting channel list from client
[24Dec2025 19:13:06.752] [Netty Epoll Server IO #5/DEBUG] [net.minecraftforge.network.HandshakeHandler/FMLHANDSHAKE]: Accepted client connection mod list
[24Dec2025 19:13:06.776] [Server thread/DEBUG] [net.minecraftforge.network.HandshakeHandler/FMLHANDSHAKE]: Sending ticking packet info 'Registry minecraft:particle_type' to 'fml:handshake' sequence 5
[24Dec2025 19:13:06.797] [Netty Epoll Server IO #5/DEBUG] [net.minecraftforge.network.LoginWrapper/FMLHANDSHAKE]: Recieved login wrapper packet event for channel fml:handshake with index 2
[24Dec2025 19:13:06.797] [Netty Epoll Server IO #5/DEBUG] [net.minecraftforge.network.HandshakeHandler/FMLHANDSHAKE]: Received client indexed reply 2 of type net.minecraftforge.network.HandshakeMessages$C2SAcknowledge
[24Dec2025 19:13:06.797] [Netty Epoll Server IO #5/DEBUG] [net.minecraftforge.network.HandshakeHandler/FMLHANDSHAKE]: Received acknowledgement from client
[24Dec2025 19:13:06.824] [Server thread/DEBUG] [net.minecraftforge.network.HandshakeHandler/FMLHANDSHAKE]: Sending ticking packet info 'Registry minecraft:villager_profession' to 'fml:handshake' sequence 6
[24Dec2025 19:13:06.848] [Netty Epoll Server IO #5/DEBUG] [net.minecraftforge.network.LoginWrapper/FMLHANDSHAKE]: Recieved login wrapper packet event for channel fml:handshake with index 3
[24Dec2025 19:13:06.848] [Netty Epoll Server IO #5/DEBUG] [net.minecraftforge.network.HandshakeHandler/FMLHANDSHAKE]: Received client indexed reply 3 of type net.minecraftforge.network.HandshakeMessages$C2SAcknowledge
[24Dec2025 19:13:06.848] [Netty Epoll Server IO #5/DEBUG] [net.minecraftforge.network.HandshakeHandler/FMLHANDSHAKE]: Received acknowledgement from client
[24Dec2025 19:13:06.873] [Server thread/DEBUG] [net.minecraftforge.network.HandshakeHandler/FMLHANDSHAKE]: Sending ticking packet info 'Registry minecraft:item' to 'fml:handshake' sequence 7
[24Dec2025 19:13:06.926] [Server thread/DEBUG] [net.minecraftforge.network.HandshakeHandler/FMLHANDSHAKE]: Sending ticking packet info 'Registry minecraft:potion' to 'fml:handshake' sequence 8
[24Dec2025 19:13:06.976] [Server thread/DEBUG] [net.minecraftforge.network.HandshakeHandler/FMLHANDSHAKE]: Sending ticking packet info 'Registry minecraft:painting_variant' to 'fml:handshake' sequence 9
[24Dec2025 19:13:07.023] [Server thread/DEBUG] [net.minecraftforge.network.HandshakeHandler/FMLHANDSHAKE]: Sending ticking packet info 'Registry forge:fluid_type' to 'fml:handshake' sequence 10
[24Dec2025 19:13:07.073] [Server thread/DEBUG] [net.minecraftforge.network.HandshakeHandler/FMLHANDSHAKE]: Sending ticking packet info 'Registry minecraft:block_entity_type' to 'fml:handshake' sequence 11
[24Dec2025 19:13:07.121] [Server thread/DEBUG] [net.minecraftforge.network.HandshakeHandler/FMLHANDSHAKE]: Sending ticking packet info 'Registry forge:display_contexts' to 'fml:handshake' sequence 12
[24Dec2025 19:13:07.175] [Server thread/DEBUG] [net.minecraftforge.network.HandshakeHandler/FMLHANDSHAKE]: Sending ticking packet info 'Registry minecraft:block' to 'fml:handshake' sequence 13
[24Dec2025 19:13:07.187] [Netty Epoll Server IO #5/DEBUG] [net.minecraftforge.network.LoginWrapper/FMLHANDSHAKE]: Recieved login wrapper packet event for channel fml:handshake with index 4
[24Dec2025 19:13:07.187] [Netty Epoll Server IO #5/DEBUG] [net.minecraftforge.network.HandshakeHandler/FMLHANDSHAKE]: Received client indexed reply 4 of type net.minecraftforge.network.HandshakeMessages$C2SAcknowledge
[24Dec2025 19:13:07.187] [Netty Epoll Server IO #5/DEBUG] [net.minecraftforge.network.HandshakeHandler/FMLHANDSHAKE]: Received acknowledgement from client
[24Dec2025 19:13:07.188] [Netty Epoll Server IO #5/DEBUG] [net.minecraftforge.network.LoginWrapper/FMLHANDSHAKE]: Recieved login wrapper packet event for channel fml:handshake with index 5
[24Dec2025 19:13:07.188] [Netty Epoll Server IO #5/DEBUG] [net.minecraftforge.network.HandshakeHandler/FMLHANDSHAKE]: Received client indexed reply 5 of type net.minecraftforge.network.HandshakeMessages$C2SAcknowledge
[24Dec2025 19:13:07.188] [Netty Epoll Server IO #5/DEBUG] [net.minecraftforge.network.HandshakeHandler/FMLHANDSHAKE]: Received acknowledgement from client
[24Dec2025 19:13:07.188] [Netty Epoll Server IO #5/DEBUG] [net.minecraftforge.network.LoginWrapper/FMLHANDSHAKE]: Recieved login wrapper packet event for channel fml:handshake with index 6
[24Dec2025 19:13:07.188] [Netty Epoll Server IO #5/DEBUG] [net.minecraftforge.network.HandshakeHandler/FMLHANDSHAKE]: Received client indexed reply 6 of type net.minecraftforge.network.HandshakeMessages$C2SAcknowledge
[24Dec2025 19:13:07.188] [Netty Epoll Server IO #5/DEBUG] [net.minecraftforge.network.HandshakeHandler/FMLHANDSHAKE]: Received acknowledgement from client
[24Dec2025 19:13:07.226] [Server thread/DEBUG] [net.minecraftforge.network.HandshakeHandler/FMLHANDSHAKE]: Sending ticking packet info 'Registry forge:entity_data_serializers' to 'fml:handshake' sequence 14
[24Dec2025 19:13:07.275] [Server thread/DEBUG] [net.minecraftforge.network.HandshakeHandler/FMLHANDSHAKE]: Sending ticking packet info 'Registry minecraft:mob_effect' to 'fml:handshake' sequence 15
[24Dec2025 19:13:07.333] [Server thread/DEBUG] [net.minecraftforge.network.HandshakeHandler/FMLHANDSHAKE]: Sending ticking packet info 'Registry minecraft:stat_type' to 'fml:handshake' sequence 16
[24Dec2025 19:13:07.372] [Server thread/DEBUG] [net.minecraftforge.network.HandshakeHandler/FMLHANDSHAKE]: Sending ticking packet info 'Registry minecraft:menu' to 'fml:handshake' sequence 17
[24Dec2025 19:13:07.415] [Netty Epoll Server IO #5/DEBUG] [net.minecraftforge.network.LoginWrapper/FMLHANDSHAKE]: Recieved login wrapper packet event for channel fml:handshake with index 7
[24Dec2025 19:13:07.415] [Netty Epoll Server IO #5/DEBUG] [net.minecraftforge.network.HandshakeHandler/FMLHANDSHAKE]: Received client indexed reply 7 of type net.minecraftforge.network.HandshakeMessages$C2SAcknowledge
[24Dec2025 19:13:07.415] [Netty Epoll Server IO #5/DEBUG] [net.minecraftforge.network.HandshakeHandler/FMLHANDSHAKE]: Received acknowledgement from client
[24Dec2025 19:13:07.419] [Netty Epoll Server IO #5/DEBUG] [net.minecraftforge.network.LoginWrapper/FMLHANDSHAKE]: Recieved login wrapper packet event for channel fml:handshake with index 8
[24Dec2025 19:13:07.419] [Netty Epoll Server IO #5/DEBUG] [net.minecraftforge.network.HandshakeHandler/FMLHANDSHAKE]: Received client indexed reply 8 of type net.minecraftforge.network.HandshakeMessages$C2SAcknowledge
[24Dec2025 19:13:07.419] [Netty Epoll Server IO #5/DEBUG] [net.minecraftforge.network.HandshakeHandler/FMLHANDSHAKE]: Received acknowledgement from client
[24Dec2025 19:13:07.420] [Netty Epoll Server IO #5/DEBUG] [net.minecraftforge.network.LoginWrapper/FMLHANDSHAKE]: Recieved login wrapper packet event for channel fml:handshake with index 9
[24Dec2025 19:13:07.420] [Netty Epoll Server IO #5/DEBUG] [net.minecraftforge.network.HandshakeHandler/FMLHANDSHAKE]: Received client indexed reply 9 of type net.minecraftforge.network.HandshakeMessages$C2SAcknowledge
[24Dec2025 19:13:07.420] [Netty Epoll Server IO #5/DEBUG] [net.minecraftforge.network.HandshakeHandler/FMLHANDSHAKE]: Received acknowledgement from client
[24Dec2025 19:13:07.420] [Netty Epoll Server IO #5/DEBUG] [net.minecraftforge.network.LoginWrapper/FMLHANDSHAKE]: Recieved login wrapper packet event for channel fml:handshake with index 10
[24Dec2025 19:13:07.420] [Netty Epoll Server IO #5/DEBUG] [net.minecraftforge.network.HandshakeHandler/FMLHANDSHAKE]: Received client indexed reply 10 of type net.minecraftforge.network.HandshakeMessages$C2SAcknowledge
[24Dec2025 19:13:07.420] [Netty Epoll Server IO #5/DEBUG] [net.minecraftforge.network.HandshakeHandler/FMLHANDSHAKE]: Received acknowledgement from client
[24Dec2025 19:13:07.420] [Netty Epoll Server IO #5/DEBUG] [net.minecraftforge.network.LoginWrapper/FMLHANDSHAKE]: Recieved login wrapper packet event for channel fml:handshake with index 11
[24Dec2025 19:13:07.420] [Netty Epoll Server IO #5/DEBUG] [net.minecraftforge.network.HandshakeHandler/FMLHANDSHAKE]: Received client indexed reply 11 of type net.minecraftforge.network.HandshakeMessages$C2SAcknowledge
[24Dec2025 19:13:07.420] [Netty Epoll Server IO #5/DEBUG] [net.minecraftforge.network.HandshakeHandler/FMLHANDSHAKE]: Received acknowledgement from client
[24Dec2025 19:13:07.420] [Netty Epoll Server IO #5/DEBUG] [net.minecraftforge.network.LoginWrapper/FMLHANDSHAKE]: Recieved login wrapper packet event for channel fml:handshake with index 12
[24Dec2025 19:13:07.420] [Netty Epoll Server IO #5/DEBUG] [net.minecraftforge.network.HandshakeHandler/FMLHANDSHAKE]: Received client indexed reply 12 of type net.minecraftforge.network.HandshakeMessages$C2SAcknowledge
[24Dec2025 19:13:07.420] [Netty Epoll Server IO #5/DEBUG] [net.minecraftforge.network.HandshakeHandler/FMLHANDSHAKE]: Received acknowledgement from client
[24Dec2025 19:13:07.422] [Server thread/DEBUG] [net.minecraftforge.network.HandshakeHandler/FMLHANDSHAKE]: Sending ticking packet info 'Registry minecraft:enchantment' to 'fml:handshake' sequence 18
[24Dec2025 19:13:07.475] [Server thread/DEBUG] [net.minecraftforge.network.HandshakeHandler/FMLHANDSHAKE]: Sending ticking packet info 'Registry minecraft:fluid' to 'fml:handshake' sequence 19
[24Dec2025 19:13:07.517] [Netty Epoll Server IO #5/DEBUG] [net.minecraftforge.network.LoginWrapper/FMLHANDSHAKE]: Recieved login wrapper packet event for channel fml:handshake with index 13
[24Dec2025 19:13:07.517] [Netty Epoll Server IO #5/DEBUG] [net.minecraftforge.network.HandshakeHandler/FMLHANDSHAKE]: Received client indexed reply 13 of type net.minecraftforge.network.HandshakeMessages$C2SAcknowledge
[24Dec2025 19:13:07.517] [Netty Epoll Server IO #5/DEBUG] [net.minecraftforge.network.HandshakeHandler/FMLHANDSHAKE]: Received acknowledgement from client
[24Dec2025 19:13:07.522] [Netty Epoll Server IO #5/DEBUG] [net.minecraftforge.network.LoginWrapper/FMLHANDSHAKE]: Recieved login wrapper packet event for channel fml:handshake with index 14
[24Dec2025 19:13:07.522] [Netty Epoll Server IO #5/DEBUG] [net.minecraftforge.network.HandshakeHandler/FMLHANDSHAKE]: Received client indexed reply 14 of type net.minecraftforge.network.HandshakeMessages$C2SAcknowledge
[24Dec2025 19:13:07.522] [Netty Epoll Server IO #5/DEBUG] [net.minecraftforge.network.HandshakeHandler/FMLHANDSHAKE]: Received acknowledgement from client
[24Dec2025 19:13:07.522] [Netty Epoll Server IO #5/DEBUG] [net.minecraftforge.network.LoginWrapper/FMLHANDSHAKE]: Recieved login wrapper packet event for channel fml:handshake with index 15
[24Dec2025 19:13:07.522] [Netty Epoll Server IO #5/DEBUG] [net.minecraftforge.network.HandshakeHandler/FMLHANDSHAKE]: Received client indexed reply 15 of type net.minecraftforge.network.HandshakeMessages$C2SAcknowledge
[24Dec2025 19:13:07.522] [Netty Epoll Server IO #5/DEBUG] [net.minecraftforge.network.HandshakeHandler/FMLHANDSHAKE]: Received acknowledgement from client
[24Dec2025 19:13:07.522] [Netty Epoll Server IO #5/DEBUG] [net.minecraftforge.network.LoginWrapper/FMLHANDSHAKE]: Recieved login wrapper packet event for channel fml:handshake with index 16
[24Dec2025 19:13:07.522] [Netty Epoll Server IO #5/DEBUG] [net.minecraftforge.network.HandshakeHandler/FMLHANDSHAKE]: Received client indexed reply 16 of type net.minecraftforge.network.HandshakeMessages$C2SAcknowledge
[24Dec2025 19:13:07.523] [Netty Epoll Server IO #5/DEBUG] [net.minecraftforge.network.HandshakeHandler/FMLHANDSHAKE]: Received acknowledgement from client
[24Dec2025 19:13:07.526] [Server thread/DEBUG] [net.minecraftforge.network.HandshakeHandler/FMLHANDSHAKE]: Sending ticking packet info 'Registry minecraft:entity_type' to 'fml:handshake' sequence 20
[24Dec2025 19:13:07.546] [Netty Epoll Server IO #5/DEBUG] [net.minecraftforge.network.LoginWrapper/FMLHANDSHAKE]: Recieved login wrapper packet event for channel fml:handshake with index 17
[24Dec2025 19:13:07.546] [Netty Epoll Server IO #5/DEBUG] [net.minecraftforge.network.HandshakeHandler/FMLHANDSHAKE]: Received client indexed reply 17 of type net.minecraftforge.network.HandshakeMessages$C2SAcknowledge
[24Dec2025 19:13:07.546] [Netty Epoll Server IO #5/DEBUG] [net.minecraftforge.network.HandshakeHandler/FMLHANDSHAKE]: Received acknowledgement from client
[24Dec2025 19:13:07.574] [Server thread/DEBUG] [net.minecraftforge.network.HandshakeHandler/FMLHANDSHAKE]: Sending ticking packet info 'Config securitycraft-server.toml' to 'fml:handshake' sequence 21
[24Dec2025 19:13:07.591] [Netty Epoll Server IO #5/DEBUG] [net.minecraftforge.network.LoginWrapper/FMLHANDSHAKE]: Recieved login wrapper packet event for channel fml:handshake with index 18
[24Dec2025 19:13:07.591] [Netty Epoll Server IO #5/DEBUG] [net.minecraftforge.network.HandshakeHandler/FMLHANDSHAKE]: Received client indexed reply 18 of type net.minecraftforge.network.HandshakeMessages$C2SAcknowledge
[24Dec2025 19:13:07.592] [Netty Epoll Server IO #5/DEBUG] [net.minecraftforge.network.HandshakeHandler/FMLHANDSHAKE]: Received acknowledgement from client
[24Dec2025 19:13:07.626] [Server thread/DEBUG] [net.minecraftforge.network.HandshakeHandler/FMLHANDSHAKE]: Sending ticking packet info 'Config sophisticatedbackpacks-server.toml' to 'fml:handshake' sequence 22
[24Dec2025 19:13:07.645] [Netty Epoll Server IO #5/DEBUG] [net.minecraftforge.network.LoginWrapper/FMLHANDSHAKE]: Recieved login wrapper packet event for channel fml:handshake with index 19
[24Dec2025 19:13:07.645] [Netty Epoll Server IO #5/DEBUG] [net.minecraftforge.network.HandshakeHandler/FMLHANDSHAKE]: Received client indexed reply 19 of type net.minecraftforge.network.HandshakeMessages$C2SAcknowledge
[24Dec2025 19:13:07.645] [Netty Epoll Server IO #5/DEBUG] [net.minecraftforge.network.HandshakeHandler/FMLHANDSHAKE]: Received acknowledgement from client
[24Dec2025 19:13:07.672] [Server thread/DEBUG] [net.minecraftforge.network.HandshakeHandler/FMLHANDSHAKE]: Sending ticking packet info 'Config mantle-server.toml' to 'fml:handshake' sequence 23
[24Dec2025 19:13:07.723] [Server thread/DEBUG] [net.minecraftforge.network.HandshakeHandler/FMLHANDSHAKE]: Sending ticking packet info 'Config jei-server.toml' to 'fml:handshake' sequence 24
[24Dec2025 19:13:07.775] [Server thread/DEBUG] [net.minecraftforge.network.HandshakeHandler/FMLHANDSHAKE]: Sending ticking packet info 'Config forge-server.toml' to 'fml:handshake' sequence 25
[24Dec2025 19:13:07.821] [Server thread/DEBUG] [net.minecraftforge.network.HandshakeHandler/FMLHANDSHAKE]: Sending ticking packet info 'org.violetmoon.zeta.network.message.S2CLoginFlag' to 'zeta:main' sequence 26
[24Dec2025 19:13:10.485] [Netty Epoll Server IO #5/DEBUG] [net.minecraftforge.network.LoginWrapper/FMLHANDSHAKE]: Recieved login wrapper packet event for channel fml:handshake with index 20
[24Dec2025 19:13:10.485] [Netty Epoll Server IO #5/DEBUG] [net.minecraftforge.network.HandshakeHandler/FMLHANDSHAKE]: Received client indexed reply 20 of type net.minecraftforge.network.HandshakeMessages$C2SAcknowledge
[24Dec2025 19:13:10.485] [Netty Epoll Server IO #5/DEBUG] [net.minecraftforge.network.HandshakeHandler/FMLHANDSHAKE]: Received acknowledgement from client
[24Dec2025 19:13:10.492] [Netty Epoll Server IO #5/DEBUG] [net.minecraftforge.network.LoginWrapper/FMLHANDSHAKE]: Recieved login wrapper packet event for channel fml:handshake with index 21
[24Dec2025 19:13:10.492] [Netty Epoll Server IO #5/DEBUG] [net.minecraftforge.network.HandshakeHandler/FMLHANDSHAKE]: Received client indexed reply 21 of type net.minecraftforge.network.HandshakeMessages$C2SAcknowledge
[24Dec2025 19:13:10.492] [Netty Epoll Server IO #5/DEBUG] [net.minecraftforge.network.HandshakeHandler/FMLHANDSHAKE]: Received acknowledgement from client
[24Dec2025 19:13:10.492] [Netty Epoll Server IO #5/DEBUG] [net.minecraftforge.network.LoginWrapper/FMLHANDSHAKE]: Recieved login wrapper packet event for channel fml:handshake with index 22
[24Dec2025 19:13:10.492] [Netty Epoll Server IO #5/DEBUG] [net.minecraftforge.network.HandshakeHandler/FMLHANDSHAKE]: Received client indexed reply 22 of type net.minecraftforge.network.HandshakeMessages$C2SAcknowledge
[24Dec2025 19:13:10.492] [Netty Epoll Server IO #5/DEBUG] [net.minecraftforge.network.HandshakeHandler/FMLHANDSHAKE]: Received acknowledgement from client
[24Dec2025 19:13:10.492] [Netty Epoll Server IO #5/DEBUG] [net.minecraftforge.network.LoginWrapper/FMLHANDSHAKE]: Recieved login wrapper packet event for channel fml:handshake with index 23
[24Dec2025 19:13:10.492] [Netty Epoll Server IO #5/DEBUG] [net.minecraftforge.network.HandshakeHandler/FMLHANDSHAKE]: Received client indexed reply 23 of type net.minecraftforge.network.HandshakeMessages$C2SAcknowledge
[24Dec2025 19:13:10.492] [Netty Epoll Server IO #5/DEBUG] [net.minecraftforge.network.HandshakeHandler/FMLHANDSHAKE]: Received acknowledgement from client
[24Dec2025 19:13:10.492] [Netty Epoll Server IO #5/DEBUG] [net.minecraftforge.network.LoginWrapper/FMLHANDSHAKE]: Recieved login wrapper packet event for channel fml:handshake with index 24
[24Dec2025 19:13:10.492] [Netty Epoll Server IO #5/DEBUG] [net.minecraftforge.network.HandshakeHandler/FMLHANDSHAKE]: Received client indexed reply 24 of type net.minecraftforge.network.HandshakeMessages$C2SAcknowledge
[24Dec2025 19:13:10.492] [Netty Epoll Server IO #5/DEBUG] [net.minecraftforge.network.HandshakeHandler/FMLHANDSHAKE]: Received acknowledgement from client
[24Dec2025 19:13:10.492] [Netty Epoll Server IO #5/DEBUG] [net.minecraftforge.network.LoginWrapper/FMLHANDSHAKE]: Recieved login wrapper packet event for channel fml:handshake with index 25
[24Dec2025 19:13:10.492] [Netty Epoll Server IO #5/DEBUG] [net.minecraftforge.network.HandshakeHandler/FMLHANDSHAKE]: Received client indexed reply 25 of type net.minecraftforge.network.HandshakeMessages$C2SAcknowledge
[24Dec2025 19:13:10.492] [Netty Epoll Server IO #5/DEBUG] [net.minecraftforge.network.HandshakeHandler/FMLHANDSHAKE]: Received acknowledgement from client
[24Dec2025 19:13:10.492] [Netty Epoll Server IO #5/DEBUG] [net.minecraftforge.network.LoginWrapper/FMLHANDSHAKE]: Recieved login wrapper packet event for channel zeta:main with index 26
[24Dec2025 19:13:10.492] [Netty Epoll Server IO #5/DEBUG] [net.minecraftforge.network.HandshakeHandler/FMLHANDSHAKE]: Received client indexed reply 26 of type org.violetmoon.zeta.network.message.C2SLoginFlag
[24Dec2025 19:13:10.527] [Server thread/DEBUG] [net.minecraftforge.network.HandshakeHandler/FMLHANDSHAKE]: Handshake complete!
[24Dec2025 19:13:10.596] [Server thread/INFO] [net.minecraft.server.players.PlayerList/]: gonza0_0[/100.65.129.19:55793] logged in with entity id 1413 at (-1216.3737212496624, 118.0, 840.2458233677033)
[24Dec2025 19:13:10.596] [Server thread/DEBUG] [net.minecraftforge.network.filters.NetworkFilters/]: Injected net.minecraftforge.network.filters.ForgeConnectionNetworkFilter@4d515fb into net.minecraft.network.Connection@3c3e6513
[24Dec2025 19:13:10.619] [Server thread/INFO] [net.minecraft.server.MinecraftServer/]: gonza0_0 joined the game
[24Dec2025 19:13:10.660] [Server thread/DEBUG] [voicechat/]: [voicechat] Setting default state of gonza0_0: {disabled=false, disconnected=true, uuid=c3ec5172-345f-3d20-b560-7e4a718cac7a, name=gonza0_0, group=null}
[24Dec2025 19:13:11.197] [Server thread/INFO] [voicechat/]: [voicechat] Received secret request of gonza0_0 (20)
[24Dec2025 19:13:11.198] [Server thread/DEBUG] [voicechat/]: [voicechat] Sending initial states to gonza0_0
[24Dec2025 19:13:11.198] [Server thread/DEBUG] [voicechat/]: [voicechat] Synchronizing 0 groups with gonza0_0
[24Dec2025 19:13:11.198] [Server thread/DEBUG] [voicechat/]: [voicechat] Synchronizing 0 volume categories with gonza0_0
[24Dec2025 19:13:11.198] [Server thread/INFO] [voicechat/]: [voicechat] Sent secret to gonza0_0
[24Dec2025 19:13:17.544] [Server thread/INFO] [do_a_barrel_roll/]: Client of gonza0_0 accepted server config.
[24Dec2025 19:13:17.780] [VoiceChatPacketProcessingThread/INFO] [voicechat/]: [voicechat] Successfully authenticated player c3ec5172-345f-3d20-b560-7e4a718cac7a
[24Dec2025 19:13:18.788] [VoiceChatPacketProcessingThread/INFO] [voicechat/]: [voicechat] Successfully validated connection of player c3ec5172-345f-3d20-b560-7e4a718cac7a
[24Dec2025 19:13:18.788] [VoiceChatPacketProcessingThread/DEBUG] [voicechat/]: [voicechat] Set state of gonza0_0 to connected: {disabled=false, disconnected=false, uuid=c3ec5172-345f-3d20-b560-7e4a718cac7a, name=gonza0_0, group=null}
[24Dec2025 19:13:18.788] [VoiceChatPacketProcessingThread/INFO] [voicechat/]: [voicechat] Player gonza0_0 (c3ec5172-345f-3d20-b560-7e4a718cac7a) successfully connected to voice chat
[24Dec2025 19:13:18.953] [Server thread/DEBUG] [voicechat/]: [voicechat] Got state of gonza0_0: {disabled=false, disconnected=false, uuid=c3ec5172-345f-3d20-b560-7e4a718cac7a, name=gonza0_0, group=null}
[24Dec2025 19:14:11.070] [Server thread/DEBUG] [net.minecraftforge.common.ForgeHooks/WP]: Gathering id map for writing to world save world
[24Dec2025 19:14:11.084] [Server thread/DEBUG] [net.minecraftforge.common.ForgeHooks/WP]: ID Map collection complete world
[24Dec2025 19:18:03.749] [Worker-Main-10/DEBUG] [mixin/]: Mixing ChunkGeneratorMixin from quark.mixins.json into net.minecraft.world.level.levelgen.structure.pools.JigsawPlacement
[24Dec2025 19:18:55.976] [Server thread/INFO] [net.minecraft.server.MinecraftServer/]: gonza0_0 has made the advancement [Suit Up]
[24Dec2025 19:19:11.064] [Server thread/DEBUG] [net.minecraftforge.common.ForgeHooks/WP]: Gathering id map for writing to world save world
[24Dec2025 19:19:11.077] [Server thread/DEBUG] [net.minecraftforge.common.ForgeHooks/WP]: ID Map collection complete world
[24Dec2025 19:20:33.297] [Server thread/INFO] [net.minecraft.server.MinecraftServer/]: [NicoAvenali: Teleported NicoAvenali to -1146.500000, -44.500000, -403.500000]
[24Dec2025 19:20:38.888] [Server thread/INFO] [net.minecraft.server.MinecraftServer/]: [NicoAvenali: Teleported NicoAvenali to -1028.500000, -16.500000, -463.500000]
[24Dec2025 19:21:28.374] [Server thread/INFO] [net.minecraft.server.MinecraftServer/]: gonza0_0 has made the advancement [Cover Me with Diamonds]
[24Dec2025 19:23:23.927] [Server thread/INFO] [net.minecraft.server.MinecraftServer/]: [NicoAvenali: Teleported NicoAvenali to -1201.500000, -36.500000, -407.500000]
[24Dec2025 19:24:11.045] [Server thread/DEBUG] [net.minecraftforge.common.ForgeHooks/WP]: Gathering id map for writing to world save world
[24Dec2025 19:24:11.054] [Server thread/DEBUG] [net.minecraftforge.common.ForgeHooks/WP]: ID Map collection complete world
[24Dec2025 19:27:21.876] [Server thread/DEBUG] [voicechat/]: [voicechat] Got state of NicoAvenali: {disabled=true, disconnected=false, uuid=c72f3082-4aa4-3f3e-92a7-55239fc373fa, name=NicoAvenali, group=null}
[24Dec2025 19:28:07.383] [Server thread/INFO] [net.minecraft.server.MinecraftServer/]: [NicoAvenali: Teleported NicoAvenali to -1301.500000, -50.500000, -428.500000]
[24Dec2025 19:29:11.079] [Server thread/DEBUG] [net.minecraftforge.common.ForgeHooks/WP]: Gathering id map for writing to world save world
[24Dec2025 19:29:11.095] [Server thread/DEBUG] [net.minecraftforge.common.ForgeHooks/WP]: ID Map collection complete world
[24Dec2025 19:33:09.106] [Server thread/INFO] [net.minecraft.server.MinecraftServer/]: [NicoAvenali: Teleported NicoAvenali to -1352.500000, -42.500000, -633.500000]
[24Dec2025 19:34:11.044] [Server thread/DEBUG] [net.minecraftforge.common.ForgeHooks/WP]: Gathering id map for writing to world save world
[24Dec2025 19:34:11.054] [Server thread/DEBUG] [net.minecraftforge.common.ForgeHooks/WP]: ID Map collection complete world
[24Dec2025 19:34:40.981] [Server thread/INFO] [net.minecraft.server.MinecraftServer/]: [NicoAvenali: Teleported NicoAvenali to -1406.500000, -30.500000, -750.500000]
[24Dec2025 19:39:11.049] [Server thread/DEBUG] [net.minecraftforge.common.ForgeHooks/WP]: Gathering id map for writing to world save world
[24Dec2025 19:39:11.060] [Server thread/DEBUG] [net.minecraftforge.common.ForgeHooks/WP]: ID Map collection complete world
[24Dec2025 19:42:21.475] [Server thread/INFO] [net.minecraft.server.MinecraftServer/]: [NicoAvenali: Teleported NicoAvenali to -1495.500000, -41.500000, -752.500000]
[24Dec2025 19:44:11.043] [Server thread/DEBUG] [net.minecraftforge.common.ForgeHooks/WP]: Gathering id map for writing to world save world
[24Dec2025 19:44:11.055] [Server thread/DEBUG] [net.minecraftforge.common.ForgeHooks/WP]: ID Map collection complete world
[24Dec2025 19:44:11.577] [Server thread/INFO] [net.minecraft.server.network.ServerGamePacketListenerImpl/]: Brunooyb lost connection: Disconnected
[24Dec2025 19:44:11.577] [Server thread/INFO] [net.minecraft.server.MinecraftServer/]: Brunooyb left the game
[24Dec2025 19:44:11.578] [Server thread/DEBUG] [voicechat/]: [voicechat] Removing state of Brunooyb
[24Dec2025 19:44:11.579] [Server thread/INFO] [voicechat/]: [voicechat] Disconnecting client Brunooyb
[24Dec2025 19:44:45.335] [Server thread/INFO] [net.minecraft.server.MinecraftServer/]: [NicoAvenali: Teleported NicoAvenali to -1170.500000, 112.500000, 987.500000]
[24Dec2025 19:46:11.518] [Server thread/INFO] [net.minecraft.server.MinecraftServer/]: [NicoAvenali: Teleported gonza0_0 to NicoAvenali]
[24Dec2025 19:49:11.004] [Server thread/DEBUG] [net.minecraftforge.common.ForgeHooks/WP]: Gathering id map for writing to world save world
[24Dec2025 19:49:11.014] [Server thread/DEBUG] [net.minecraftforge.common.ForgeHooks/WP]: ID Map collection complete world
[24Dec2025 19:51:36.518] [Netty Epoll Server IO #1/DEBUG] [net.minecraftforge.network.HandshakeHandler/FMLHANDSHAKE]: Starting new modded impl connection. Found 27 messages to dispatch.
[24Dec2025 19:51:36.572] [Server thread/DEBUG] [net.minecraftforge.network.HandshakeHandler/FMLHANDSHAKE]: Sending ticking packet info 'net.minecraftforge.network.HandshakeMessages$S2CModData' to 'fml:handshake' sequence 0
[24Dec2025 19:51:36.617] [Server thread/DEBUG] [net.minecraftforge.network.HandshakeHandler/FMLHANDSHAKE]: Sending ticking packet info 'net.minecraftforge.network.HandshakeMessages$S2CModList' to 'fml:handshake' sequence 1
[24Dec2025 19:51:36.668] [Server thread/DEBUG] [net.minecraftforge.network.HandshakeHandler/FMLHANDSHAKE]: Sending ticking packet info 'Registry minecraft:command_argument_type' to 'fml:handshake' sequence 2
[24Dec2025 19:51:36.718] [Server thread/DEBUG] [net.minecraftforge.network.HandshakeHandler/FMLHANDSHAKE]: Sending ticking packet info 'Registry minecraft:recipe_serializer' to 'fml:handshake' sequence 3
[24Dec2025 19:51:36.767] [Netty Epoll Server IO #1/DEBUG] [net.minecraftforge.network.LoginWrapper/FMLHANDSHAKE]: Recieved login wrapper packet event for channel fml:handshake with index 1
[24Dec2025 19:51:36.767] [Netty Epoll Server IO #1/DEBUG] [net.minecraftforge.network.HandshakeHandler/FMLHANDSHAKE]: Received client indexed reply 1 of type net.minecraftforge.network.HandshakeMessages$C2SModListReply
[24Dec2025 19:51:36.767] [Netty Epoll Server IO #1/DEBUG] [net.minecraftforge.network.HandshakeHandler/FMLHANDSHAKE]: Received client connection with modlist [minecraft, tconstruct, farmersdelight, mowziesmobs, geckolib, do_a_barrel_roll, playeranimator, chunky, jei, kotlinforforge, sophisticatedcore, mantle, xaerominimap, xaeroworldmap, securitycraft, mixinextras, sophisticatedbackpacks, coroutil, carryon, betterf3, watut, cloth_config, voicechat, voicechat_api, forge, zeta, quark, embeddium, rubidium, ironchest]
[24Dec2025 19:51:36.767] [Netty Epoll Server IO #1/DEBUG] [net.minecraftforge.network.NetworkRegistry/NETREGISTRY]: Channel 'watut:main' : Version test of '4' from client : ACCEPTED
[24Dec2025 19:51:36.767] [Netty Epoll Server IO #1/DEBUG] [net.minecraftforge.network.NetworkRegistry/NETREGISTRY]: Channel 'voicechat:secret' : Version test of 'ALLOWVANILLA 💓💓💓' from client : ACCEPTED
[24Dec2025 19:51:36.767] [Netty Epoll Server IO #1/DEBUG] [net.minecraftforge.network.NetworkRegistry/NETREGISTRY]: Channel 'voicechat:leave_group' : Version test of 'ALLOWVANILLA 💓💓💓' from client : ACCEPTED
[24Dec2025 19:51:36.768] [Netty Epoll Server IO #1/DEBUG] [net.minecraftforge.network.NetworkRegistry/NETREGISTRY]: Channel 'voicechat:create_group' : Version test of 'ALLOWVANILLA 💓💓💓' from client : ACCEPTED
[24Dec2025 19:51:36.768] [Netty Epoll Server IO #1/DEBUG] [net.minecraftforge.network.NetworkRegistry/NETREGISTRY]: Channel 'jei:channel' : Version test of '1.0.0' from client : ACCEPTED
[24Dec2025 19:51:36.768] [Netty Epoll Server IO #1/DEBUG] [net.minecraftforge.network.NetworkRegistry/NETREGISTRY]: Channel 'mantle:network' : Version test of '1' from client : ACCEPTED
[24Dec2025 19:51:36.768] [Netty Epoll Server IO #1/DEBUG] [net.minecraftforge.network.NetworkRegistry/NETREGISTRY]: Channel 'carryon:carryonpackets' : Version test of '1.0' from client : ACCEPTED
[24Dec2025 19:51:36.768] [Netty Epoll Server IO #1/DEBUG] [net.minecraftforge.network.NetworkRegistry/NETREGISTRY]: Channel 'minecraft:unregister' : Version test of 'FML3' from client : ACCEPTED
[24Dec2025 19:51:36.768] [Netty Epoll Server IO #1/DEBUG] [net.minecraftforge.network.NetworkRegistry/NETREGISTRY]: Channel 'xaerominimap:main' : Version test of '1.0' from client : ACCEPTED
[24Dec2025 19:51:36.768] [Netty Epoll Server IO #1/DEBUG] [net.minecraftforge.network.NetworkRegistry/NETREGISTRY]: Channel 'sophisticatedbackpacks:channel' : Version test of '1' from client : ACCEPTED
[24Dec2025 19:51:36.768] [Netty Epoll Server IO #1/DEBUG] [net.minecraftforge.network.NetworkRegistry/NETREGISTRY]: Channel 'voicechat:states' : Version test of 'ALLOWVANILLA 💓💓💓' from client : ACCEPTED
[24Dec2025 19:51:36.768] [Netty Epoll Server IO #1/DEBUG] [net.minecraftforge.network.NetworkRegistry/NETREGISTRY]: Channel 'securitycraft:securitycraft' : Version test of 'v1.10.1' from client : ACCEPTED
[24Dec2025 19:51:36.768] [Netty Epoll Server IO #1/DEBUG] [net.minecraftforge.network.NetworkRegistry/NETREGISTRY]: Channel 'voicechat:set_group' : Version test of 'ALLOWVANILLA 💓💓💓' from client : ACCEPTED
[24Dec2025 19:51:36.768] [Netty Epoll Server IO #1/DEBUG] [net.minecraftforge.network.NetworkRegistry/NETREGISTRY]: Channel 'voicechat:joined_group' : Version test of 'ALLOWVANILLA 💓💓💓' from client : ACCEPTED
[24Dec2025 19:51:36.768] [Netty Epoll Server IO #1/DEBUG] [net.minecraftforge.network.NetworkRegistry/NETREGISTRY]: Channel 'do_a_barrel_roll:handshake' : Version test of '' from client : ACCEPTED
[24Dec2025 19:51:36.768] [Netty Epoll Server IO #1/DEBUG] [net.minecraftforge.network.NetworkRegistry/NETREGISTRY]: Channel 'voicechat:update_state' : Version test of 'ALLOWVANILLA 💓💓💓' from client : ACCEPTED
[24Dec2025 19:51:36.768] [Netty Epoll Server IO #1/DEBUG] [net.minecraftforge.network.NetworkRegistry/NETREGISTRY]: Channel 'tconstruct:network' : Version test of '2' from client : ACCEPTED
[24Dec2025 19:51:36.768] [Netty Epoll Server IO #1/DEBUG] [net.minecraftforge.network.NetworkRegistry/NETREGISTRY]: Channel 'voicechat:add_group' : Version test of 'ALLOWVANILLA 💓💓💓' from client : ACCEPTED
[24Dec2025 19:51:36.768] [Netty Epoll Server IO #1/DEBUG] [net.minecraftforge.network.NetworkRegistry/NETREGISTRY]: Channel 'fml:loginwrapper' : Version test of 'FML3' from client : ACCEPTED
[24Dec2025 19:51:36.768] [Netty Epoll Server IO #1/DEBUG] [net.minecraftforge.network.NetworkRegistry/NETREGISTRY]: Channel 'forge:tier_sorting' : Version test of '1.0' from client : ACCEPTED
[24Dec2025 19:51:36.768] [Netty Epoll Server IO #1/DEBUG] [net.minecraftforge.network.NetworkRegistry/NETREGISTRY]: Channel 'quark:main' : Version test of '4' from client : ACCEPTED
[24Dec2025 19:51:36.768] [Netty Epoll Server IO #1/DEBUG] [net.minecraftforge.network.NetworkRegistry/NETREGISTRY]: Channel 'mowziesmobs:net' : Version test of '1' from client : ACCEPTED
[24Dec2025 19:51:36.768] [Netty Epoll Server IO #1/DEBUG] [net.minecraftforge.network.NetworkRegistry/NETREGISTRY]: Channel 'fml:play' : Version test of 'FML3' from client : ACCEPTED
[24Dec2025 19:51:36.768] [Netty Epoll Server IO #1/DEBUG] [net.minecraftforge.network.NetworkRegistry/NETREGISTRY]: Channel 'do_a_barrel_roll:server_config_update' : Version test of '' from client : ACCEPTED
[24Dec2025 19:51:36.768] [Netty Epoll Server IO #1/DEBUG] [net.minecraftforge.network.NetworkRegistry/NETREGISTRY]: Channel 'voicechat:request_secret' : Version test of 'ALLOWVANILLA 💓💓💓' from client : ACCEPTED
[24Dec2025 19:51:36.768] [Netty Epoll Server IO #1/DEBUG] [net.minecraftforge.network.NetworkRegistry/NETREGISTRY]: Channel 'sophisticatedcore:channel' : Version test of '1' from client : ACCEPTED
[24Dec2025 19:51:36.768] [Netty Epoll Server IO #1/DEBUG] [net.minecraftforge.network.NetworkRegistry/NETREGISTRY]: Channel 'fml:handshake' : Version test of 'FML3' from client : ACCEPTED
[24Dec2025 19:51:36.768] [Netty Epoll Server IO #1/DEBUG] [net.minecraftforge.network.NetworkRegistry/NETREGISTRY]: Channel 'voicechat:state' : Version test of 'ALLOWVANILLA 💓💓💓' from client : ACCEPTED
[24Dec2025 19:51:36.768] [Netty Epoll Server IO #1/DEBUG] [net.minecraftforge.network.NetworkRegistry/NETREGISTRY]: Channel 'voicechat:remove_category' : Version test of 'ALLOWVANILLA 💓💓💓' from client : ACCEPTED
[24Dec2025 19:51:36.768] [Netty Epoll Server IO #1/DEBUG] [net.minecraftforge.network.NetworkRegistry/NETREGISTRY]: Channel 'ironchest:network' : Version test of '1' from client : ACCEPTED
[24Dec2025 19:51:36.768] [Netty Epoll Server IO #1/DEBUG] [net.minecraftforge.network.NetworkRegistry/NETREGISTRY]: Channel 'voicechat:remove_group' : Version test of 'ALLOWVANILLA 💓💓💓' from client : ACCEPTED
[24Dec2025 19:51:36.768] [Netty Epoll Server IO #1/DEBUG] [net.minecraftforge.network.NetworkRegistry/NETREGISTRY]: Channel 'voicechat:add_category' : Version test of 'ALLOWVANILLA 💓💓💓' from client : ACCEPTED
[24Dec2025 19:51:36.768] [Netty Epoll Server IO #1/DEBUG] [net.minecraftforge.network.NetworkRegistry/NETREGISTRY]: Channel 'zeta:main' : Version test of '1' from client : ACCEPTED
[24Dec2025 19:51:36.768] [Netty Epoll Server IO #1/DEBUG] [net.minecraftforge.network.NetworkRegistry/NETREGISTRY]: Channel 'xaeroworldmap:main' : Version test of '1.0' from client : ACCEPTED
[24Dec2025 19:51:36.769] [Netty Epoll Server IO #1/DEBUG] [net.minecraftforge.network.NetworkRegistry/NETREGISTRY]: Channel 'voicechat:remove_state' : Version test of 'ALLOWVANILLA 💓💓💓' from client : ACCEPTED
[24Dec2025 19:51:36.769] [Netty Epoll Server IO #1/DEBUG] [net.minecraftforge.network.NetworkRegistry/NETREGISTRY]: Channel 'minecraft:register' : Version test of 'FML3' from client : ACCEPTED
[24Dec2025 19:51:36.769] [Netty Epoll Server IO #1/DEBUG] [net.minecraftforge.network.NetworkRegistry/NETREGISTRY]: Channel 'forge:split' : Version test of '1.1' from client : ACCEPTED
[24Dec2025 19:51:36.769] [Netty Epoll Server IO #1/DEBUG] [net.minecraftforge.network.NetworkRegistry/NETREGISTRY]: Channel 'geckolib:main' : Version test of '1' from client : ACCEPTED
[24Dec2025 19:51:36.769] [Netty Epoll Server IO #1/DEBUG] [net.minecraftforge.network.NetworkRegistry/NETREGISTRY]: Channel 'do_a_barrel_roll:player_roll' : Version test of '' from client : ACCEPTED
[24Dec2025 19:51:36.769] [Netty Epoll Server IO #1/DEBUG] [net.minecraftforge.network.NetworkRegistry/NETREGISTRY]: Accepting channel list from client
[24Dec2025 19:51:36.769] [Netty Epoll Server IO #1/DEBUG] [net.minecraftforge.network.HandshakeHandler/FMLHANDSHAKE]: Accepted client connection mod list
[24Dec2025 19:51:36.769] [Server thread/DEBUG] [net.minecraftforge.network.HandshakeHandler/FMLHANDSHAKE]: Sending ticking packet info 'Registry minecraft:sound_event' to 'fml:handshake' sequence 4
[24Dec2025 19:51:36.817] [Netty Epoll Server IO #1/DEBUG] [net.minecraftforge.network.LoginWrapper/FMLHANDSHAKE]: Recieved login wrapper packet event for channel fml:handshake with index 2
[24Dec2025 19:51:36.817] [Netty Epoll Server IO #1/DEBUG] [net.minecraftforge.network.HandshakeHandler/FMLHANDSHAKE]: Received client indexed reply 2 of type net.minecraftforge.network.HandshakeMessages$C2SAcknowledge
[24Dec2025 19:51:36.817] [Netty Epoll Server IO #1/DEBUG] [net.minecraftforge.network.HandshakeHandler/FMLHANDSHAKE]: Received acknowledgement from client
[24Dec2025 19:51:36.820] [Server thread/DEBUG] [net.minecraftforge.network.HandshakeHandler/FMLHANDSHAKE]: Sending ticking packet info 'Registry minecraft:particle_type' to 'fml:handshake' sequence 5
[24Dec2025 19:51:36.867] [Netty Epoll Server IO #1/DEBUG] [net.minecraftforge.network.LoginWrapper/FMLHANDSHAKE]: Recieved login wrapper packet event for channel fml:handshake with index 3
[24Dec2025 19:51:36.867] [Netty Epoll Server IO #1/DEBUG] [net.minecraftforge.network.HandshakeHandler/FMLHANDSHAKE]: Received client indexed reply 3 of type net.minecraftforge.network.HandshakeMessages$C2SAcknowledge
[24Dec2025 19:51:36.867] [Netty Epoll Server IO #1/DEBUG] [net.minecraftforge.network.HandshakeHandler/FMLHANDSHAKE]: Received acknowledgement from client
[24Dec2025 19:51:36.868] [Server thread/DEBUG] [net.minecraftforge.network.HandshakeHandler/FMLHANDSHAKE]: Sending ticking packet info 'Registry minecraft:villager_profession' to 'fml:handshake' sequence 6
[24Dec2025 19:51:36.917] [Server thread/DEBUG] [net.minecraftforge.network.HandshakeHandler/FMLHANDSHAKE]: Sending ticking packet info 'Registry minecraft:item' to 'fml:handshake' sequence 7
[24Dec2025 19:51:36.972] [Server thread/DEBUG] [net.minecraftforge.network.HandshakeHandler/FMLHANDSHAKE]: Sending ticking packet info 'Registry minecraft:potion' to 'fml:handshake' sequence 8
[24Dec2025 19:51:37.016] [Server thread/DEBUG] [net.minecraftforge.network.HandshakeHandler/FMLHANDSHAKE]: Sending ticking packet info 'Registry minecraft:painting_variant' to 'fml:handshake' sequence 9
[24Dec2025 19:51:37.069] [Server thread/DEBUG] [net.minecraftforge.network.HandshakeHandler/FMLHANDSHAKE]: Sending ticking packet info 'Registry forge:fluid_type' to 'fml:handshake' sequence 10
[24Dec2025 19:51:37.117] [Server thread/DEBUG] [net.minecraftforge.network.HandshakeHandler/FMLHANDSHAKE]: Sending ticking packet info 'Registry minecraft:block_entity_type' to 'fml:handshake' sequence 11
[24Dec2025 19:51:37.167] [Server thread/DEBUG] [net.minecraftforge.network.HandshakeHandler/FMLHANDSHAKE]: Sending ticking packet info 'Registry forge:display_contexts' to 'fml:handshake' sequence 12
[24Dec2025 19:51:37.217] [Netty Epoll Server IO #1/DEBUG] [net.minecraftforge.network.LoginWrapper/FMLHANDSHAKE]: Recieved login wrapper packet event for channel fml:handshake with index 4
[24Dec2025 19:51:37.217] [Netty Epoll Server IO #1/DEBUG] [net.minecraftforge.network.HandshakeHandler/FMLHANDSHAKE]: Received client indexed reply 4 of type net.minecraftforge.network.HandshakeMessages$C2SAcknowledge
[24Dec2025 19:51:37.218] [Netty Epoll Server IO #1/DEBUG] [net.minecraftforge.network.HandshakeHandler/FMLHANDSHAKE]: Received acknowledgement from client
[24Dec2025 19:51:37.218] [Netty Epoll Server IO #1/DEBUG] [net.minecraftforge.network.LoginWrapper/FMLHANDSHAKE]: Recieved login wrapper packet event for channel fml:handshake with index 5
[24Dec2025 19:51:37.218] [Netty Epoll Server IO #1/DEBUG] [net.minecraftforge.network.HandshakeHandler/FMLHANDSHAKE]: Received client indexed reply 5 of type net.minecraftforge.network.HandshakeMessages$C2SAcknowledge
[24Dec2025 19:51:37.218] [Netty Epoll Server IO #1/DEBUG] [net.minecraftforge.network.HandshakeHandler/FMLHANDSHAKE]: Received acknowledgement from client
[24Dec2025 19:51:37.218] [Netty Epoll Server IO #1/DEBUG] [net.minecraftforge.network.LoginWrapper/FMLHANDSHAKE]: Recieved login wrapper packet event for channel fml:handshake with index 6
[24Dec2025 19:51:37.218] [Netty Epoll Server IO #1/DEBUG] [net.minecraftforge.network.HandshakeHandler/FMLHANDSHAKE]: Received client indexed reply 6 of type net.minecraftforge.network.HandshakeMessages$C2SAcknowledge
[24Dec2025 19:51:37.218] [Netty Epoll Server IO #1/DEBUG] [net.minecraftforge.network.HandshakeHandler/FMLHANDSHAKE]: Received acknowledgement from client
[24Dec2025 19:51:37.222] [Server thread/DEBUG] [net.minecraftforge.network.HandshakeHandler/FMLHANDSHAKE]: Sending ticking packet info 'Registry minecraft:block' to 'fml:handshake' sequence 13
[24Dec2025 19:51:37.269] [Server thread/DEBUG] [net.minecraftforge.network.HandshakeHandler/FMLHANDSHAKE]: Sending ticking packet info 'Registry forge:entity_data_serializers' to 'fml:handshake' sequence 14
[24Dec2025 19:51:37.316] [Server thread/DEBUG] [net.minecraftforge.network.HandshakeHandler/FMLHANDSHAKE]: Sending ticking packet info 'Registry minecraft:mob_effect' to 'fml:handshake' sequence 15
[24Dec2025 19:51:37.366] [Server thread/DEBUG] [net.minecraftforge.network.HandshakeHandler/FMLHANDSHAKE]: Sending ticking packet info 'Registry minecraft:stat_type' to 'fml:handshake' sequence 16
[24Dec2025 19:51:37.372] [Netty Epoll Server IO #1/DEBUG] [net.minecraftforge.network.LoginWrapper/FMLHANDSHAKE]: Recieved login wrapper packet event for channel fml:handshake with index 7
[24Dec2025 19:51:37.373] [Netty Epoll Server IO #1/DEBUG] [net.minecraftforge.network.HandshakeHandler/FMLHANDSHAKE]: Received client indexed reply 7 of type net.minecraftforge.network.HandshakeMessages$C2SAcknowledge
[24Dec2025 19:51:37.373] [Netty Epoll Server IO #1/DEBUG] [net.minecraftforge.network.HandshakeHandler/FMLHANDSHAKE]: Received acknowledgement from client
[24Dec2025 19:51:37.373] [Netty Epoll Server IO #1/DEBUG] [net.minecraftforge.network.LoginWrapper/FMLHANDSHAKE]: Recieved login wrapper packet event for channel fml:handshake with index 8
[24Dec2025 19:51:37.373] [Netty Epoll Server IO #1/DEBUG] [net.minecraftforge.network.HandshakeHandler/FMLHANDSHAKE]: Received client indexed reply 8 of type net.minecraftforge.network.HandshakeMessages$C2SAcknowledge
[24Dec2025 19:51:37.373] [Netty Epoll Server IO #1/DEBUG] [net.minecraftforge.network.HandshakeHandler/FMLHANDSHAKE]: Received acknowledgement from client
[24Dec2025 19:51:37.373] [Netty Epoll Server IO #1/DEBUG] [net.minecraftforge.network.LoginWrapper/FMLHANDSHAKE]: Recieved login wrapper packet event for channel fml:handshake with index 9
[24Dec2025 19:51:37.373] [Netty Epoll Server IO #1/DEBUG] [net.minecraftforge.network.HandshakeHandler/FMLHANDSHAKE]: Received client indexed reply 9 of type net.minecraftforge.network.HandshakeMessages$C2SAcknowledge
[24Dec2025 19:51:37.373] [Netty Epoll Server IO #1/DEBUG] [net.minecraftforge.network.HandshakeHandler/FMLHANDSHAKE]: Received acknowledgement from client
[24Dec2025 19:51:37.373] [Netty Epoll Server IO #1/DEBUG] [net.minecraftforge.network.LoginWrapper/FMLHANDSHAKE]: Recieved login wrapper packet event for channel fml:handshake with index 10
[24Dec2025 19:51:37.373] [Netty Epoll Server IO #1/DEBUG] [net.minecraftforge.network.HandshakeHandler/FMLHANDSHAKE]: Received client indexed reply 10 of type net.minecraftforge.network.HandshakeMessages$C2SAcknowledge
[24Dec2025 19:51:37.373] [Netty Epoll Server IO #1/DEBUG] [net.minecraftforge.network.HandshakeHandler/FMLHANDSHAKE]: Received acknowledgement from client
[24Dec2025 19:51:37.373] [Netty Epoll Server IO #1/DEBUG] [net.minecraftforge.network.LoginWrapper/FMLHANDSHAKE]: Recieved login wrapper packet event for channel fml:handshake with index 11
[24Dec2025 19:51:37.373] [Netty Epoll Server IO #1/DEBUG] [net.minecraftforge.network.HandshakeHandler/FMLHANDSHAKE]: Received client indexed reply 11 of type net.minecraftforge.network.HandshakeMessages$C2SAcknowledge
[24Dec2025 19:51:37.373] [Netty Epoll Server IO #1/DEBUG] [net.minecraftforge.network.HandshakeHandler/FMLHANDSHAKE]: Received acknowledgement from client
[24Dec2025 19:51:37.373] [Netty Epoll Server IO #1/DEBUG] [net.minecraftforge.network.LoginWrapper/FMLHANDSHAKE]: Recieved login wrapper packet event for channel fml:handshake with index 12
[24Dec2025 19:51:37.373] [Netty Epoll Server IO #1/DEBUG] [net.minecraftforge.network.HandshakeHandler/FMLHANDSHAKE]: Received client indexed reply 12 of type net.minecraftforge.network.HandshakeMessages$C2SAcknowledge
[24Dec2025 19:51:37.373] [Netty Epoll Server IO #1/DEBUG] [net.minecraftforge.network.HandshakeHandler/FMLHANDSHAKE]: Received acknowledgement from client
[24Dec2025 19:51:37.416] [Server thread/DEBUG] [net.minecraftforge.network.HandshakeHandler/FMLHANDSHAKE]: Sending ticking packet info 'Registry minecraft:menu' to 'fml:handshake' sequence 17
[24Dec2025 19:51:37.467] [Server thread/DEBUG] [net.minecraftforge.network.HandshakeHandler/FMLHANDSHAKE]: Sending ticking packet info 'Registry minecraft:enchantment' to 'fml:handshake' sequence 18
[24Dec2025 19:51:37.517] [Server thread/DEBUG] [net.minecraftforge.network.HandshakeHandler/FMLHANDSHAKE]: Sending ticking packet info 'Registry minecraft:fluid' to 'fml:handshake' sequence 19
[24Dec2025 19:51:37.518] [Netty Epoll Server IO #1/DEBUG] [net.minecraftforge.network.LoginWrapper/FMLHANDSHAKE]: Recieved login wrapper packet event for channel fml:handshake with index 13
[24Dec2025 19:51:37.519] [Netty Epoll Server IO #1/DEBUG] [net.minecraftforge.network.HandshakeHandler/FMLHANDSHAKE]: Received client indexed reply 13 of type net.minecraftforge.network.HandshakeMessages$C2SAcknowledge
[24Dec2025 19:51:37.519] [Netty Epoll Server IO #1/DEBUG] [net.minecraftforge.network.HandshakeHandler/FMLHANDSHAKE]: Received acknowledgement from client
[24Dec2025 19:51:37.519] [Netty Epoll Server IO #1/DEBUG] [net.minecraftforge.network.LoginWrapper/FMLHANDSHAKE]: Recieved login wrapper packet event for channel fml:handshake with index 14
[24Dec2025 19:51:37.519] [Netty Epoll Server IO #1/DEBUG] [net.minecraftforge.network.HandshakeHandler/FMLHANDSHAKE]: Received client indexed reply 14 of type net.minecraftforge.network.HandshakeMessages$C2SAcknowledge
[24Dec2025 19:51:37.519] [Netty Epoll Server IO #1/DEBUG] [net.minecraftforge.network.HandshakeHandler/FMLHANDSHAKE]: Received acknowledgement from client
[24Dec2025 19:51:37.519] [Netty Epoll Server IO #1/DEBUG] [net.minecraftforge.network.LoginWrapper/FMLHANDSHAKE]: Recieved login wrapper packet event for channel fml:handshake with index 15
[24Dec2025 19:51:37.519] [Netty Epoll Server IO #1/DEBUG] [net.minecraftforge.network.HandshakeHandler/FMLHANDSHAKE]: Received client indexed reply 15 of type net.minecraftforge.network.HandshakeMessages$C2SAcknowledge
[24Dec2025 19:51:37.519] [Netty Epoll Server IO #1/DEBUG] [net.minecraftforge.network.HandshakeHandler/FMLHANDSHAKE]: Received acknowledgement from client
[24Dec2025 19:51:37.519] [Netty Epoll Server IO #1/DEBUG] [net.minecraftforge.network.LoginWrapper/FMLHANDSHAKE]: Recieved login wrapper packet event for channel fml:handshake with index 16
[24Dec2025 19:51:37.519] [Netty Epoll Server IO #1/DEBUG] [net.minecraftforge.network.HandshakeHandler/FMLHANDSHAKE]: Received client indexed reply 16 of type net.minecraftforge.network.HandshakeMessages$C2SAcknowledge
[24Dec2025 19:51:37.519] [Netty Epoll Server IO #1/DEBUG] [net.minecraftforge.network.HandshakeHandler/FMLHANDSHAKE]: Received acknowledgement from client
[24Dec2025 19:51:37.565] [Netty Epoll Server IO #1/DEBUG] [net.minecraftforge.network.LoginWrapper/FMLHANDSHAKE]: Recieved login wrapper packet event for channel fml:handshake with index 17
[24Dec2025 19:51:37.565] [Netty Epoll Server IO #1/DEBUG] [net.minecraftforge.network.HandshakeHandler/FMLHANDSHAKE]: Received client indexed reply 17 of type net.minecraftforge.network.HandshakeMessages$C2SAcknowledge
[24Dec2025 19:51:37.565] [Netty Epoll Server IO #1/DEBUG] [net.minecraftforge.network.HandshakeHandler/FMLHANDSHAKE]: Received acknowledgement from client
[24Dec2025 19:51:37.567] [Server thread/DEBUG] [net.minecraftforge.network.HandshakeHandler/FMLHANDSHAKE]: Sending ticking packet info 'Registry minecraft:entity_type' to 'fml:handshake' sequence 20
[24Dec2025 19:51:37.616] [Netty Epoll Server IO #1/DEBUG] [net.minecraftforge.network.LoginWrapper/FMLHANDSHAKE]: Recieved login wrapper packet event for channel fml:handshake with index 18
[24Dec2025 19:51:37.617] [Netty Epoll Server IO #1/DEBUG] [net.minecraftforge.network.HandshakeHandler/FMLHANDSHAKE]: Received client indexed reply 18 of type net.minecraftforge.network.HandshakeMessages$C2SAcknowledge
[24Dec2025 19:51:37.617] [Server thread/DEBUG] [net.minecraftforge.network.HandshakeHandler/FMLHANDSHAKE]: Sending ticking packet info 'Config securitycraft-server.toml' to 'fml:handshake' sequence 21
[24Dec2025 19:51:37.617] [Netty Epoll Server IO #1/DEBUG] [net.minecraftforge.network.HandshakeHandler/FMLHANDSHAKE]: Received acknowledgement from client
[24Dec2025 19:51:37.666] [Netty Epoll Server IO #1/DEBUG] [net.minecraftforge.network.LoginWrapper/FMLHANDSHAKE]: Recieved login wrapper packet event for channel fml:handshake with index 19
[24Dec2025 19:51:37.666] [Netty Epoll Server IO #1/DEBUG] [net.minecraftforge.network.HandshakeHandler/FMLHANDSHAKE]: Received client indexed reply 19 of type net.minecraftforge.network.HandshakeMessages$C2SAcknowledge
[24Dec2025 19:51:37.666] [Netty Epoll Server IO #1/DEBUG] [net.minecraftforge.network.HandshakeHandler/FMLHANDSHAKE]: Received acknowledgement from client
[24Dec2025 19:51:37.666] [Server thread/DEBUG] [net.minecraftforge.network.HandshakeHandler/FMLHANDSHAKE]: Sending ticking packet info 'Config sophisticatedbackpacks-server.toml' to 'fml:handshake' sequence 22
[24Dec2025 19:51:37.717] [Server thread/DEBUG] [net.minecraftforge.network.HandshakeHandler/FMLHANDSHAKE]: Sending ticking packet info 'Config mantle-server.toml' to 'fml:handshake' sequence 23
[24Dec2025 19:51:37.769] [Server thread/DEBUG] [net.minecraftforge.network.HandshakeHandler/FMLHANDSHAKE]: Sending ticking packet info 'Config jei-server.toml' to 'fml:handshake' sequence 24
[24Dec2025 19:51:37.816] [Server thread/DEBUG] [net.minecraftforge.network.HandshakeHandler/FMLHANDSHAKE]: Sending ticking packet info 'Config forge-server.toml' to 'fml:handshake' sequence 25
[24Dec2025 19:51:37.867] [Server thread/DEBUG] [net.minecraftforge.network.HandshakeHandler/FMLHANDSHAKE]: Sending ticking packet info 'org.violetmoon.zeta.network.message.S2CLoginFlag' to 'zeta:main' sequence 26
[24Dec2025 19:51:40.069] [Netty Epoll Server IO #1/DEBUG] [net.minecraftforge.network.LoginWrapper/FMLHANDSHAKE]: Recieved login wrapper packet event for channel fml:handshake with index 20
[24Dec2025 19:51:40.069] [Netty Epoll Server IO #1/DEBUG] [net.minecraftforge.network.HandshakeHandler/FMLHANDSHAKE]: Received client indexed reply 20 of type net.minecraftforge.network.HandshakeMessages$C2SAcknowledge
[24Dec2025 19:51:40.069] [Netty Epoll Server IO #1/DEBUG] [net.minecraftforge.network.HandshakeHandler/FMLHANDSHAKE]: Received acknowledgement from client
[24Dec2025 19:51:40.070] [Netty Epoll Server IO #1/DEBUG] [net.minecraftforge.network.LoginWrapper/FMLHANDSHAKE]: Recieved login wrapper packet event for channel fml:handshake with index 21
[24Dec2025 19:51:40.070] [Netty Epoll Server IO #1/DEBUG] [net.minecraftforge.network.HandshakeHandler/FMLHANDSHAKE]: Received client indexed reply 21 of type net.minecraftforge.network.HandshakeMessages$C2SAcknowledge
[24Dec2025 19:51:40.070] [Netty Epoll Server IO #1/DEBUG] [net.minecraftforge.network.HandshakeHandler/FMLHANDSHAKE]: Received acknowledgement from client
[24Dec2025 19:51:40.072] [Netty Epoll Server IO #1/DEBUG] [net.minecraftforge.network.LoginWrapper/FMLHANDSHAKE]: Recieved login wrapper packet event for channel fml:handshake with index 22
[24Dec2025 19:51:40.072] [Netty Epoll Server IO #1/DEBUG] [net.minecraftforge.network.HandshakeHandler/FMLHANDSHAKE]: Received client indexed reply 22 of type net.minecraftforge.network.HandshakeMessages$C2SAcknowledge
[24Dec2025 19:51:40.072] [Netty Epoll Server IO #1/DEBUG] [net.minecraftforge.network.HandshakeHandler/FMLHANDSHAKE]: Received acknowledgement from client
[24Dec2025 19:51:40.072] [Netty Epoll Server IO #1/DEBUG] [net.minecraftforge.network.LoginWrapper/FMLHANDSHAKE]: Recieved login wrapper packet event for channel fml:handshake with index 23
[24Dec2025 19:51:40.072] [Netty Epoll Server IO #1/DEBUG] [net.minecraftforge.network.HandshakeHandler/FMLHANDSHAKE]: Received client indexed reply 23 of type net.minecraftforge.network.HandshakeMessages$C2SAcknowledge
[24Dec2025 19:51:40.072] [Netty Epoll Server IO #1/DEBUG] [net.minecraftforge.network.HandshakeHandler/FMLHANDSHAKE]: Received acknowledgement from client
[24Dec2025 19:51:40.073] [Netty Epoll Server IO #1/DEBUG] [net.minecraftforge.network.LoginWrapper/FMLHANDSHAKE]: Recieved login wrapper packet event for channel fml:handshake with index 24
[24Dec2025 19:51:40.073] [Netty Epoll Server IO #1/DEBUG] [net.minecraftforge.network.HandshakeHandler/FMLHANDSHAKE]: Received client indexed reply 24 of type net.minecraftforge.network.HandshakeMessages$C2SAcknowledge
[24Dec2025 19:51:40.073] [Netty Epoll Server IO #1/DEBUG] [net.minecraftforge.network.HandshakeHandler/FMLHANDSHAKE]: Received acknowledgement from client
[24Dec2025 19:51:40.073] [Netty Epoll Server IO #1/DEBUG] [net.minecraftforge.network.LoginWrapper/FMLHANDSHAKE]: Recieved login wrapper packet event for channel fml:handshake with index 25
[24Dec2025 19:51:40.073] [Netty Epoll Server IO #1/DEBUG] [net.minecraftforge.network.HandshakeHandler/FMLHANDSHAKE]: Received client indexed reply 25 of type net.minecraftforge.network.HandshakeMessages$C2SAcknowledge
[24Dec2025 19:51:40.073] [Netty Epoll Server IO #1/DEBUG] [net.minecraftforge.network.HandshakeHandler/FMLHANDSHAKE]: Received acknowledgement from client
[24Dec2025 19:51:40.073] [Netty Epoll Server IO #1/DEBUG] [net.minecraftforge.network.LoginWrapper/FMLHANDSHAKE]: Recieved login wrapper packet event for channel zeta:main with index 26
[24Dec2025 19:51:40.073] [Netty Epoll Server IO #1/DEBUG] [net.minecraftforge.network.HandshakeHandler/FMLHANDSHAKE]: Received client indexed reply 26 of type org.violetmoon.zeta.network.message.C2SLoginFlag
[24Dec2025 19:51:40.119] [Server thread/DEBUG] [net.minecraftforge.network.HandshakeHandler/FMLHANDSHAKE]: Handshake complete!
[24Dec2025 19:51:40.183] [Server thread/INFO] [net.minecraft.server.players.PlayerList/]: Brunooyb[/100.74.87.48:53389] logged in with entity id 17585 at (-1165.0955034317496, 112.0, 987.1865627257174)
[24Dec2025 19:51:40.184] [Server thread/DEBUG] [net.minecraftforge.network.filters.NetworkFilters/]: Injected net.minecraftforge.network.filters.ForgeConnectionNetworkFilter@1c656a37 into net.minecraft.network.Connection@20dd79a
[24Dec2025 19:51:40.226] [Server thread/INFO] [net.minecraft.server.MinecraftServer/]: Brunooyb joined the game
[24Dec2025 19:51:40.322] [Server thread/DEBUG] [voicechat/]: [voicechat] Setting default state of Brunooyb: {disabled=false, disconnected=true, uuid=5fb65929-8ae8-3411-89c0-79e402417fc1, name=Brunooyb, group=null}
[24Dec2025 19:51:40.447] [Server thread/INFO] [voicechat/]: [voicechat] Received secret request of Brunooyb (20)
[24Dec2025 19:51:40.448] [Server thread/DEBUG] [voicechat/]: [voicechat] Sending initial states to Brunooyb
[24Dec2025 19:51:40.449] [Server thread/DEBUG] [voicechat/]: [voicechat] Synchronizing 0 groups with Brunooyb
[24Dec2025 19:51:40.449] [Server thread/DEBUG] [voicechat/]: [voicechat] Synchronizing 0 volume categories with Brunooyb
[24Dec2025 19:51:40.449] [Server thread/INFO] [voicechat/]: [voicechat] Sent secret to Brunooyb
[24Dec2025 19:51:45.083] [Server thread/INFO] [do_a_barrel_roll/]: Client of Brunooyb accepted server config.
[24Dec2025 19:51:46.145] [VoiceChatPacketProcessingThread/INFO] [voicechat/]: [voicechat] Successfully authenticated player 5fb65929-8ae8-3411-89c0-79e402417fc1
[24Dec2025 19:51:47.146] [VoiceChatPacketProcessingThread/INFO] [voicechat/]: [voicechat] Successfully validated connection of player 5fb65929-8ae8-3411-89c0-79e402417fc1
[24Dec2025 19:51:47.147] [VoiceChatPacketProcessingThread/DEBUG] [voicechat/]: [voicechat] Set state of Brunooyb to connected: {disabled=false, disconnected=false, uuid=5fb65929-8ae8-3411-89c0-79e402417fc1, name=Brunooyb, group=null}
[24Dec2025 19:51:47.147] [VoiceChatPacketProcessingThread/INFO] [voicechat/]: [voicechat] Player Brunooyb (5fb65929-8ae8-3411-89c0-79e402417fc1) successfully connected to voice chat
[24Dec2025 19:51:47.296] [Server thread/DEBUG] [voicechat/]: [voicechat] Got state of Brunooyb: {disabled=false, disconnected=false, uuid=5fb65929-8ae8-3411-89c0-79e402417fc1, name=Brunooyb, group=null}
[24Dec2025 19:54:11.019] [Server thread/DEBUG] [net.minecraftforge.common.ForgeHooks/WP]: Gathering id map for writing to world save world
[24Dec2025 19:54:11.028] [Server thread/DEBUG] [net.minecraftforge.common.ForgeHooks/WP]: ID Map collection complete world
[24Dec2025 19:54:54.266] [Server thread/INFO] [net.minecraft.server.MinecraftServer/]: gonza0_0 has made the advancement [Diamonds!]
[24Dec2025 19:55:21.368] [Server thread/INFO] [net.minecraft.server.MinecraftServer/]: Brunooyb has made the advancement [Diamonds!]
[24Dec2025 19:55:47.472] [Server thread/INFO] [net.minecraft.server.MinecraftServer/]: Brunooyb has made the advancement [Sound of Music]
[24Dec2025 19:56:39.665] [Server thread/INFO] [net.minecraft.server.network.ServerGamePacketListenerImpl/]: gonza0_0 lost connection: Disconnected
[24Dec2025 19:56:39.665] [Server thread/INFO] [net.minecraft.server.MinecraftServer/]: gonza0_0 left the game
[24Dec2025 19:56:39.666] [Server thread/DEBUG] [voicechat/]: [voicechat] Removing state of gonza0_0
[24Dec2025 19:56:39.666] [Server thread/INFO] [voicechat/]: [voicechat] Disconnecting client gonza0_0
[24Dec2025 19:59:11.003] [Server thread/DEBUG] [net.minecraftforge.common.ForgeHooks/WP]: Gathering id map for writing to world save world
[24Dec2025 19:59:11.012] [Server thread/DEBUG] [net.minecraftforge.common.ForgeHooks/WP]: ID Map collection complete world
[24Dec2025 20:01:49.968] [Server thread/DEBUG] [mixin/]: Mixing boat.VanillaInventoryCodeHooksMixin from securitycraft.mixins.json into net.minecraftforge.items.VanillaInventoryCodeHooks
[24Dec2025 20:01:49.969] [Server thread/DEBUG] [mixin/]: Renaming synthetic method lambda$securitycraft$callGetCapabilityForSecuritySeaBoat$0(Lnet/geforcemods/securitycraft/entity/SecuritySeaBoat;Lnet/minecraftforge/items/IItemHandler;)Lorg/apache/commons/lang3/tuple/Pair; to md935eec$lambda$securitycraft$callGetCapabilityForSecuritySeaBoat$0$0 in securitycraft.mixins.json:boat.VanillaInventoryCodeHooksMixin
[24Dec2025 20:04:11.011] [Server thread/DEBUG] [net.minecraftforge.common.ForgeHooks/WP]: Gathering id map for writing to world save world
[24Dec2025 20:04:11.021] [Server thread/DEBUG] [net.minecraftforge.common.ForgeHooks/WP]: ID Map collection complete world
[24Dec2025 20:09:11.005] [Server thread/DEBUG] [net.minecraftforge.common.ForgeHooks/WP]: Gathering id map for writing to world save world
[24Dec2025 20:09:11.015] [Server thread/DEBUG] [net.minecraftforge.common.ForgeHooks/WP]: ID Map collection complete world
